ISO-10303-21;
HEADER;
/* Generated by software containing ST-Developer
 * from STEP Tools, Inc. (www.steptools.com) 
 */
/* OPTION: using custom renumber hook */

FILE_DESCRIPTION(
/* description */ ('STEP AP242 Edition 2',
'CAx-IF Rec.Pracs.---Representation and Presentation of Product Manufa
cturing Information (PMI)---4.0---2014-10-13',
'CAx-IF Rec.Pracs.---3D Tessellated Geometry---0.4---2014-09-14','2;1',
'CAx-IF Rec.Pracs.---User Defined Attributes---1.5---2016-08-15'),
/* implementation_level */ '2;1');

FILE_NAME(
/* name */ '1st Barrel V1',
/* time_stamp */ '2026-06-24T13:27:12Z',
/* author */ (''),
/* organization */ (''),
/* preprocessor_version */ 'ST-DEVELOPER v20',
/* originating_system */ 'ONSHAPE BY PTC INC, 1.216',
/* authorisation */ '  ');

FILE_SCHEMA (('AP242_MANAGED_MODEL_BASED_3D_ENGINEERING_MIM_LF { 1 0 10303 442 3 1 4 }'));
ENDSEC;

DATA;
#10=SHAPE_REPRESENTATION_RELATIONSHIP('','',#1506,#11);
#11=ADVANCED_BREP_SHAPE_REPRESENTATION('',(#1504),#2691);
#12=SPHERICAL_SURFACE('',#1631,0.00762);
#13=SPHERICAL_SURFACE('',#1638,0.00762);
#14=SPHERICAL_SURFACE('',#1640,0.00762);
#15=SPHERICAL_SURFACE('',#1649,0.00762);
#16=SPHERICAL_SURFACE('',#1655,0.00762);
#17=SPHERICAL_SURFACE('',#1664,0.00762);
#18=SPHERICAL_SURFACE('',#1666,0.00762);
#19=SPHERICAL_SURFACE('',#1675,0.00762);
#20=(
BOUNDED_SURFACE()
B_SPLINE_SURFACE(3,2,((#2516,#2517,#2518),(#2519,#2520,#2521),(#2522,#2523,
#2524),(#2525,#2526,#2527)),.UNSPECIFIED.,.F.,.F.,.F.)
B_SPLINE_SURFACE_WITH_KNOTS((4,4),(3,3),(0.499999999999999,0.674435413529177),
(0.,1.),.PIECEWISE_BEZIER_KNOTS.)
GEOMETRIC_REPRESENTATION_ITEM()
RATIONAL_B_SPLINE_SURFACE(((1.,0.707106781186547,1.),(1.,0.733731709522798,
1.),(1.,0.758818480163907,1.),(1.,0.781659174281009,1.)))
REPRESENTATION_ITEM('')
SURFACE()
);
#21=(
BOUNDED_SURFACE()
B_SPLINE_SURFACE(3,2,((#2536,#2537,#2538),(#2539,#2540,#2541),(#2542,#2543,
#2544),(#2545,#2546,#2547),(#2548,#2549,#2550)),.UNSPECIFIED.,.F.,.F.,.F.)
B_SPLINE_SURFACE_WITH_KNOTS((4,1,4),(3,3),(4.71238898038469,5.09239874521352,
5.47240851004235),(0.,1.),.UNSPECIFIED.)
GEOMETRIC_REPRESENTATION_ITEM()
RATIONAL_B_SPLINE_SURFACE(((1.,1.,1.),(1.,0.999999999999832,1.),(1.,0.959868629334875,
1.),(1.,0.847982872996396,1.),(1.,0.781659174281011,1.)))
REPRESENTATION_ITEM('')
SURFACE()
);
#22=(
BOUNDED_SURFACE()
B_SPLINE_SURFACE(3,2,((#2564,#2565,#2566),(#2567,#2568,#2569),(#2570,#2571,
#2572),(#2573,#2574,#2575)),.UNSPECIFIED.,.F.,.F.,.F.)
B_SPLINE_SURFACE_WITH_KNOTS((4,4),(3,3),(0.325564586470827,0.500000000000006),
(0.,1.),.PIECEWISE_BEZIER_KNOTS.)
GEOMETRIC_REPRESENTATION_ITEM()
RATIONAL_B_SPLINE_SURFACE(((1.,0.78165917428101,1.),(1.,0.758818480163366,
1.),(1.,0.733731709522593,1.),(1.,0.707106781186549,1.)))
REPRESENTATION_ITEM('')
SURFACE()
);
#23=(
BOUNDED_SURFACE()
B_SPLINE_SURFACE(3,2,((#2579,#2580,#2581),(#2582,#2583,#2584),(#2585,#2586,
#2587),(#2588,#2589,#2590),(#2591,#2592,#2593)),.UNSPECIFIED.,.F.,.F.,.F.)
B_SPLINE_SURFACE_WITH_KNOTS((4,1,4),(3,3),(7.09396210431683,7.47397186914565,
7.85398163397448),(0.,1.),.UNSPECIFIED.)
GEOMETRIC_REPRESENTATION_ITEM()
RATIONAL_B_SPLINE_SURFACE(((1.,0.781659174281009,1.),(1.,0.84798287299748,
1.),(1.,0.959868629334331,1.),(1.,0.999999999999832,1.),(1.,1.,1.)))
REPRESENTATION_ITEM('')
SURFACE()
);
#24=(
BOUNDED_SURFACE()
B_SPLINE_SURFACE(3,2,((#2603,#2604,#2605),(#2606,#2607,#2608),(#2609,#2610,
#2611),(#2612,#2613,#2614)),.UNSPECIFIED.,.F.,.F.,.F.)
B_SPLINE_SURFACE_WITH_KNOTS((4,4),(3,3),(0.325564586470826,0.500000000000002),
(0.,1.),.PIECEWISE_BEZIER_KNOTS.)
GEOMETRIC_REPRESENTATION_ITEM()
RATIONAL_B_SPLINE_SURFACE(((1.,0.781659174281009,1.),(1.,0.758818480162911,
1.),(1.,0.733731709522545,1.),(1.,0.707106781186548,1.)))
REPRESENTATION_ITEM('')
SURFACE()
);
#25=(
BOUNDED_SURFACE()
B_SPLINE_SURFACE(3,2,((#2618,#2619,#2620),(#2621,#2622,#2623),(#2624,#2625,
#2626),(#2627,#2628,#2629),(#2630,#2631,#2632)),.UNSPECIFIED.,.F.,.F.,.F.)
B_SPLINE_SURFACE_WITH_KNOTS((4,1,4),(3,3),(1.5707963267949,1.95080609162373,
2.33081585645256),(0.,1.),.UNSPECIFIED.)
GEOMETRIC_REPRESENTATION_ITEM()
RATIONAL_B_SPLINE_SURFACE(((1.,1.,1.),(1.,0.999999999999832,1.),(1.,0.959868629334747,
1.),(1.,0.847982872996652,1.),(1.,0.781659174281009,1.)))
REPRESENTATION_ITEM('')
SURFACE()
);
#26=(
BOUNDED_SURFACE()
B_SPLINE_SURFACE(3,2,((#2646,#2647,#2648),(#2649,#2650,#2651),(#2652,#2653,
#2654),(#2655,#2656,#2657),(#2658,#2659,#2660)),.UNSPECIFIED.,.F.,.F.,.F.)
B_SPLINE_SURFACE_WITH_KNOTS((4,1,4),(3,3),(1.5707963267949,1.95080609162372,
2.33081585645255),(0.,1.),.UNSPECIFIED.)
GEOMETRIC_REPRESENTATION_ITEM()
RATIONAL_B_SPLINE_SURFACE(((1.,1.,1.),(1.,0.999999999999832,1.),(1.,0.959868629335354,
1.),(1.,0.847982872995435,1.),(1.,0.781659174281009,1.)))
REPRESENTATION_ITEM('')
SURFACE()
);
#27=(
BOUNDED_SURFACE()
B_SPLINE_SURFACE(3,2,((#2664,#2665,#2666),(#2667,#2668,#2669),(#2670,#2671,
#2672),(#2673,#2674,#2675)),.UNSPECIFIED.,.F.,.F.,.F.)
B_SPLINE_SURFACE_WITH_KNOTS((4,4),(3,3),(0.325564586470815,0.5),(0.,1.),
 .PIECEWISE_BEZIER_KNOTS.)
GEOMETRIC_REPRESENTATION_ITEM()
RATIONAL_B_SPLINE_SURFACE(((1.,0.78165917428101,1.),(1.,0.75881848016316,
1.),(1.,0.733731709522473,1.),(1.,0.707106781186546,1.)))
REPRESENTATION_ITEM('')
SURFACE()
);
#28=TOROIDAL_SURFACE('',#1566,0.024405,0.001905);
#29=ELLIPSE('',#1536,0.0047940936249116,0.00254);
#30=ELLIPSE('',#1537,0.0047940936249116,0.00254);
#31=ELLIPSE('',#1540,0.0047940936249116,0.00254);
#32=ELLIPSE('',#1541,0.0047940936249116,0.00254);
#33=ELLIPSE('',#1544,0.00857020916547412,0.00762);
#34=ELLIPSE('',#1545,0.00857020916547412,0.00762);
#35=ELLIPSE('',#1546,0.00857020916547412,0.00762);
#36=ELLIPSE('',#1547,0.00857020916547412,0.00762);
#37=ELLIPSE('',#1548,0.00857020916547412,0.00762);
#38=ELLIPSE('',#1549,0.00857020916547412,0.00762);
#39=ELLIPSE('',#1550,0.00857020916547412,0.00762);
#40=ELLIPSE('',#1551,0.00857020916547412,0.00762);
#41=ELLIPSE('',#1626,0.00863690533029152,0.00762);
#42=ELLIPSE('',#1629,0.00934749638466991,0.00762);
#43=ELLIPSE('',#1633,0.00934749638466991,0.00762);
#44=ELLIPSE('',#1643,0.00863690533029151,0.00762);
#45=ELLIPSE('',#1644,0.00934749638466991,0.00762);
#46=ELLIPSE('',#1648,0.00934749638466991,0.00762);
#47=ELLIPSE('',#1654,0.0093474963846699,0.00762);
#48=ELLIPSE('',#1658,0.00863690533029151,0.00762);
#49=ELLIPSE('',#1659,0.0093474963846699,0.00762);
#50=ELLIPSE('',#1669,0.00934749638466991,0.00762);
#51=ELLIPSE('',#1673,0.00934749638466991,0.00762);
#52=ELLIPSE('',#1674,0.00863690533029152,0.00762);
#53=CYLINDRICAL_SURFACE('',#1524,0.0225);
#54=CYLINDRICAL_SURFACE('',#1567,0.00508);
#55=CYLINDRICAL_SURFACE('',#1569,0.00508);
#56=CYLINDRICAL_SURFACE('',#1571,0.00508);
#57=CYLINDRICAL_SURFACE('',#1573,0.00508);
#58=CYLINDRICAL_SURFACE('',#1575,0.003);
#59=CYLINDRICAL_SURFACE('',#1578,0.003);
#60=CYLINDRICAL_SURFACE('',#1581,0.003);
#61=CYLINDRICAL_SURFACE('',#1584,0.003);
#62=CYLINDRICAL_SURFACE('',#1587,0.0177);
#63=CYLINDRICAL_SURFACE('',#1610,0.00762);
#64=CYLINDRICAL_SURFACE('',#1612,0.00762);
#65=CYLINDRICAL_SURFACE('',#1614,0.00762);
#66=CYLINDRICAL_SURFACE('',#1616,0.00762);
#67=CYLINDRICAL_SURFACE('',#1618,0.00762);
#68=CYLINDRICAL_SURFACE('',#1620,0.00762);
#69=CYLINDRICAL_SURFACE('',#1622,0.00762);
#70=CYLINDRICAL_SURFACE('',#1624,0.00762);
#71=CYLINDRICAL_SURFACE('',#1628,0.00762);
#72=CYLINDRICAL_SURFACE('',#1634,0.00762);
#73=CYLINDRICAL_SURFACE('',#1636,0.00762);
#74=CYLINDRICAL_SURFACE('',#1642,0.00762);
#75=CYLINDRICAL_SURFACE('',#1646,0.00762);
#76=CYLINDRICAL_SURFACE('',#1651,0.00762);
#77=CYLINDRICAL_SURFACE('',#1653,0.00762);
#78=CYLINDRICAL_SURFACE('',#1660,0.00762);
#79=CYLINDRICAL_SURFACE('',#1662,0.00762);
#80=CYLINDRICAL_SURFACE('',#1668,0.00762);
#81=CYLINDRICAL_SURFACE('',#1670,0.00762);
#82=CYLINDRICAL_SURFACE('',#1677,0.00762);
#83=CYLINDRICAL_SURFACE('',#1678,0.0025);
#84=CYLINDRICAL_SURFACE('',#1681,0.0025);
#85=LINE('',#2162,#199);
#86=LINE('',#2167,#200);
#87=LINE('',#2171,#201);
#88=LINE('',#2173,#202);
#89=LINE('',#2175,#203);
#90=LINE('',#2177,#204);
#91=LINE('',#2179,#205);
#92=LINE('',#2193,#206);
#93=LINE('',#2198,#207);
#94=LINE('',#2202,#208);
#95=LINE('',#2206,#209);
#96=LINE('',#2215,#210);
#97=LINE('',#2219,#211);
#98=LINE('',#2223,#212);
#99=LINE('',#2224,#213);
#100=LINE('',#2228,#214);
#101=LINE('',#2229,#215);
#102=LINE('',#2233,#216);
#103=LINE('',#2237,#217);
#104=LINE('',#2241,#218);
#105=LINE('',#2245,#219);
#106=LINE('',#2249,#220);
#107=LINE('',#2251,#221);
#108=LINE('',#2253,#222);
#109=LINE('',#2255,#223);
#110=LINE('',#2257,#224);
#111=LINE('',#2259,#225);
#112=LINE('',#2263,#226);
#113=LINE('',#2265,#227);
#114=LINE('',#2267,#228);
#115=LINE('',#2271,#229);
#116=LINE('',#2273,#230);
#117=LINE('',#2275,#231);
#118=LINE('',#2277,#232);
#119=LINE('',#2279,#233);
#120=LINE('',#2281,#234);
#121=LINE('',#2283,#235);
#122=LINE('',#2287,#236);
#123=LINE('',#2289,#237);
#124=LINE('',#2291,#238);
#125=LINE('',#2295,#239);
#126=LINE('',#2299,#240);
#127=LINE('',#2304,#241);
#128=LINE('',#2308,#242);
#129=LINE('',#2312,#243);
#130=LINE('',#2316,#244);
#131=LINE('',#2320,#245);
#132=LINE('',#2324,#246);
#133=LINE('',#2328,#247);
#134=LINE('',#2332,#248);
#135=LINE('',#2334,#249);
#136=LINE('',#2336,#250);
#137=LINE('',#2338,#251);
#138=LINE('',#2340,#252);
#139=LINE('',#2342,#253);
#140=LINE('',#2344,#254);
#141=LINE('',#2346,#255);
#142=LINE('',#2348,#256);
#143=LINE('',#2351,#257);
#144=LINE('',#2353,#258);
#145=LINE('',#2355,#259);
#146=LINE('',#2357,#260);
#147=LINE('',#2359,#261);
#148=LINE('',#2361,#262);
#149=LINE('',#2363,#263);
#150=LINE('',#2365,#264);
#151=LINE('',#2367,#265);
#152=LINE('',#2369,#266);
#153=LINE('',#2371,#267);
#154=LINE('',#2373,#268);
#155=LINE('',#2375,#269);
#156=LINE('',#2378,#270);
#157=LINE('',#2380,#271);
#158=LINE('',#2381,#272);
#159=LINE('',#2383,#273);
#160=LINE('',#2386,#274);
#161=LINE('',#2388,#275);
#162=LINE('',#2389,#276);
#163=LINE('',#2391,#277);
#164=LINE('',#2394,#278);
#165=LINE('',#2396,#279);
#166=LINE('',#2397,#280);
#167=LINE('',#2399,#281);
#168=LINE('',#2401,#282);
#169=LINE('',#2403,#283);
#170=LINE('',#2405,#284);
#171=LINE('',#2435,#285);
#172=LINE('',#2439,#286);
#173=LINE('',#2440,#287);
#174=LINE('',#2444,#288);
#175=LINE('',#2448,#289);
#176=LINE('',#2452,#290);
#177=LINE('',#2456,#291);
#178=LINE('',#2460,#292);
#179=LINE('',#2462,#293);
#180=LINE('',#2463,#294);
#181=LINE('',#2466,#295);
#182=LINE('',#2468,#296);
#183=LINE('',#2470,#297);
#184=LINE('',#2472,#298);
#185=LINE('',#2474,#299);
#186=LINE('',#2476,#300);
#187=LINE('',#2478,#301);
#188=LINE('',#2480,#302);
#189=LINE('',#2483,#303);
#190=LINE('',#2485,#304);
#191=LINE('',#2487,#305);
#192=LINE('',#2489,#306);
#193=LINE('',#2491,#307);
#194=LINE('',#2492,#308);
#195=LINE('',#2494,#309);
#196=LINE('',#2496,#310);
#197=LINE('',#2498,#311);
#198=LINE('',#2499,#312);
#199=VECTOR('',#1692,1.);
#200=VECTOR('',#1695,1.);
#201=VECTOR('',#1698,1.);
#202=VECTOR('',#1699,1.);
#203=VECTOR('',#1700,1.);
#204=VECTOR('',#1701,1.);
#205=VECTOR('',#1702,1.);
#206=VECTOR('',#1717,1.);
#207=VECTOR('',#1720,1.);
#208=VECTOR('',#1723,1.);
#209=VECTOR('',#1726,1.);
#210=VECTOR('',#1735,1.);
#211=VECTOR('',#1738,1.);
#212=VECTOR('',#1741,1.);
#213=VECTOR('',#1742,1.);
#214=VECTOR('',#1745,1.);
#215=VECTOR('',#1746,1.);
#216=VECTOR('',#1749,1.);
#217=VECTOR('',#1752,1.);
#218=VECTOR('',#1755,1.);
#219=VECTOR('',#1758,1.);
#220=VECTOR('',#1763,1.);
#221=VECTOR('',#1764,1.);
#222=VECTOR('',#1765,1.);
#223=VECTOR('',#1766,1.);
#224=VECTOR('',#1767,1.);
#225=VECTOR('',#1770,1.);
#226=VECTOR('',#1773,1.);
#227=VECTOR('',#1774,1.);
#228=VECTOR('',#1775,1.);
#229=VECTOR('',#1778,1.);
#230=VECTOR('',#1781,1.);
#231=VECTOR('',#1782,1.);
#232=VECTOR('',#1783,1.);
#233=VECTOR('',#1784,1.);
#234=VECTOR('',#1785,1.);
#235=VECTOR('',#1788,1.);
#236=VECTOR('',#1791,1.);
#237=VECTOR('',#1792,1.);
#238=VECTOR('',#1793,1.);
#239=VECTOR('',#1796,1.);
#240=VECTOR('',#1801,1.);
#241=VECTOR('',#1804,1.);
#242=VECTOR('',#1807,1.);
#243=VECTOR('',#1810,1.);
#244=VECTOR('',#1813,1.);
#245=VECTOR('',#1816,1.);
#246=VECTOR('',#1819,1.);
#247=VECTOR('',#1822,1.);
#248=VECTOR('',#1827,1.);
#249=VECTOR('',#1828,1.);
#250=VECTOR('',#1831,1.);
#251=VECTOR('',#1832,1.);
#252=VECTOR('',#1835,1.);
#253=VECTOR('',#1836,1.);
#254=VECTOR('',#1839,1.);
#255=VECTOR('',#1840,1.);
#256=VECTOR('',#1843,1.);
#257=VECTOR('',#1848,1.);
#258=VECTOR('',#1849,1.);
#259=VECTOR('',#1850,1.);
#260=VECTOR('',#1853,1.);
#261=VECTOR('',#1854,1.);
#262=VECTOR('',#1855,1.);
#263=VECTOR('',#1858,1.);
#264=VECTOR('',#1859,1.);
#265=VECTOR('',#1860,1.);
#266=VECTOR('',#1863,1.);
#267=VECTOR('',#1864,1.);
#268=VECTOR('',#1865,1.);
#269=VECTOR('',#1868,1.);
#270=VECTOR('',#1869,1.);
#271=VECTOR('',#1870,1.);
#272=VECTOR('',#1871,1.);
#273=VECTOR('',#1874,1.);
#274=VECTOR('',#1875,1.);
#275=VECTOR('',#1876,1.);
#276=VECTOR('',#1877,1.);
#277=VECTOR('',#1880,1.);
#278=VECTOR('',#1881,1.);
#279=VECTOR('',#1882,1.);
#280=VECTOR('',#1883,1.);
#281=VECTOR('',#1886,1.);
#282=VECTOR('',#1887,1.);
#283=VECTOR('',#1888,1.);
#284=VECTOR('',#1889,1.);
#285=VECTOR('',#1936,1.);
#286=VECTOR('',#1939,1.);
#287=VECTOR('',#1940,1.);
#288=VECTOR('',#1943,1.);
#289=VECTOR('',#1946,1.);
#290=VECTOR('',#1949,1.);
#291=VECTOR('',#1952,1.);
#292=VECTOR('',#1955,1.);
#293=VECTOR('',#1958,1.);
#294=VECTOR('',#1959,1.);
#295=VECTOR('',#1964,1.);
#296=VECTOR('',#1967,1.);
#297=VECTOR('',#1970,1.);
#298=VECTOR('',#1973,1.);
#299=VECTOR('',#1976,1.);
#300=VECTOR('',#1979,1.);
#301=VECTOR('',#1982,1.);
#302=VECTOR('',#1985,1.);
#303=VECTOR('',#1990,1.);
#304=VECTOR('',#1991,1.);
#305=VECTOR('',#1992,1.);
#306=VECTOR('',#1995,1.);
#307=VECTOR('',#1996,1.);
#308=VECTOR('',#1997,1.);
#309=VECTOR('',#2000,1.);
#310=VECTOR('',#2001,1.);
#311=VECTOR('',#2004,1.);
#312=VECTOR('',#2005,1.);
#313=ORIENTED_EDGE('',*,*,#727,.T.);
#314=ORIENTED_EDGE('',*,*,#728,.F.);
#315=ORIENTED_EDGE('',*,*,#729,.F.);
#316=ORIENTED_EDGE('',*,*,#730,.T.);
#317=ORIENTED_EDGE('',*,*,#731,.T.);
#318=ORIENTED_EDGE('',*,*,#732,.F.);
#319=ORIENTED_EDGE('',*,*,#733,.F.);
#320=ORIENTED_EDGE('',*,*,#734,.T.);
#321=ORIENTED_EDGE('',*,*,#735,.T.);
#322=ORIENTED_EDGE('',*,*,#736,.F.);
#323=ORIENTED_EDGE('',*,*,#737,.T.);
#324=ORIENTED_EDGE('',*,*,#738,.F.);
#325=ORIENTED_EDGE('',*,*,#739,.T.);
#326=ORIENTED_EDGE('',*,*,#740,.T.);
#327=ORIENTED_EDGE('',*,*,#741,.F.);
#328=ORIENTED_EDGE('',*,*,#742,.F.);
#329=ORIENTED_EDGE('',*,*,#743,.T.);
#330=ORIENTED_EDGE('',*,*,#744,.T.);
#331=ORIENTED_EDGE('',*,*,#745,.F.);
#332=ORIENTED_EDGE('',*,*,#746,.T.);
#333=ORIENTED_EDGE('',*,*,#747,.F.);
#334=ORIENTED_EDGE('',*,*,#748,.T.);
#335=ORIENTED_EDGE('',*,*,#749,.T.);
#336=ORIENTED_EDGE('',*,*,#750,.T.);
#337=ORIENTED_EDGE('',*,*,#751,.T.);
#338=ORIENTED_EDGE('',*,*,#752,.T.);
#339=ORIENTED_EDGE('',*,*,#753,.T.);
#340=ORIENTED_EDGE('',*,*,#754,.F.);
#341=ORIENTED_EDGE('',*,*,#755,.T.);
#342=ORIENTED_EDGE('',*,*,#756,.F.);
#343=ORIENTED_EDGE('',*,*,#757,.T.);
#344=ORIENTED_EDGE('',*,*,#737,.F.);
#345=ORIENTED_EDGE('',*,*,#758,.F.);
#346=ORIENTED_EDGE('',*,*,#759,.F.);
#347=ORIENTED_EDGE('',*,*,#760,.F.);
#348=ORIENTED_EDGE('',*,*,#731,.F.);
#349=ORIENTED_EDGE('',*,*,#761,.F.);
#350=ORIENTED_EDGE('',*,*,#762,.F.);
#351=ORIENTED_EDGE('',*,*,#763,.T.);
#352=ORIENTED_EDGE('',*,*,#764,.T.);
#353=ORIENTED_EDGE('',*,*,#765,.T.);
#354=ORIENTED_EDGE('',*,*,#766,.T.);
#355=ORIENTED_EDGE('',*,*,#767,.T.);
#356=ORIENTED_EDGE('',*,*,#768,.T.);
#357=ORIENTED_EDGE('',*,*,#769,.T.);
#358=ORIENTED_EDGE('',*,*,#770,.T.);
#359=ORIENTED_EDGE('',*,*,#771,.T.);
#360=ORIENTED_EDGE('',*,*,#772,.T.);
#361=ORIENTED_EDGE('',*,*,#773,.T.);
#362=ORIENTED_EDGE('',*,*,#774,.T.);
#363=ORIENTED_EDGE('',*,*,#775,.T.);
#364=ORIENTED_EDGE('',*,*,#749,.F.);
#365=ORIENTED_EDGE('',*,*,#776,.T.);
#366=ORIENTED_EDGE('',*,*,#777,.T.);
#367=ORIENTED_EDGE('',*,*,#778,.T.);
#368=ORIENTED_EDGE('',*,*,#779,.T.);
#369=ORIENTED_EDGE('',*,*,#780,.T.);
#370=ORIENTED_EDGE('',*,*,#781,.T.);
#371=ORIENTED_EDGE('',*,*,#782,.T.);
#372=ORIENTED_EDGE('',*,*,#747,.T.);
#373=ORIENTED_EDGE('',*,*,#783,.T.);
#374=ORIENTED_EDGE('',*,*,#784,.T.);
#375=ORIENTED_EDGE('',*,*,#785,.T.);
#376=ORIENTED_EDGE('',*,*,#786,.T.);
#377=ORIENTED_EDGE('',*,*,#787,.T.);
#378=ORIENTED_EDGE('',*,*,#745,.T.);
#379=ORIENTED_EDGE('',*,*,#788,.T.);
#380=ORIENTED_EDGE('',*,*,#789,.T.);
#381=ORIENTED_EDGE('',*,*,#790,.T.);
#382=ORIENTED_EDGE('',*,*,#791,.T.);
#383=ORIENTED_EDGE('',*,*,#792,.T.);
#384=ORIENTED_EDGE('',*,*,#793,.T.);
#385=ORIENTED_EDGE('',*,*,#794,.T.);
#386=ORIENTED_EDGE('',*,*,#743,.F.);
#387=ORIENTED_EDGE('',*,*,#795,.T.);
#388=ORIENTED_EDGE('',*,*,#796,.T.);
#389=ORIENTED_EDGE('',*,*,#797,.T.);
#390=ORIENTED_EDGE('',*,*,#798,.T.);
#391=ORIENTED_EDGE('',*,*,#799,.T.);
#392=ORIENTED_EDGE('',*,*,#800,.T.);
#393=ORIENTED_EDGE('',*,*,#801,.T.);
#394=ORIENTED_EDGE('',*,*,#802,.T.);
#395=ORIENTED_EDGE('',*,*,#803,.T.);
#396=ORIENTED_EDGE('',*,*,#804,.T.);
#397=ORIENTED_EDGE('',*,*,#805,.T.);
#398=ORIENTED_EDGE('',*,*,#806,.T.);
#399=ORIENTED_EDGE('',*,*,#807,.T.);
#400=ORIENTED_EDGE('',*,*,#808,.T.);
#401=ORIENTED_EDGE('',*,*,#809,.T.);
#402=ORIENTED_EDGE('',*,*,#810,.T.);
#403=ORIENTED_EDGE('',*,*,#811,.T.);
#404=ORIENTED_EDGE('',*,*,#732,.T.);
#405=ORIENTED_EDGE('',*,*,#760,.T.);
#406=ORIENTED_EDGE('',*,*,#812,.F.);
#407=ORIENTED_EDGE('',*,*,#813,.T.);
#408=ORIENTED_EDGE('',*,*,#814,.F.);
#409=ORIENTED_EDGE('',*,*,#758,.T.);
#410=ORIENTED_EDGE('',*,*,#736,.T.);
#411=ORIENTED_EDGE('',*,*,#815,.F.);
#412=ORIENTED_EDGE('',*,*,#733,.T.);
#413=ORIENTED_EDGE('',*,*,#813,.F.);
#414=ORIENTED_EDGE('',*,*,#816,.F.);
#415=ORIENTED_EDGE('',*,*,#817,.T.);
#416=ORIENTED_EDGE('',*,*,#734,.F.);
#417=ORIENTED_EDGE('',*,*,#817,.F.);
#418=ORIENTED_EDGE('',*,*,#818,.T.);
#419=ORIENTED_EDGE('',*,*,#819,.T.);
#420=ORIENTED_EDGE('',*,*,#735,.F.);
#421=ORIENTED_EDGE('',*,*,#819,.F.);
#422=ORIENTED_EDGE('',*,*,#820,.T.);
#423=ORIENTED_EDGE('',*,*,#815,.T.);
#424=ORIENTED_EDGE('',*,*,#812,.T.);
#425=ORIENTED_EDGE('',*,*,#759,.T.);
#426=ORIENTED_EDGE('',*,*,#814,.T.);
#427=ORIENTED_EDGE('',*,*,#820,.F.);
#428=ORIENTED_EDGE('',*,*,#818,.F.);
#429=ORIENTED_EDGE('',*,*,#816,.T.);
#430=ORIENTED_EDGE('',*,*,#821,.T.);
#431=ORIENTED_EDGE('',*,*,#822,.T.);
#432=ORIENTED_EDGE('',*,*,#823,.T.);
#433=ORIENTED_EDGE('',*,*,#800,.F.);
#434=ORIENTED_EDGE('',*,*,#824,.T.);
#435=ORIENTED_EDGE('',*,*,#825,.T.);
#436=ORIENTED_EDGE('',*,*,#826,.T.);
#437=ORIENTED_EDGE('',*,*,#796,.F.);
#438=ORIENTED_EDGE('',*,*,#827,.T.);
#439=ORIENTED_EDGE('',*,*,#828,.T.);
#440=ORIENTED_EDGE('',*,*,#829,.T.);
#441=ORIENTED_EDGE('',*,*,#804,.F.);
#442=ORIENTED_EDGE('',*,*,#830,.T.);
#443=ORIENTED_EDGE('',*,*,#831,.T.);
#444=ORIENTED_EDGE('',*,*,#832,.T.);
#445=ORIENTED_EDGE('',*,*,#808,.F.);
#446=ORIENTED_EDGE('',*,*,#833,.T.);
#447=ORIENTED_EDGE('',*,*,#834,.T.);
#448=ORIENTED_EDGE('',*,*,#835,.T.);
#449=ORIENTED_EDGE('',*,*,#806,.F.);
#450=ORIENTED_EDGE('',*,*,#836,.T.);
#451=ORIENTED_EDGE('',*,*,#837,.T.);
#452=ORIENTED_EDGE('',*,*,#838,.T.);
#453=ORIENTED_EDGE('',*,*,#839,.T.);
#454=ORIENTED_EDGE('',*,*,#802,.F.);
#455=ORIENTED_EDGE('',*,*,#840,.T.);
#456=ORIENTED_EDGE('',*,*,#841,.T.);
#457=ORIENTED_EDGE('',*,*,#842,.T.);
#458=ORIENTED_EDGE('',*,*,#843,.T.);
#459=ORIENTED_EDGE('',*,*,#810,.F.);
#460=ORIENTED_EDGE('',*,*,#844,.T.);
#461=ORIENTED_EDGE('',*,*,#845,.T.);
#462=ORIENTED_EDGE('',*,*,#846,.T.);
#463=ORIENTED_EDGE('',*,*,#847,.T.);
#464=ORIENTED_EDGE('',*,*,#848,.T.);
#465=ORIENTED_EDGE('',*,*,#798,.F.);
#466=ORIENTED_EDGE('',*,*,#795,.F.);
#467=ORIENTED_EDGE('',*,*,#770,.F.);
#468=ORIENTED_EDGE('',*,*,#794,.F.);
#469=ORIENTED_EDGE('',*,*,#849,.T.);
#470=ORIENTED_EDGE('',*,*,#783,.F.);
#471=ORIENTED_EDGE('',*,*,#744,.F.);
#472=ORIENTED_EDGE('',*,*,#787,.F.);
#473=ORIENTED_EDGE('',*,*,#850,.T.);
#474=ORIENTED_EDGE('',*,*,#776,.F.);
#475=ORIENTED_EDGE('',*,*,#746,.F.);
#476=ORIENTED_EDGE('',*,*,#782,.F.);
#477=ORIENTED_EDGE('',*,*,#851,.T.);
#478=ORIENTED_EDGE('',*,*,#771,.F.);
#479=ORIENTED_EDGE('',*,*,#748,.F.);
#480=ORIENTED_EDGE('',*,*,#775,.F.);
#481=ORIENTED_EDGE('',*,*,#852,.T.);
#482=ORIENTED_EDGE('',*,*,#788,.F.);
#483=ORIENTED_EDGE('',*,*,#750,.F.);
#484=ORIENTED_EDGE('',*,*,#853,.F.);
#485=ORIENTED_EDGE('',*,*,#742,.T.);
#486=ORIENTED_EDGE('',*,*,#853,.T.);
#487=ORIENTED_EDGE('',*,*,#854,.F.);
#488=ORIENTED_EDGE('',*,*,#741,.T.);
#489=ORIENTED_EDGE('',*,*,#854,.T.);
#490=ORIENTED_EDGE('',*,*,#855,.T.);
#491=ORIENTED_EDGE('',*,*,#740,.F.);
#492=ORIENTED_EDGE('',*,*,#855,.F.);
#493=ORIENTED_EDGE('',*,*,#856,.T.);
#494=ORIENTED_EDGE('',*,*,#751,.F.);
#495=ORIENTED_EDGE('',*,*,#856,.F.);
#496=ORIENTED_EDGE('',*,*,#857,.T.);
#497=ORIENTED_EDGE('',*,*,#858,.T.);
#498=ORIENTED_EDGE('',*,*,#859,.F.);
#499=ORIENTED_EDGE('',*,*,#860,.F.);
#500=ORIENTED_EDGE('',*,*,#729,.T.);
#501=ORIENTED_EDGE('',*,*,#861,.T.);
#502=ORIENTED_EDGE('',*,*,#862,.F.);
#503=ORIENTED_EDGE('',*,*,#863,.T.);
#504=ORIENTED_EDGE('',*,*,#864,.T.);
#505=ORIENTED_EDGE('',*,*,#865,.T.);
#506=ORIENTED_EDGE('',*,*,#866,.T.);
#507=ORIENTED_EDGE('',*,*,#867,.T.);
#508=ORIENTED_EDGE('',*,*,#868,.T.);
#509=ORIENTED_EDGE('',*,*,#869,.T.);
#510=ORIENTED_EDGE('',*,*,#870,.F.);
#511=ORIENTED_EDGE('',*,*,#871,.F.);
#512=ORIENTED_EDGE('',*,*,#739,.F.);
#513=ORIENTED_EDGE('',*,*,#756,.T.);
#514=ORIENTED_EDGE('',*,*,#872,.T.);
#515=ORIENTED_EDGE('',*,*,#862,.T.);
#516=ORIENTED_EDGE('',*,*,#873,.F.);
#517=ORIENTED_EDGE('',*,*,#873,.T.);
#518=ORIENTED_EDGE('',*,*,#861,.F.);
#519=ORIENTED_EDGE('',*,*,#728,.T.);
#520=ORIENTED_EDGE('',*,*,#757,.F.);
#521=ORIENTED_EDGE('',*,*,#761,.T.);
#522=ORIENTED_EDGE('',*,*,#730,.F.);
#523=ORIENTED_EDGE('',*,*,#871,.T.);
#524=ORIENTED_EDGE('',*,*,#874,.F.);
#525=ORIENTED_EDGE('',*,*,#762,.T.);
#526=ORIENTED_EDGE('',*,*,#874,.T.);
#527=ORIENTED_EDGE('',*,*,#870,.T.);
#528=ORIENTED_EDGE('',*,*,#875,.F.);
#529=ORIENTED_EDGE('',*,*,#875,.T.);
#530=ORIENTED_EDGE('',*,*,#869,.F.);
#531=ORIENTED_EDGE('',*,*,#876,.F.);
#532=ORIENTED_EDGE('',*,*,#763,.F.);
#533=ORIENTED_EDGE('',*,*,#876,.T.);
#534=ORIENTED_EDGE('',*,*,#868,.F.);
#535=ORIENTED_EDGE('',*,*,#877,.F.);
#536=ORIENTED_EDGE('',*,*,#764,.F.);
#537=ORIENTED_EDGE('',*,*,#877,.T.);
#538=ORIENTED_EDGE('',*,*,#867,.F.);
#539=ORIENTED_EDGE('',*,*,#878,.F.);
#540=ORIENTED_EDGE('',*,*,#765,.F.);
#541=ORIENTED_EDGE('',*,*,#878,.T.);
#542=ORIENTED_EDGE('',*,*,#866,.F.);
#543=ORIENTED_EDGE('',*,*,#879,.F.);
#544=ORIENTED_EDGE('',*,*,#766,.F.);
#545=ORIENTED_EDGE('',*,*,#879,.T.);
#546=ORIENTED_EDGE('',*,*,#865,.F.);
#547=ORIENTED_EDGE('',*,*,#880,.F.);
#548=ORIENTED_EDGE('',*,*,#767,.F.);
#549=ORIENTED_EDGE('',*,*,#880,.T.);
#550=ORIENTED_EDGE('',*,*,#864,.F.);
#551=ORIENTED_EDGE('',*,*,#881,.F.);
#552=ORIENTED_EDGE('',*,*,#768,.F.);
#553=ORIENTED_EDGE('',*,*,#881,.T.);
#554=ORIENTED_EDGE('',*,*,#863,.F.);
#555=ORIENTED_EDGE('',*,*,#872,.F.);
#556=ORIENTED_EDGE('',*,*,#769,.F.);
#557=ORIENTED_EDGE('',*,*,#882,.F.);
#558=ORIENTED_EDGE('',*,*,#883,.T.);
#559=ORIENTED_EDGE('',*,*,#884,.T.);
#560=ORIENTED_EDGE('',*,*,#858,.F.);
#561=ORIENTED_EDGE('',*,*,#754,.T.);
#562=ORIENTED_EDGE('',*,*,#885,.T.);
#563=ORIENTED_EDGE('',*,*,#886,.T.);
#564=ORIENTED_EDGE('',*,*,#859,.T.);
#565=ORIENTED_EDGE('',*,*,#884,.F.);
#566=ORIENTED_EDGE('',*,*,#887,.T.);
#567=ORIENTED_EDGE('',*,*,#886,.F.);
#568=ORIENTED_EDGE('',*,*,#888,.T.);
#569=ORIENTED_EDGE('',*,*,#889,.T.);
#570=ORIENTED_EDGE('',*,*,#860,.T.);
#571=ORIENTED_EDGE('',*,*,#752,.F.);
#572=ORIENTED_EDGE('',*,*,#890,.T.);
#573=ORIENTED_EDGE('',*,*,#882,.T.);
#574=ORIENTED_EDGE('',*,*,#857,.F.);
#575=ORIENTED_EDGE('',*,*,#889,.F.);
#576=ORIENTED_EDGE('',*,*,#891,.T.);
#577=ORIENTED_EDGE('',*,*,#826,.F.);
#578=ORIENTED_EDGE('',*,*,#892,.T.);
#579=ORIENTED_EDGE('',*,*,#845,.F.);
#580=ORIENTED_EDGE('',*,*,#797,.F.);
#581=ORIENTED_EDGE('',*,*,#848,.F.);
#582=ORIENTED_EDGE('',*,*,#893,.T.);
#583=ORIENTED_EDGE('',*,*,#821,.F.);
#584=ORIENTED_EDGE('',*,*,#799,.F.);
#585=ORIENTED_EDGE('',*,*,#823,.F.);
#586=ORIENTED_EDGE('',*,*,#894,.T.);
#587=ORIENTED_EDGE('',*,*,#840,.F.);
#588=ORIENTED_EDGE('',*,*,#801,.F.);
#589=ORIENTED_EDGE('',*,*,#839,.F.);
#590=ORIENTED_EDGE('',*,*,#895,.T.);
#591=ORIENTED_EDGE('',*,*,#827,.F.);
#592=ORIENTED_EDGE('',*,*,#803,.F.);
#593=ORIENTED_EDGE('',*,*,#829,.F.);
#594=ORIENTED_EDGE('',*,*,#896,.T.);
#595=ORIENTED_EDGE('',*,*,#836,.F.);
#596=ORIENTED_EDGE('',*,*,#805,.F.);
#597=ORIENTED_EDGE('',*,*,#835,.F.);
#598=ORIENTED_EDGE('',*,*,#897,.T.);
#599=ORIENTED_EDGE('',*,*,#830,.F.);
#600=ORIENTED_EDGE('',*,*,#807,.F.);
#601=ORIENTED_EDGE('',*,*,#832,.F.);
#602=ORIENTED_EDGE('',*,*,#898,.T.);
#603=ORIENTED_EDGE('',*,*,#844,.F.);
#604=ORIENTED_EDGE('',*,*,#809,.F.);
#605=ORIENTED_EDGE('',*,*,#843,.F.);
#606=ORIENTED_EDGE('',*,*,#899,.T.);
#607=ORIENTED_EDGE('',*,*,#824,.F.);
#608=ORIENTED_EDGE('',*,*,#811,.F.);
#609=ORIENTED_EDGE('',*,*,#900,.F.);
#610=ORIENTED_EDGE('',*,*,#849,.F.);
#611=ORIENTED_EDGE('',*,*,#793,.F.);
#612=ORIENTED_EDGE('',*,*,#901,.F.);
#613=ORIENTED_EDGE('',*,*,#902,.F.);
#614=ORIENTED_EDGE('',*,*,#833,.F.);
#615=ORIENTED_EDGE('',*,*,#903,.F.);
#616=ORIENTED_EDGE('',*,*,#784,.F.);
#617=ORIENTED_EDGE('',*,*,#900,.T.);
#618=ORIENTED_EDGE('',*,*,#903,.T.);
#619=ORIENTED_EDGE('',*,*,#896,.F.);
#620=ORIENTED_EDGE('',*,*,#904,.F.);
#621=ORIENTED_EDGE('',*,*,#902,.T.);
#622=ORIENTED_EDGE('',*,*,#901,.T.);
#623=ORIENTED_EDGE('',*,*,#905,.F.);
#624=ORIENTED_EDGE('',*,*,#904,.T.);
#625=ORIENTED_EDGE('',*,*,#828,.F.);
#626=ORIENTED_EDGE('',*,*,#906,.F.);
#627=ORIENTED_EDGE('',*,*,#785,.F.);
#628=ORIENTED_EDGE('',*,*,#905,.T.);
#629=ORIENTED_EDGE('',*,*,#792,.F.);
#630=ORIENTED_EDGE('',*,*,#907,.F.);
#631=ORIENTED_EDGE('',*,*,#834,.F.);
#632=ORIENTED_EDGE('',*,*,#906,.T.);
#633=ORIENTED_EDGE('',*,*,#895,.F.);
#634=ORIENTED_EDGE('',*,*,#908,.F.);
#635=ORIENTED_EDGE('',*,*,#897,.F.);
#636=ORIENTED_EDGE('',*,*,#907,.T.);
#637=ORIENTED_EDGE('',*,*,#909,.F.);
#638=ORIENTED_EDGE('',*,*,#910,.F.);
#639=ORIENTED_EDGE('',*,*,#786,.F.);
#640=ORIENTED_EDGE('',*,*,#908,.T.);
#641=ORIENTED_EDGE('',*,*,#838,.F.);
#642=ORIENTED_EDGE('',*,*,#911,.F.);
#643=ORIENTED_EDGE('',*,*,#850,.F.);
#644=ORIENTED_EDGE('',*,*,#910,.T.);
#645=ORIENTED_EDGE('',*,*,#912,.F.);
#646=ORIENTED_EDGE('',*,*,#777,.F.);
#647=ORIENTED_EDGE('',*,*,#909,.T.);
#648=ORIENTED_EDGE('',*,*,#791,.F.);
#649=ORIENTED_EDGE('',*,*,#913,.F.);
#650=ORIENTED_EDGE('',*,*,#831,.F.);
#651=ORIENTED_EDGE('',*,*,#912,.T.);
#652=ORIENTED_EDGE('',*,*,#911,.T.);
#653=ORIENTED_EDGE('',*,*,#914,.F.);
#654=ORIENTED_EDGE('',*,*,#898,.F.);
#655=ORIENTED_EDGE('',*,*,#913,.T.);
#656=ORIENTED_EDGE('',*,*,#915,.F.);
#657=ORIENTED_EDGE('',*,*,#914,.T.);
#658=ORIENTED_EDGE('',*,*,#837,.F.);
#659=ORIENTED_EDGE('',*,*,#916,.F.);
#660=ORIENTED_EDGE('',*,*,#778,.F.);
#661=ORIENTED_EDGE('',*,*,#915,.T.);
#662=ORIENTED_EDGE('',*,*,#790,.F.);
#663=ORIENTED_EDGE('',*,*,#917,.F.);
#664=ORIENTED_EDGE('',*,*,#841,.F.);
#665=ORIENTED_EDGE('',*,*,#916,.T.);
#666=ORIENTED_EDGE('',*,*,#894,.F.);
#667=ORIENTED_EDGE('',*,*,#918,.F.);
#668=ORIENTED_EDGE('',*,*,#919,.F.);
#669=ORIENTED_EDGE('',*,*,#789,.F.);
#670=ORIENTED_EDGE('',*,*,#852,.F.);
#671=ORIENTED_EDGE('',*,*,#920,.F.);
#672=ORIENTED_EDGE('',*,*,#917,.T.);
#673=ORIENTED_EDGE('',*,*,#919,.T.);
#674=ORIENTED_EDGE('',*,*,#921,.F.);
#675=ORIENTED_EDGE('',*,*,#918,.T.);
#676=ORIENTED_EDGE('',*,*,#822,.F.);
#677=ORIENTED_EDGE('',*,*,#922,.F.);
#678=ORIENTED_EDGE('',*,*,#779,.F.);
#679=ORIENTED_EDGE('',*,*,#920,.T.);
#680=ORIENTED_EDGE('',*,*,#774,.F.);
#681=ORIENTED_EDGE('',*,*,#923,.F.);
#682=ORIENTED_EDGE('',*,*,#842,.F.);
#683=ORIENTED_EDGE('',*,*,#921,.T.);
#684=ORIENTED_EDGE('',*,*,#922,.T.);
#685=ORIENTED_EDGE('',*,*,#893,.F.);
#686=ORIENTED_EDGE('',*,*,#924,.F.);
#687=ORIENTED_EDGE('',*,*,#899,.F.);
#688=ORIENTED_EDGE('',*,*,#923,.T.);
#689=ORIENTED_EDGE('',*,*,#925,.F.);
#690=ORIENTED_EDGE('',*,*,#924,.T.);
#691=ORIENTED_EDGE('',*,*,#847,.F.);
#692=ORIENTED_EDGE('',*,*,#926,.F.);
#693=ORIENTED_EDGE('',*,*,#780,.F.);
#694=ORIENTED_EDGE('',*,*,#925,.T.);
#695=ORIENTED_EDGE('',*,*,#773,.F.);
#696=ORIENTED_EDGE('',*,*,#927,.F.);
#697=ORIENTED_EDGE('',*,*,#825,.F.);
#698=ORIENTED_EDGE('',*,*,#928,.F.);
#699=ORIENTED_EDGE('',*,*,#926,.T.);
#700=ORIENTED_EDGE('',*,*,#929,.F.);
#701=ORIENTED_EDGE('',*,*,#781,.F.);
#702=ORIENTED_EDGE('',*,*,#928,.T.);
#703=ORIENTED_EDGE('',*,*,#930,.F.);
#704=ORIENTED_EDGE('',*,*,#851,.F.);
#705=ORIENTED_EDGE('',*,*,#892,.F.);
#706=ORIENTED_EDGE('',*,*,#927,.T.);
#707=ORIENTED_EDGE('',*,*,#931,.F.);
#708=ORIENTED_EDGE('',*,*,#929,.T.);
#709=ORIENTED_EDGE('',*,*,#846,.F.);
#710=ORIENTED_EDGE('',*,*,#931,.T.);
#711=ORIENTED_EDGE('',*,*,#772,.F.);
#712=ORIENTED_EDGE('',*,*,#930,.T.);
#713=ORIENTED_EDGE('',*,*,#932,.T.);
#714=ORIENTED_EDGE('',*,*,#727,.F.);
#715=ORIENTED_EDGE('',*,*,#932,.F.);
#716=ORIENTED_EDGE('',*,*,#933,.F.);
#717=ORIENTED_EDGE('',*,*,#738,.T.);
#718=ORIENTED_EDGE('',*,*,#933,.T.);
#719=ORIENTED_EDGE('',*,*,#885,.F.);
#720=ORIENTED_EDGE('',*,*,#753,.F.);
#721=ORIENTED_EDGE('',*,*,#891,.F.);
#722=ORIENTED_EDGE('',*,*,#888,.F.);
#723=ORIENTED_EDGE('',*,*,#887,.F.);
#724=ORIENTED_EDGE('',*,*,#883,.F.);
#725=ORIENTED_EDGE('',*,*,#890,.F.);
#726=ORIENTED_EDGE('',*,*,#755,.F.);
#727=EDGE_CURVE('',#934,#934,#1065,.T.);
#728=EDGE_CURVE('',#935,#936,#85,.T.);
#729=EDGE_CURVE('',#937,#935,#1066,.T.);
#730=EDGE_CURVE('',#937,#938,#86,.T.);
#731=EDGE_CURVE('',#938,#939,#1067,.T.);
#732=EDGE_CURVE('',#940,#939,#87,.T.);
#733=EDGE_CURVE('',#941,#940,#88,.T.);
#734=EDGE_CURVE('',#941,#942,#89,.T.);
#735=EDGE_CURVE('',#942,#943,#90,.T.);
#736=EDGE_CURVE('',#944,#943,#91,.T.);
#737=EDGE_CURVE('',#944,#936,#1068,.T.);
#738=EDGE_CURVE('',#945,#945,#1069,.T.);
#739=EDGE_CURVE('',#946,#946,#1070,.T.);
#740=EDGE_CURVE('',#947,#947,#1071,.T.);
#741=EDGE_CURVE('',#948,#948,#1072,.T.);
#742=EDGE_CURVE('',#949,#949,#1073,.T.);
#743=EDGE_CURVE('',#950,#951,#92,.T.);
#744=EDGE_CURVE('',#951,#952,#1074,.F.);
#745=EDGE_CURVE('',#953,#952,#93,.T.);
#746=EDGE_CURVE('',#953,#954,#1075,.F.);
#747=EDGE_CURVE('',#955,#954,#94,.T.);
#748=EDGE_CURVE('',#955,#956,#1076,.F.);
#749=EDGE_CURVE('',#956,#957,#95,.T.);
#750=EDGE_CURVE('',#957,#950,#1077,.F.);
#751=EDGE_CURVE('',#958,#958,#1078,.T.);
#752=EDGE_CURVE('',#959,#960,#1079,.T.);
#753=EDGE_CURVE('',#960,#961,#96,.T.);
#754=EDGE_CURVE('',#962,#961,#1080,.T.);
#755=EDGE_CURVE('',#962,#959,#97,.F.);
#756=EDGE_CURVE('',#963,#964,#1081,.T.);
#757=EDGE_CURVE('',#963,#936,#98,.F.);
#758=EDGE_CURVE('',#965,#944,#99,.F.);
#759=EDGE_CURVE('',#966,#965,#1082,.T.);
#760=EDGE_CURVE('',#939,#966,#100,.T.);
#761=EDGE_CURVE('',#967,#938,#101,.F.);
#762=EDGE_CURVE('',#968,#967,#1083,.T.);
#763=EDGE_CURVE('',#968,#969,#102,.T.);
#764=EDGE_CURVE('',#969,#970,#1084,.T.);
#765=EDGE_CURVE('',#970,#971,#103,.F.);
#766=EDGE_CURVE('',#971,#972,#1085,.T.);
#767=EDGE_CURVE('',#972,#973,#104,.F.);
#768=EDGE_CURVE('',#973,#974,#1086,.T.);
#769=EDGE_CURVE('',#974,#964,#105,.F.);
#770=EDGE_CURVE('',#975,#975,#1087,.T.);
#771=EDGE_CURVE('',#956,#976,#106,.F.);
#772=EDGE_CURVE('',#976,#977,#107,.T.);
#773=EDGE_CURVE('',#977,#978,#108,.F.);
#774=EDGE_CURVE('',#978,#979,#109,.F.);
#775=EDGE_CURVE('',#979,#957,#110,.T.);
#776=EDGE_CURVE('',#954,#980,#111,.F.);
#777=EDGE_CURVE('',#980,#981,#29,.F.);
#778=EDGE_CURVE('',#981,#982,#112,.F.);
#779=EDGE_CURVE('',#982,#983,#113,.T.);
#780=EDGE_CURVE('',#983,#984,#114,.T.);
#781=EDGE_CURVE('',#984,#985,#30,.F.);
#782=EDGE_CURVE('',#985,#955,#115,.T.);
#783=EDGE_CURVE('',#952,#986,#116,.F.);
#784=EDGE_CURVE('',#986,#987,#117,.T.);
#785=EDGE_CURVE('',#987,#988,#118,.T.);
#786=EDGE_CURVE('',#988,#989,#119,.F.);
#787=EDGE_CURVE('',#989,#953,#120,.T.);
#788=EDGE_CURVE('',#950,#990,#121,.F.);
#789=EDGE_CURVE('',#990,#991,#31,.T.);
#790=EDGE_CURVE('',#991,#992,#122,.F.);
#791=EDGE_CURVE('',#992,#993,#123,.F.);
#792=EDGE_CURVE('',#993,#994,#124,.T.);
#793=EDGE_CURVE('',#994,#995,#32,.T.);
#794=EDGE_CURVE('',#995,#951,#125,.T.);
#795=EDGE_CURVE('',#996,#996,#1088,.F.);
#796=EDGE_CURVE('',#997,#998,#126,.T.);
#797=EDGE_CURVE('',#998,#999,#33,.T.);
#798=EDGE_CURVE('',#999,#1000,#127,.T.);
#799=EDGE_CURVE('',#1000,#1001,#34,.T.);
#800=EDGE_CURVE('',#1001,#1002,#128,.T.);
#801=EDGE_CURVE('',#1002,#1003,#35,.T.);
#802=EDGE_CURVE('',#1003,#1004,#129,.F.);
#803=EDGE_CURVE('',#1004,#1005,#36,.T.);
#804=EDGE_CURVE('',#1005,#1006,#130,.T.);
#805=EDGE_CURVE('',#1006,#1007,#37,.T.);
#806=EDGE_CURVE('',#1007,#1008,#131,.T.);
#807=EDGE_CURVE('',#1008,#1009,#38,.T.);
#808=EDGE_CURVE('',#1009,#1010,#132,.T.);
#809=EDGE_CURVE('',#1010,#1011,#39,.T.);
#810=EDGE_CURVE('',#1011,#1012,#133,.F.);
#811=EDGE_CURVE('',#1012,#997,#40,.T.);
#812=EDGE_CURVE('',#1013,#966,#134,.T.);
#813=EDGE_CURVE('',#1013,#940,#135,.T.);
#814=EDGE_CURVE('',#965,#1014,#136,.T.);
#815=EDGE_CURVE('',#1014,#943,#137,.T.);
#816=EDGE_CURVE('',#1015,#1013,#138,.T.);
#817=EDGE_CURVE('',#1015,#941,#139,.T.);
#818=EDGE_CURVE('',#1015,#1016,#140,.T.);
#819=EDGE_CURVE('',#1016,#942,#141,.T.);
#820=EDGE_CURVE('',#1016,#1014,#142,.T.);
#821=EDGE_CURVE('',#1001,#1017,#143,.T.);
#822=EDGE_CURVE('',#1017,#1018,#144,.F.);
#823=EDGE_CURVE('',#1018,#1002,#145,.F.);
#824=EDGE_CURVE('',#997,#1019,#146,.F.);
#825=EDGE_CURVE('',#1019,#1020,#147,.F.);
#826=EDGE_CURVE('',#1020,#998,#148,.T.);
#827=EDGE_CURVE('',#1005,#1021,#149,.F.);
#828=EDGE_CURVE('',#1021,#1022,#150,.F.);
#829=EDGE_CURVE('',#1022,#1006,#151,.T.);
#830=EDGE_CURVE('',#1009,#1023,#152,.T.);
#831=EDGE_CURVE('',#1023,#1024,#153,.F.);
#832=EDGE_CURVE('',#1024,#1010,#154,.F.);
#833=EDGE_CURVE('',#1025,#1026,#155,.F.);
#834=EDGE_CURVE('',#1026,#1027,#156,.F.);
#835=EDGE_CURVE('',#1027,#1008,#157,.T.);
#836=EDGE_CURVE('',#1007,#1025,#158,.F.);
#837=EDGE_CURVE('',#1028,#1029,#159,.F.);
#838=EDGE_CURVE('',#1029,#1030,#160,.F.);
#839=EDGE_CURVE('',#1030,#1004,#161,.F.);
#840=EDGE_CURVE('',#1003,#1028,#162,.F.);
#841=EDGE_CURVE('',#1031,#1032,#163,.F.);
#842=EDGE_CURVE('',#1032,#1033,#164,.F.);
#843=EDGE_CURVE('',#1033,#1012,#165,.T.);
#844=EDGE_CURVE('',#1011,#1031,#166,.T.);
#845=EDGE_CURVE('',#999,#1034,#167,.T.);
#846=EDGE_CURVE('',#1034,#1035,#168,.F.);
#847=EDGE_CURVE('',#1035,#1036,#169,.F.);
#848=EDGE_CURVE('',#1036,#1000,#170,.F.);
#849=EDGE_CURVE('',#995,#986,#1089,.F.);
#850=EDGE_CURVE('',#989,#980,#1090,.T.);
#851=EDGE_CURVE('',#985,#976,#1091,.T.);
#852=EDGE_CURVE('',#979,#990,#1092,.T.);
#853=EDGE_CURVE('',#1037,#1037,#1093,.T.);
#854=EDGE_CURVE('',#1038,#1038,#1094,.T.);
#855=EDGE_CURVE('',#1039,#1039,#1095,.T.);
#856=EDGE_CURVE('',#1040,#1040,#1096,.T.);
#857=EDGE_CURVE('',#1041,#1042,#1097,.F.);
#858=EDGE_CURVE('',#1042,#1043,#171,.F.);
#859=EDGE_CURVE('',#1044,#1043,#1098,.F.);
#860=EDGE_CURVE('',#1041,#1044,#172,.F.);
#861=EDGE_CURVE('',#935,#1045,#173,.F.);
#862=EDGE_CURVE('',#1046,#1045,#1099,.F.);
#863=EDGE_CURVE('',#1046,#1047,#174,.F.);
#864=EDGE_CURVE('',#1047,#1048,#1100,.F.);
#865=EDGE_CURVE('',#1048,#1049,#175,.F.);
#866=EDGE_CURVE('',#1049,#1050,#1101,.F.);
#867=EDGE_CURVE('',#1050,#1051,#176,.F.);
#868=EDGE_CURVE('',#1051,#1052,#1102,.F.);
#869=EDGE_CURVE('',#1052,#1053,#177,.T.);
#870=EDGE_CURVE('',#1054,#1053,#1103,.F.);
#871=EDGE_CURVE('',#937,#1054,#178,.F.);
#872=EDGE_CURVE('',#964,#1046,#179,.T.);
#873=EDGE_CURVE('',#963,#1045,#180,.T.);
#874=EDGE_CURVE('',#967,#1054,#181,.T.);
#875=EDGE_CURVE('',#968,#1053,#182,.T.);
#876=EDGE_CURVE('',#969,#1052,#183,.T.);
#877=EDGE_CURVE('',#970,#1051,#184,.T.);
#878=EDGE_CURVE('',#971,#1050,#185,.T.);
#879=EDGE_CURVE('',#972,#1049,#186,.T.);
#880=EDGE_CURVE('',#973,#1048,#187,.T.);
#881=EDGE_CURVE('',#974,#1047,#188,.T.);
#882=EDGE_CURVE('',#1055,#1042,#189,.T.);
#883=EDGE_CURVE('',#1055,#1056,#190,.T.);
#884=EDGE_CURVE('',#1056,#1043,#191,.T.);
#885=EDGE_CURVE('',#961,#1057,#192,.T.);
#886=EDGE_CURVE('',#1057,#1044,#193,.T.);
#887=EDGE_CURVE('',#1056,#962,#194,.T.);
#888=EDGE_CURVE('',#1057,#1058,#195,.T.);
#889=EDGE_CURVE('',#1058,#1041,#196,.T.);
#890=EDGE_CURVE('',#959,#1055,#197,.T.);
#891=EDGE_CURVE('',#1058,#960,#198,.T.);
#892=EDGE_CURVE('',#1020,#1034,#1104,.F.);
#893=EDGE_CURVE('',#1036,#1017,#1105,.F.);
#894=EDGE_CURVE('',#1018,#1028,#1106,.F.);
#895=EDGE_CURVE('',#1030,#1021,#1107,.T.);
#896=EDGE_CURVE('',#1022,#1025,#1108,.T.);
#897=EDGE_CURVE('',#1027,#1023,#1109,.T.);
#898=EDGE_CURVE('',#1024,#1031,#1110,.T.);
#899=EDGE_CURVE('',#1033,#1019,#1111,.F.);
#900=EDGE_CURVE('',#986,#1059,#41,.T.);
#901=EDGE_CURVE('',#1059,#994,#1112,.T.);
#902=EDGE_CURVE('',#1026,#1059,#42,.F.);
#903=EDGE_CURVE('',#987,#1025,#1113,.T.);
#904=EDGE_CURVE('',#987,#1022,#1114,.T.);
#905=EDGE_CURVE('',#1026,#994,#43,.F.);
#906=EDGE_CURVE('',#988,#1021,#1115,.T.);
#907=EDGE_CURVE('',#1027,#993,#1116,.T.);
#908=EDGE_CURVE('',#988,#1030,#1117,.T.);
#909=EDGE_CURVE('',#1023,#993,#1118,.T.);
#910=EDGE_CURVE('',#989,#1060,#44,.T.);
#911=EDGE_CURVE('',#1060,#1029,#45,.F.);
#912=EDGE_CURVE('',#981,#1060,#1119,.F.);
#913=EDGE_CURVE('',#1024,#992,#1120,.T.);
#914=EDGE_CURVE('',#981,#1029,#46,.F.);
#915=EDGE_CURVE('',#1031,#992,#1121,.T.);
#916=EDGE_CURVE('',#982,#1028,#1122,.T.);
#917=EDGE_CURVE('',#1032,#991,#47,.F.);
#918=EDGE_CURVE('',#982,#1018,#1123,.T.);
#919=EDGE_CURVE('',#991,#1061,#1124,.F.);
#920=EDGE_CURVE('',#1061,#979,#48,.T.);
#921=EDGE_CURVE('',#1032,#1061,#49,.F.);
#922=EDGE_CURVE('',#983,#1017,#1125,.T.);
#923=EDGE_CURVE('',#1033,#978,#1126,.T.);
#924=EDGE_CURVE('',#983,#1036,#1127,.T.);
#925=EDGE_CURVE('',#1019,#978,#1128,.T.);
#926=EDGE_CURVE('',#984,#1035,#50,.T.);
#927=EDGE_CURVE('',#1020,#977,#1129,.T.);
#928=EDGE_CURVE('',#984,#1062,#1130,.T.);
#929=EDGE_CURVE('',#1062,#1035,#51,.T.);
#930=EDGE_CURVE('',#976,#1062,#52,.F.);
#931=EDGE_CURVE('',#1034,#977,#1131,.T.);
#932=EDGE_CURVE('',#1063,#1063,#1132,.T.);
#933=EDGE_CURVE('',#1064,#1064,#1133,.T.);
#934=VERTEX_POINT('',#2161);
#935=VERTEX_POINT('',#2163);
#936=VERTEX_POINT('',#2164);
#937=VERTEX_POINT('',#2166);
#938=VERTEX_POINT('',#2168);
#939=VERTEX_POINT('',#2170);
#940=VERTEX_POINT('',#2172);
#941=VERTEX_POINT('',#2174);
#942=VERTEX_POINT('',#2176);
#943=VERTEX_POINT('',#2178);
#944=VERTEX_POINT('',#2180);
#945=VERTEX_POINT('',#2183);
#946=VERTEX_POINT('',#2186);
#947=VERTEX_POINT('',#2188);
#948=VERTEX_POINT('',#2190);
#949=VERTEX_POINT('',#2192);
#950=VERTEX_POINT('',#2194);
#951=VERTEX_POINT('',#2195);
#952=VERTEX_POINT('',#2197);
#953=VERTEX_POINT('',#2199);
#954=VERTEX_POINT('',#2201);
#955=VERTEX_POINT('',#2203);
#956=VERTEX_POINT('',#2205);
#957=VERTEX_POINT('',#2207);
#958=VERTEX_POINT('',#2210);
#959=VERTEX_POINT('',#2213);
#960=VERTEX_POINT('',#2214);
#961=VERTEX_POINT('',#2216);
#962=VERTEX_POINT('',#2218);
#963=VERTEX_POINT('',#2221);
#964=VERTEX_POINT('',#2222);
#965=VERTEX_POINT('',#2225);
#966=VERTEX_POINT('',#2227);
#967=VERTEX_POINT('',#2230);
#968=VERTEX_POINT('',#2232);
#969=VERTEX_POINT('',#2234);
#970=VERTEX_POINT('',#2236);
#971=VERTEX_POINT('',#2238);
#972=VERTEX_POINT('',#2240);
#973=VERTEX_POINT('',#2242);
#974=VERTEX_POINT('',#2244);
#975=VERTEX_POINT('',#2247);
#976=VERTEX_POINT('',#2250);
#977=VERTEX_POINT('',#2252);
#978=VERTEX_POINT('',#2254);
#979=VERTEX_POINT('',#2256);
#980=VERTEX_POINT('',#2260);
#981=VERTEX_POINT('',#2262);
#982=VERTEX_POINT('',#2264);
#983=VERTEX_POINT('',#2266);
#984=VERTEX_POINT('',#2268);
#985=VERTEX_POINT('',#2270);
#986=VERTEX_POINT('',#2274);
#987=VERTEX_POINT('',#2276);
#988=VERTEX_POINT('',#2278);
#989=VERTEX_POINT('',#2280);
#990=VERTEX_POINT('',#2284);
#991=VERTEX_POINT('',#2286);
#992=VERTEX_POINT('',#2288);
#993=VERTEX_POINT('',#2290);
#994=VERTEX_POINT('',#2292);
#995=VERTEX_POINT('',#2294);
#996=VERTEX_POINT('',#2298);
#997=VERTEX_POINT('',#2300);
#998=VERTEX_POINT('',#2301);
#999=VERTEX_POINT('',#2303);
#1000=VERTEX_POINT('',#2305);
#1001=VERTEX_POINT('',#2307);
#1002=VERTEX_POINT('',#2309);
#1003=VERTEX_POINT('',#2311);
#1004=VERTEX_POINT('',#2313);
#1005=VERTEX_POINT('',#2315);
#1006=VERTEX_POINT('',#2317);
#1007=VERTEX_POINT('',#2319);
#1008=VERTEX_POINT('',#2321);
#1009=VERTEX_POINT('',#2323);
#1010=VERTEX_POINT('',#2325);
#1011=VERTEX_POINT('',#2327);
#1012=VERTEX_POINT('',#2329);
#1013=VERTEX_POINT('',#2333);
#1014=VERTEX_POINT('',#2337);
#1015=VERTEX_POINT('',#2341);
#1016=VERTEX_POINT('',#2345);
#1017=VERTEX_POINT('',#2352);
#1018=VERTEX_POINT('',#2354);
#1019=VERTEX_POINT('',#2358);
#1020=VERTEX_POINT('',#2360);
#1021=VERTEX_POINT('',#2364);
#1022=VERTEX_POINT('',#2366);
#1023=VERTEX_POINT('',#2370);
#1024=VERTEX_POINT('',#2372);
#1025=VERTEX_POINT('',#2376);
#1026=VERTEX_POINT('',#2377);
#1027=VERTEX_POINT('',#2379);
#1028=VERTEX_POINT('',#2384);
#1029=VERTEX_POINT('',#2385);
#1030=VERTEX_POINT('',#2387);
#1031=VERTEX_POINT('',#2392);
#1032=VERTEX_POINT('',#2393);
#1033=VERTEX_POINT('',#2395);
#1034=VERTEX_POINT('',#2400);
#1035=VERTEX_POINT('',#2402);
#1036=VERTEX_POINT('',#2404);
#1037=VERTEX_POINT('',#2417);
#1038=VERTEX_POINT('',#2421);
#1039=VERTEX_POINT('',#2425);
#1040=VERTEX_POINT('',#2429);
#1041=VERTEX_POINT('',#2433);
#1042=VERTEX_POINT('',#2434);
#1043=VERTEX_POINT('',#2436);
#1044=VERTEX_POINT('',#2438);
#1045=VERTEX_POINT('',#2441);
#1046=VERTEX_POINT('',#2443);
#1047=VERTEX_POINT('',#2445);
#1048=VERTEX_POINT('',#2447);
#1049=VERTEX_POINT('',#2449);
#1050=VERTEX_POINT('',#2451);
#1051=VERTEX_POINT('',#2453);
#1052=VERTEX_POINT('',#2455);
#1053=VERTEX_POINT('',#2457);
#1054=VERTEX_POINT('',#2459);
#1055=VERTEX_POINT('',#2484);
#1056=VERTEX_POINT('',#2486);
#1057=VERTEX_POINT('',#2490);
#1058=VERTEX_POINT('',#2495);
#1059=VERTEX_POINT('',#2529);
#1060=VERTEX_POINT('',#2562);
#1061=VERTEX_POINT('',#2616);
#1062=VERTEX_POINT('',#2662);
#1063=VERTEX_POINT('',#2682);
#1064=VERTEX_POINT('',#2686);
#1065=CIRCLE('',#1509,0.0025);
#1066=CIRCLE('',#1510,0.0177);
#1067=CIRCLE('',#1511,0.0225);
#1068=CIRCLE('',#1512,0.0225);
#1069=CIRCLE('',#1513,0.0025);
#1070=CIRCLE('',#1515,0.0177);
#1071=CIRCLE('',#1516,0.003);
#1072=CIRCLE('',#1517,0.003);
#1073=CIRCLE('',#1518,0.003);
#1074=CIRCLE('',#1519,0.00508);
#1075=CIRCLE('',#1520,0.00508);
#1076=CIRCLE('',#1521,0.00508);
#1077=CIRCLE('',#1522,0.00508);
#1078=CIRCLE('',#1523,0.003);
#1079=CIRCLE('',#1525,0.0225);
#1080=CIRCLE('',#1526,0.0225);
#1081=CIRCLE('',#1527,0.0225);
#1082=CIRCLE('',#1528,0.0225);
#1083=CIRCLE('',#1529,0.0225);
#1084=CIRCLE('',#1530,0.0225);
#1085=CIRCLE('',#1531,0.0225);
#1086=CIRCLE('',#1532,0.0225);
#1087=CIRCLE('',#1533,0.0225);
#1088=CIRCLE('',#1543,0.024405);
#1089=CIRCLE('',#1568,0.00508);
#1090=CIRCLE('',#1570,0.00508);
#1091=CIRCLE('',#1572,0.00508);
#1092=CIRCLE('',#1574,0.00508);
#1093=CIRCLE('',#1576,0.003);
#1094=CIRCLE('',#1579,0.003);
#1095=CIRCLE('',#1582,0.003);
#1096=CIRCLE('',#1585,0.003);
#1097=CIRCLE('',#1588,0.0177);
#1098=CIRCLE('',#1589,0.0177);
#1099=CIRCLE('',#1590,0.0177);
#1100=CIRCLE('',#1591,0.0177);
#1101=CIRCLE('',#1592,0.0177);
#1102=CIRCLE('',#1593,0.0177);
#1103=CIRCLE('',#1594,0.0177);
#1104=CIRCLE('',#1611,0.00762);
#1105=CIRCLE('',#1613,0.00762);
#1106=CIRCLE('',#1615,0.00762);
#1107=CIRCLE('',#1617,0.00762);
#1108=CIRCLE('',#1619,0.00762);
#1109=CIRCLE('',#1621,0.00762);
#1110=CIRCLE('',#1623,0.00762);
#1111=CIRCLE('',#1625,0.00762);
#1112=CIRCLE('',#1627,0.00508);
#1113=CIRCLE('',#1630,0.00762);
#1114=CIRCLE('',#1632,0.00762);
#1115=CIRCLE('',#1635,0.00762);
#1116=CIRCLE('',#1637,0.00762);
#1117=CIRCLE('',#1639,0.00762);
#1118=CIRCLE('',#1641,0.00762);
#1119=CIRCLE('',#1645,0.00508);
#1120=CIRCLE('',#1647,0.00762);
#1121=CIRCLE('',#1650,0.00762);
#1122=CIRCLE('',#1652,0.00762);
#1123=CIRCLE('',#1656,0.00762);
#1124=CIRCLE('',#1657,0.00508);
#1125=CIRCLE('',#1661,0.00762);
#1126=CIRCLE('',#1663,0.00762);
#1127=CIRCLE('',#1665,0.00762);
#1128=CIRCLE('',#1667,0.00762);
#1129=CIRCLE('',#1671,0.00762);
#1130=CIRCLE('',#1672,0.00508);
#1131=CIRCLE('',#1676,0.00762);
#1132=CIRCLE('',#1679,0.0025);
#1133=CIRCLE('',#1682,0.0025);
#1134=EDGE_LOOP('',(#313));
#1135=EDGE_LOOP('',(#314,#315,#316,#317,#318,#319,#320,#321,#322,#323));
#1136=EDGE_LOOP('',(#324));
#1137=EDGE_LOOP('',(#325));
#1138=EDGE_LOOP('',(#326));
#1139=EDGE_LOOP('',(#327));
#1140=EDGE_LOOP('',(#328));
#1141=EDGE_LOOP('',(#329,#330,#331,#332,#333,#334,#335,#336));
#1142=EDGE_LOOP('',(#337));
#1143=EDGE_LOOP('',(#338,#339,#340,#341));
#1144=EDGE_LOOP('',(#342,#343,#344,#345,#346,#347,#348,#349,#350,#351,#352,
#353,#354,#355,#356,#357));
#1145=EDGE_LOOP('',(#358));
#1146=EDGE_LOOP('',(#359,#360,#361,#362,#363,#364));
#1147=EDGE_LOOP('',(#365,#366,#367,#368,#369,#370,#371,#372));
#1148=EDGE_LOOP('',(#373,#374,#375,#376,#377,#378));
#1149=EDGE_LOOP('',(#379,#380,#381,#382,#383,#384,#385,#386));
#1150=EDGE_LOOP('',(#387));
#1151=EDGE_LOOP('',(#388,#389,#390,#391,#392,#393,#394,#395,#396,#397,#398,
#399,#400,#401,#402,#403));
#1152=EDGE_LOOP('',(#404,#405,#406,#407));
#1153=EDGE_LOOP('',(#408,#409,#410,#411));
#1154=EDGE_LOOP('',(#412,#413,#414,#415));
#1155=EDGE_LOOP('',(#416,#417,#418,#419));
#1156=EDGE_LOOP('',(#420,#421,#422,#423));
#1157=EDGE_LOOP('',(#424,#425,#426,#427,#428,#429));
#1158=EDGE_LOOP('',(#430,#431,#432,#433));
#1159=EDGE_LOOP('',(#434,#435,#436,#437));
#1160=EDGE_LOOP('',(#438,#439,#440,#441));
#1161=EDGE_LOOP('',(#442,#443,#444,#445));
#1162=EDGE_LOOP('',(#446,#447,#448,#449,#450));
#1163=EDGE_LOOP('',(#451,#452,#453,#454,#455));
#1164=EDGE_LOOP('',(#456,#457,#458,#459,#460));
#1165=EDGE_LOOP('',(#461,#462,#463,#464,#465));
#1166=EDGE_LOOP('',(#466));
#1167=EDGE_LOOP('',(#467));
#1168=EDGE_LOOP('',(#468,#469,#470,#471));
#1169=EDGE_LOOP('',(#472,#473,#474,#475));
#1170=EDGE_LOOP('',(#476,#477,#478,#479));
#1171=EDGE_LOOP('',(#480,#481,#482,#483));
#1172=EDGE_LOOP('',(#484));
#1173=EDGE_LOOP('',(#485));
#1174=EDGE_LOOP('',(#486));
#1175=EDGE_LOOP('',(#487));
#1176=EDGE_LOOP('',(#488));
#1177=EDGE_LOOP('',(#489));
#1178=EDGE_LOOP('',(#490));
#1179=EDGE_LOOP('',(#491));
#1180=EDGE_LOOP('',(#492));
#1181=EDGE_LOOP('',(#493));
#1182=EDGE_LOOP('',(#494));
#1183=EDGE_LOOP('',(#495));
#1184=EDGE_LOOP('',(#496,#497,#498,#499));
#1185=EDGE_LOOP('',(#500,#501,#502,#503,#504,#505,#506,#507,#508,#509,#510,
#511));
#1186=EDGE_LOOP('',(#512));
#1187=EDGE_LOOP('',(#513,#514,#515,#516));
#1188=EDGE_LOOP('',(#517,#518,#519,#520));
#1189=EDGE_LOOP('',(#521,#522,#523,#524));
#1190=EDGE_LOOP('',(#525,#526,#527,#528));
#1191=EDGE_LOOP('',(#529,#530,#531,#532));
#1192=EDGE_LOOP('',(#533,#534,#535,#536));
#1193=EDGE_LOOP('',(#537,#538,#539,#540));
#1194=EDGE_LOOP('',(#541,#542,#543,#544));
#1195=EDGE_LOOP('',(#545,#546,#547,#548));
#1196=EDGE_LOOP('',(#549,#550,#551,#552));
#1197=EDGE_LOOP('',(#553,#554,#555,#556));
#1198=EDGE_LOOP('',(#557,#558,#559,#560));
#1199=EDGE_LOOP('',(#561,#562,#563,#564,#565,#566));
#1200=EDGE_LOOP('',(#567,#568,#569,#570));
#1201=EDGE_LOOP('',(#571,#572,#573,#574,#575,#576));
#1202=EDGE_LOOP('',(#577,#578,#579,#580));
#1203=EDGE_LOOP('',(#581,#582,#583,#584));
#1204=EDGE_LOOP('',(#585,#586,#587,#588));
#1205=EDGE_LOOP('',(#589,#590,#591,#592));
#1206=EDGE_LOOP('',(#593,#594,#595,#596));
#1207=EDGE_LOOP('',(#597,#598,#599,#600));
#1208=EDGE_LOOP('',(#601,#602,#603,#604));
#1209=EDGE_LOOP('',(#605,#606,#607,#608));
#1210=EDGE_LOOP('',(#609,#610,#611,#612));
#1211=EDGE_LOOP('',(#613,#614,#615,#616,#617));
#1212=EDGE_LOOP('',(#618,#619,#620));
#1213=EDGE_LOOP('',(#621,#622,#623));
#1214=EDGE_LOOP('',(#624,#625,#626,#627));
#1215=EDGE_LOOP('',(#628,#629,#630,#631));
#1216=EDGE_LOOP('',(#632,#633,#634));
#1217=EDGE_LOOP('',(#635,#636,#637));
#1218=EDGE_LOOP('',(#638,#639,#640,#641,#642));
#1219=EDGE_LOOP('',(#643,#644,#645,#646));
#1220=EDGE_LOOP('',(#647,#648,#649,#650));
#1221=EDGE_LOOP('',(#651,#652,#653));
#1222=EDGE_LOOP('',(#654,#655,#656));
#1223=EDGE_LOOP('',(#657,#658,#659,#660));
#1224=EDGE_LOOP('',(#661,#662,#663,#664));
#1225=EDGE_LOOP('',(#665,#666,#667));
#1226=EDGE_LOOP('',(#668,#669,#670,#671));
#1227=EDGE_LOOP('',(#672,#673,#674));
#1228=EDGE_LOOP('',(#675,#676,#677,#678));
#1229=EDGE_LOOP('',(#679,#680,#681,#682,#683));
#1230=EDGE_LOOP('',(#684,#685,#686));
#1231=EDGE_LOOP('',(#687,#688,#689));
#1232=EDGE_LOOP('',(#690,#691,#692,#693));
#1233=EDGE_LOOP('',(#694,#695,#696,#697));
#1234=EDGE_LOOP('',(#698,#699,#700));
#1235=EDGE_LOOP('',(#701,#702,#703,#704));
#1236=EDGE_LOOP('',(#705,#706,#707));
#1237=EDGE_LOOP('',(#708,#709,#710,#711,#712));
#1238=EDGE_LOOP('',(#713));
#1239=EDGE_LOOP('',(#714));
#1240=EDGE_LOOP('',(#715));
#1241=EDGE_LOOP('',(#716));
#1242=EDGE_LOOP('',(#717));
#1243=EDGE_LOOP('',(#718));
#1244=EDGE_LOOP('',(#719,#720,#721,#722));
#1245=EDGE_LOOP('',(#723,#724,#725,#726));
#1246=FACE_BOUND('',#1134,.T.);
#1247=FACE_BOUND('',#1135,.T.);
#1248=FACE_BOUND('',#1136,.T.);
#1249=FACE_BOUND('',#1137,.T.);
#1250=FACE_BOUND('',#1138,.T.);
#1251=FACE_BOUND('',#1139,.T.);
#1252=FACE_BOUND('',#1140,.T.);
#1253=FACE_BOUND('',#1141,.T.);
#1254=FACE_BOUND('',#1142,.T.);
#1255=FACE_BOUND('',#1143,.T.);
#1256=FACE_BOUND('',#1144,.T.);
#1257=FACE_BOUND('',#1145,.T.);
#1258=FACE_BOUND('',#1146,.T.);
#1259=FACE_BOUND('',#1147,.T.);
#1260=FACE_BOUND('',#1148,.T.);
#1261=FACE_BOUND('',#1149,.T.);
#1262=FACE_BOUND('',#1150,.T.);
#1263=FACE_BOUND('',#1151,.T.);
#1264=FACE_BOUND('',#1152,.T.);
#1265=FACE_BOUND('',#1153,.T.);
#1266=FACE_BOUND('',#1154,.T.);
#1267=FACE_BOUND('',#1155,.T.);
#1268=FACE_BOUND('',#1156,.T.);
#1269=FACE_BOUND('',#1157,.T.);
#1270=FACE_BOUND('',#1158,.T.);
#1271=FACE_BOUND('',#1159,.T.);
#1272=FACE_BOUND('',#1160,.T.);
#1273=FACE_BOUND('',#1161,.T.);
#1274=FACE_BOUND('',#1162,.T.);
#1275=FACE_BOUND('',#1163,.T.);
#1276=FACE_BOUND('',#1164,.T.);
#1277=FACE_BOUND('',#1165,.T.);
#1278=FACE_BOUND('',#1166,.T.);
#1279=FACE_BOUND('',#1167,.T.);
#1280=FACE_BOUND('',#1168,.T.);
#1281=FACE_BOUND('',#1169,.T.);
#1282=FACE_BOUND('',#1170,.T.);
#1283=FACE_BOUND('',#1171,.T.);
#1284=FACE_BOUND('',#1172,.T.);
#1285=FACE_BOUND('',#1173,.T.);
#1286=FACE_BOUND('',#1174,.T.);
#1287=FACE_BOUND('',#1175,.T.);
#1288=FACE_BOUND('',#1176,.T.);
#1289=FACE_BOUND('',#1177,.T.);
#1290=FACE_BOUND('',#1178,.T.);
#1291=FACE_BOUND('',#1179,.T.);
#1292=FACE_BOUND('',#1180,.T.);
#1293=FACE_BOUND('',#1181,.T.);
#1294=FACE_BOUND('',#1182,.T.);
#1295=FACE_BOUND('',#1183,.T.);
#1296=FACE_BOUND('',#1184,.T.);
#1297=FACE_BOUND('',#1185,.T.);
#1298=FACE_BOUND('',#1186,.T.);
#1299=FACE_BOUND('',#1187,.T.);
#1300=FACE_BOUND('',#1188,.T.);
#1301=FACE_BOUND('',#1189,.T.);
#1302=FACE_BOUND('',#1190,.T.);
#1303=FACE_BOUND('',#1191,.T.);
#1304=FACE_BOUND('',#1192,.T.);
#1305=FACE_BOUND('',#1193,.T.);
#1306=FACE_BOUND('',#1194,.T.);
#1307=FACE_BOUND('',#1195,.T.);
#1308=FACE_BOUND('',#1196,.T.);
#1309=FACE_BOUND('',#1197,.T.);
#1310=FACE_BOUND('',#1198,.T.);
#1311=FACE_BOUND('',#1199,.T.);
#1312=FACE_BOUND('',#1200,.T.);
#1313=FACE_BOUND('',#1201,.T.);
#1314=FACE_BOUND('',#1202,.T.);
#1315=FACE_BOUND('',#1203,.T.);
#1316=FACE_BOUND('',#1204,.T.);
#1317=FACE_BOUND('',#1205,.T.);
#1318=FACE_BOUND('',#1206,.T.);
#1319=FACE_BOUND('',#1207,.T.);
#1320=FACE_BOUND('',#1208,.T.);
#1321=FACE_BOUND('',#1209,.T.);
#1322=FACE_BOUND('',#1210,.T.);
#1323=FACE_BOUND('',#1211,.T.);
#1324=FACE_BOUND('',#1212,.T.);
#1325=FACE_BOUND('',#1213,.T.);
#1326=FACE_BOUND('',#1214,.T.);
#1327=FACE_BOUND('',#1215,.T.);
#1328=FACE_BOUND('',#1216,.T.);
#1329=FACE_BOUND('',#1217,.T.);
#1330=FACE_BOUND('',#1218,.T.);
#1331=FACE_BOUND('',#1219,.T.);
#1332=FACE_BOUND('',#1220,.T.);
#1333=FACE_BOUND('',#1221,.T.);
#1334=FACE_BOUND('',#1222,.T.);
#1335=FACE_BOUND('',#1223,.T.);
#1336=FACE_BOUND('',#1224,.T.);
#1337=FACE_BOUND('',#1225,.T.);
#1338=FACE_BOUND('',#1226,.T.);
#1339=FACE_BOUND('',#1227,.T.);
#1340=FACE_BOUND('',#1228,.T.);
#1341=FACE_BOUND('',#1229,.T.);
#1342=FACE_BOUND('',#1230,.T.);
#1343=FACE_BOUND('',#1231,.T.);
#1344=FACE_BOUND('',#1232,.T.);
#1345=FACE_BOUND('',#1233,.T.);
#1346=FACE_BOUND('',#1234,.T.);
#1347=FACE_BOUND('',#1235,.T.);
#1348=FACE_BOUND('',#1236,.T.);
#1349=FACE_BOUND('',#1237,.T.);
#1350=FACE_BOUND('',#1238,.T.);
#1351=FACE_BOUND('',#1239,.T.);
#1352=FACE_BOUND('',#1240,.T.);
#1353=FACE_BOUND('',#1241,.T.);
#1354=FACE_BOUND('',#1242,.T.);
#1355=FACE_BOUND('',#1243,.T.);
#1356=FACE_BOUND('',#1244,.T.);
#1357=FACE_BOUND('',#1245,.T.);
#1358=PLANE('',#1508);
#1359=PLANE('',#1514);
#1360=PLANE('',#1534);
#1361=PLANE('',#1535);
#1362=PLANE('',#1538);
#1363=PLANE('',#1539);
#1364=PLANE('',#1542);
#1365=PLANE('',#1552);
#1366=PLANE('',#1553);
#1367=PLANE('',#1554);
#1368=PLANE('',#1555);
#1369=PLANE('',#1556);
#1370=PLANE('',#1557);
#1371=PLANE('',#1558);
#1372=PLANE('',#1559);
#1373=PLANE('',#1560);
#1374=PLANE('',#1561);
#1375=PLANE('',#1562);
#1376=PLANE('',#1563);
#1377=PLANE('',#1564);
#1378=PLANE('',#1565);
#1379=PLANE('',#1577);
#1380=PLANE('',#1580);
#1381=PLANE('',#1583);
#1382=PLANE('',#1586);
#1383=PLANE('',#1595);
#1384=PLANE('',#1596);
#1385=PLANE('',#1597);
#1386=PLANE('',#1598);
#1387=PLANE('',#1599);
#1388=PLANE('',#1600);
#1389=PLANE('',#1601);
#1390=PLANE('',#1602);
#1391=PLANE('',#1603);
#1392=PLANE('',#1604);
#1393=PLANE('',#1605);
#1394=PLANE('',#1606);
#1395=PLANE('',#1607);
#1396=PLANE('',#1608);
#1397=PLANE('',#1609);
#1398=PLANE('',#1680);
#1399=PLANE('',#1683);
#1400=PLANE('',#1684);
#1401=PLANE('',#1685);
#1402=ADVANCED_FACE('',(#1246,#1247,#1248),#1358,.T.);
#1403=ADVANCED_FACE('',(#1249,#1250,#1251,#1252,#1253,#1254),#1359,.F.);
#1404=ADVANCED_FACE('',(#1255,#1256,#1257),#53,.T.);
#1405=ADVANCED_FACE('',(#1258),#1360,.T.);
#1406=ADVANCED_FACE('',(#1259),#1361,.F.);
#1407=ADVANCED_FACE('',(#1260),#1362,.F.);
#1408=ADVANCED_FACE('',(#1261),#1363,.T.);
#1409=ADVANCED_FACE('',(#1262,#1263),#1364,.T.);
#1410=ADVANCED_FACE('',(#1264),#1365,.F.);
#1411=ADVANCED_FACE('',(#1265),#1366,.F.);
#1412=ADVANCED_FACE('',(#1266),#1367,.F.);
#1413=ADVANCED_FACE('',(#1267),#1368,.T.);
#1414=ADVANCED_FACE('',(#1268),#1369,.T.);
#1415=ADVANCED_FACE('',(#1269),#1370,.F.);
#1416=ADVANCED_FACE('',(#1270),#1371,.T.);
#1417=ADVANCED_FACE('',(#1271),#1372,.F.);
#1418=ADVANCED_FACE('',(#1272),#1373,.T.);
#1419=ADVANCED_FACE('',(#1273),#1374,.F.);
#1420=ADVANCED_FACE('',(#1274),#1375,.T.);
#1421=ADVANCED_FACE('',(#1275),#1376,.F.);
#1422=ADVANCED_FACE('',(#1276),#1377,.F.);
#1423=ADVANCED_FACE('',(#1277),#1378,.T.);
#1424=ADVANCED_FACE('',(#1278,#1279),#28,.F.);
#1425=ADVANCED_FACE('',(#1280),#54,.T.);
#1426=ADVANCED_FACE('',(#1281),#55,.T.);
#1427=ADVANCED_FACE('',(#1282),#56,.T.);
#1428=ADVANCED_FACE('',(#1283),#57,.T.);
#1429=ADVANCED_FACE('',(#1284,#1285),#58,.T.);
#1430=ADVANCED_FACE('',(#1286),#1379,.T.);
#1431=ADVANCED_FACE('',(#1287,#1288),#59,.T.);
#1432=ADVANCED_FACE('',(#1289),#1380,.T.);
#1433=ADVANCED_FACE('',(#1290,#1291),#60,.T.);
#1434=ADVANCED_FACE('',(#1292),#1381,.T.);
#1435=ADVANCED_FACE('',(#1293,#1294),#61,.T.);
#1436=ADVANCED_FACE('',(#1295),#1382,.T.);
#1437=ADVANCED_FACE('',(#1296,#1297,#1298),#62,.F.);
#1438=ADVANCED_FACE('',(#1299),#1383,.T.);
#1439=ADVANCED_FACE('',(#1300),#1384,.F.);
#1440=ADVANCED_FACE('',(#1301),#1385,.T.);
#1441=ADVANCED_FACE('',(#1302),#1386,.T.);
#1442=ADVANCED_FACE('',(#1303),#1387,.F.);
#1443=ADVANCED_FACE('',(#1304),#1388,.F.);
#1444=ADVANCED_FACE('',(#1305),#1389,.F.);
#1445=ADVANCED_FACE('',(#1306),#1390,.F.);
#1446=ADVANCED_FACE('',(#1307),#1391,.F.);
#1447=ADVANCED_FACE('',(#1308),#1392,.F.);
#1448=ADVANCED_FACE('',(#1309),#1393,.F.);
#1449=ADVANCED_FACE('',(#1310),#1394,.F.);
#1450=ADVANCED_FACE('',(#1311),#1395,.T.);
#1451=ADVANCED_FACE('',(#1312),#1396,.T.);
#1452=ADVANCED_FACE('',(#1313),#1397,.F.);
#1453=ADVANCED_FACE('',(#1314),#63,.T.);
#1454=ADVANCED_FACE('',(#1315),#64,.T.);
#1455=ADVANCED_FACE('',(#1316),#65,.T.);
#1456=ADVANCED_FACE('',(#1317),#66,.T.);
#1457=ADVANCED_FACE('',(#1318),#67,.T.);
#1458=ADVANCED_FACE('',(#1319),#68,.T.);
#1459=ADVANCED_FACE('',(#1320),#69,.T.);
#1460=ADVANCED_FACE('',(#1321),#70,.T.);
#1461=ADVANCED_FACE('',(#1322),#20,.T.);
#1462=ADVANCED_FACE('',(#1323),#71,.T.);
#1463=ADVANCED_FACE('',(#1324),#12,.T.);
#1464=ADVANCED_FACE('',(#1325),#21,.T.);
#1465=ADVANCED_FACE('',(#1326),#72,.T.);
#1466=ADVANCED_FACE('',(#1327),#73,.T.);
#1467=ADVANCED_FACE('',(#1328),#13,.T.);
#1468=ADVANCED_FACE('',(#1329),#14,.T.);
#1469=ADVANCED_FACE('',(#1330),#74,.T.);
#1470=ADVANCED_FACE('',(#1331),#22,.T.);
#1471=ADVANCED_FACE('',(#1332),#75,.T.);
#1472=ADVANCED_FACE('',(#1333),#23,.T.);
#1473=ADVANCED_FACE('',(#1334),#15,.T.);
#1474=ADVANCED_FACE('',(#1335),#76,.T.);
#1475=ADVANCED_FACE('',(#1336),#77,.T.);
#1476=ADVANCED_FACE('',(#1337),#16,.T.);
#1477=ADVANCED_FACE('',(#1338),#24,.T.);
#1478=ADVANCED_FACE('',(#1339),#25,.T.);
#1479=ADVANCED_FACE('',(#1340),#78,.T.);
#1480=ADVANCED_FACE('',(#1341),#79,.T.);
#1481=ADVANCED_FACE('',(#1342),#17,.T.);
#1482=ADVANCED_FACE('',(#1343),#18,.T.);
#1483=ADVANCED_FACE('',(#1344),#80,.T.);
#1484=ADVANCED_FACE('',(#1345),#81,.T.);
#1485=ADVANCED_FACE('',(#1346),#26,.T.);
#1486=ADVANCED_FACE('',(#1347),#27,.T.);
#1487=ADVANCED_FACE('',(#1348),#19,.T.);
#1488=ADVANCED_FACE('',(#1349),#82,.T.);
#1489=ADVANCED_FACE('',(#1350,#1351),#83,.T.);
#1490=ADVANCED_FACE('',(#1352),#1398,.T.);
#1491=ADVANCED_FACE('',(#1353,#1354),#84,.T.);
#1492=ADVANCED_FACE('',(#1355),#1399,.T.);
#1493=ADVANCED_FACE('',(#1356),#1400,.T.);
#1494=ADVANCED_FACE('',(#1357),#1401,.T.);
#1495=CLOSED_SHELL('',(#1402,#1403,#1404,#1405,#1406,#1407,#1408,#1409,
#1410,#1411,#1412,#1413,#1414,#1415,#1416,#1417,#1418,#1419,#1420,#1421,
#1422,#1423,#1424,#1425,#1426,#1427,#1428,#1429,#1430,#1431,#1432,#1433,
#1434,#1435,#1436,#1437,#1438,#1439,#1440,#1441,#1442,#1443,#1444,#1445,
#1446,#1447,#1448,#1449,#1450,#1451,#1452,#1453,#1454,#1455,#1456,#1457,
#1458,#1459,#1460,#1461,#1462,#1463,#1464,#1465,#1466,#1467,#1468,#1469,
#1470,#1471,#1472,#1473,#1474,#1475,#1476,#1477,#1478,#1479,#1480,#1481,
#1482,#1483,#1484,#1485,#1486,#1487,#1488,#1489,#1490,#1491,#1492,#1493,
#1494));
#1496=STYLED_ITEM('',(#1497),#1504);
#1497=PRESENTATION_STYLE_ASSIGNMENT((#1498));
#1498=SURFACE_STYLE_USAGE(.BOTH.,#1499);
#1499=SURFACE_SIDE_STYLE('',(#1500));
#1500=SURFACE_STYLE_FILL_AREA(#1501);
#1501=FILL_AREA_STYLE('',(#1502));
#1502=FILL_AREA_STYLE_COLOUR('',#1503);
#1503=COLOUR_RGB('',0.262745098039216,0.282352941176471,0.301960784313725);
#1504=MANIFOLD_SOLID_BREP('Part 1',#1495);
#1505=SHAPE_DEFINITION_REPRESENTATION(#2696,#1506);
#1506=SHAPE_REPRESENTATION('Part 1',(#1507),#2691);
#1507=AXIS2_PLACEMENT_3D('',#2158,#1686,#1687);
#1508=AXIS2_PLACEMENT_3D('',#2159,#1688,#1689);
#1509=AXIS2_PLACEMENT_3D('',#2160,#1690,#1691);
#1510=AXIS2_PLACEMENT_3D('',#2165,#1693,#1694);
#1511=AXIS2_PLACEMENT_3D('',#2169,#1696,#1697);
#1512=AXIS2_PLACEMENT_3D('',#2181,#1703,#1704);
#1513=AXIS2_PLACEMENT_3D('',#2182,#1705,#1706);
#1514=AXIS2_PLACEMENT_3D('',#2184,#1707,#1708);
#1515=AXIS2_PLACEMENT_3D('',#2185,#1709,#1710);
#1516=AXIS2_PLACEMENT_3D('',#2187,#1711,#1712);
#1517=AXIS2_PLACEMENT_3D('',#2189,#1713,#1714);
#1518=AXIS2_PLACEMENT_3D('',#2191,#1715,#1716);
#1519=AXIS2_PLACEMENT_3D('',#2196,#1718,#1719);
#1520=AXIS2_PLACEMENT_3D('',#2200,#1721,#1722);
#1521=AXIS2_PLACEMENT_3D('',#2204,#1724,#1725);
#1522=AXIS2_PLACEMENT_3D('',#2208,#1727,#1728);
#1523=AXIS2_PLACEMENT_3D('',#2209,#1729,#1730);
#1524=AXIS2_PLACEMENT_3D('',#2211,#1731,#1732);
#1525=AXIS2_PLACEMENT_3D('',#2212,#1733,#1734);
#1526=AXIS2_PLACEMENT_3D('',#2217,#1736,#1737);
#1527=AXIS2_PLACEMENT_3D('',#2220,#1739,#1740);
#1528=AXIS2_PLACEMENT_3D('',#2226,#1743,#1744);
#1529=AXIS2_PLACEMENT_3D('',#2231,#1747,#1748);
#1530=AXIS2_PLACEMENT_3D('',#2235,#1750,#1751);
#1531=AXIS2_PLACEMENT_3D('',#2239,#1753,#1754);
#1532=AXIS2_PLACEMENT_3D('',#2243,#1756,#1757);
#1533=AXIS2_PLACEMENT_3D('',#2246,#1759,#1760);
#1534=AXIS2_PLACEMENT_3D('',#2248,#1761,#1762);
#1535=AXIS2_PLACEMENT_3D('',#2258,#1768,#1769);
#1536=AXIS2_PLACEMENT_3D('',#2261,#1771,#1772);
#1537=AXIS2_PLACEMENT_3D('',#2269,#1776,#1777);
#1538=AXIS2_PLACEMENT_3D('',#2272,#1779,#1780);
#1539=AXIS2_PLACEMENT_3D('',#2282,#1786,#1787);
#1540=AXIS2_PLACEMENT_3D('',#2285,#1789,#1790);
#1541=AXIS2_PLACEMENT_3D('',#2293,#1794,#1795);
#1542=AXIS2_PLACEMENT_3D('',#2296,#1797,#1798);
#1543=AXIS2_PLACEMENT_3D('',#2297,#1799,#1800);
#1544=AXIS2_PLACEMENT_3D('',#2302,#1802,#1803);
#1545=AXIS2_PLACEMENT_3D('',#2306,#1805,#1806);
#1546=AXIS2_PLACEMENT_3D('',#2310,#1808,#1809);
#1547=AXIS2_PLACEMENT_3D('',#2314,#1811,#1812);
#1548=AXIS2_PLACEMENT_3D('',#2318,#1814,#1815);
#1549=AXIS2_PLACEMENT_3D('',#2322,#1817,#1818);
#1550=AXIS2_PLACEMENT_3D('',#2326,#1820,#1821);
#1551=AXIS2_PLACEMENT_3D('',#2330,#1823,#1824);
#1552=AXIS2_PLACEMENT_3D('',#2331,#1825,#1826);
#1553=AXIS2_PLACEMENT_3D('',#2335,#1829,#1830);
#1554=AXIS2_PLACEMENT_3D('',#2339,#1833,#1834);
#1555=AXIS2_PLACEMENT_3D('',#2343,#1837,#1838);
#1556=AXIS2_PLACEMENT_3D('',#2347,#1841,#1842);
#1557=AXIS2_PLACEMENT_3D('',#2349,#1844,#1845);
#1558=AXIS2_PLACEMENT_3D('',#2350,#1846,#1847);
#1559=AXIS2_PLACEMENT_3D('',#2356,#1851,#1852);
#1560=AXIS2_PLACEMENT_3D('',#2362,#1856,#1857);
#1561=AXIS2_PLACEMENT_3D('',#2368,#1861,#1862);
#1562=AXIS2_PLACEMENT_3D('',#2374,#1866,#1867);
#1563=AXIS2_PLACEMENT_3D('',#2382,#1872,#1873);
#1564=AXIS2_PLACEMENT_3D('',#2390,#1878,#1879);
#1565=AXIS2_PLACEMENT_3D('',#2398,#1884,#1885);
#1566=AXIS2_PLACEMENT_3D('',#2406,#1890,#1891);
#1567=AXIS2_PLACEMENT_3D('',#2407,#1892,#1893);
#1568=AXIS2_PLACEMENT_3D('',#2408,#1894,#1895);
#1569=AXIS2_PLACEMENT_3D('',#2409,#1896,#1897);
#1570=AXIS2_PLACEMENT_3D('',#2410,#1898,#1899);
#1571=AXIS2_PLACEMENT_3D('',#2411,#1900,#1901);
#1572=AXIS2_PLACEMENT_3D('',#2412,#1902,#1903);
#1573=AXIS2_PLACEMENT_3D('',#2413,#1904,#1905);
#1574=AXIS2_PLACEMENT_3D('',#2414,#1906,#1907);
#1575=AXIS2_PLACEMENT_3D('',#2415,#1908,#1909);
#1576=AXIS2_PLACEMENT_3D('',#2416,#1910,#1911);
#1577=AXIS2_PLACEMENT_3D('',#2418,#1912,#1913);
#1578=AXIS2_PLACEMENT_3D('',#2419,#1914,#1915);
#1579=AXIS2_PLACEMENT_3D('',#2420,#1916,#1917);
#1580=AXIS2_PLACEMENT_3D('',#2422,#1918,#1919);
#1581=AXIS2_PLACEMENT_3D('',#2423,#1920,#1921);
#1582=AXIS2_PLACEMENT_3D('',#2424,#1922,#1923);
#1583=AXIS2_PLACEMENT_3D('',#2426,#1924,#1925);
#1584=AXIS2_PLACEMENT_3D('',#2427,#1926,#1927);
#1585=AXIS2_PLACEMENT_3D('',#2428,#1928,#1929);
#1586=AXIS2_PLACEMENT_3D('',#2430,#1930,#1931);
#1587=AXIS2_PLACEMENT_3D('',#2431,#1932,#1933);
#1588=AXIS2_PLACEMENT_3D('',#2432,#1934,#1935);
#1589=AXIS2_PLACEMENT_3D('',#2437,#1937,#1938);
#1590=AXIS2_PLACEMENT_3D('',#2442,#1941,#1942);
#1591=AXIS2_PLACEMENT_3D('',#2446,#1944,#1945);
#1592=AXIS2_PLACEMENT_3D('',#2450,#1947,#1948);
#1593=AXIS2_PLACEMENT_3D('',#2454,#1950,#1951);
#1594=AXIS2_PLACEMENT_3D('',#2458,#1953,#1954);
#1595=AXIS2_PLACEMENT_3D('',#2461,#1956,#1957);
#1596=AXIS2_PLACEMENT_3D('',#2464,#1960,#1961);
#1597=AXIS2_PLACEMENT_3D('',#2465,#1962,#1963);
#1598=AXIS2_PLACEMENT_3D('',#2467,#1965,#1966);
#1599=AXIS2_PLACEMENT_3D('',#2469,#1968,#1969);
#1600=AXIS2_PLACEMENT_3D('',#2471,#1971,#1972);
#1601=AXIS2_PLACEMENT_3D('',#2473,#1974,#1975);
#1602=AXIS2_PLACEMENT_3D('',#2475,#1977,#1978);
#1603=AXIS2_PLACEMENT_3D('',#2477,#1980,#1981);
#1604=AXIS2_PLACEMENT_3D('',#2479,#1983,#1984);
#1605=AXIS2_PLACEMENT_3D('',#2481,#1986,#1987);
#1606=AXIS2_PLACEMENT_3D('',#2482,#1988,#1989);
#1607=AXIS2_PLACEMENT_3D('',#2488,#1993,#1994);
#1608=AXIS2_PLACEMENT_3D('',#2493,#1998,#1999);
#1609=AXIS2_PLACEMENT_3D('',#2497,#2002,#2003);
#1610=AXIS2_PLACEMENT_3D('',#2500,#2006,#2007);
#1611=AXIS2_PLACEMENT_3D('',#2501,#2008,#2009);
#1612=AXIS2_PLACEMENT_3D('',#2502,#2010,#2011);
#1613=AXIS2_PLACEMENT_3D('',#2503,#2012,#2013);
#1614=AXIS2_PLACEMENT_3D('',#2504,#2014,#2015);
#1615=AXIS2_PLACEMENT_3D('',#2505,#2016,#2017);
#1616=AXIS2_PLACEMENT_3D('',#2506,#2018,#2019);
#1617=AXIS2_PLACEMENT_3D('',#2507,#2020,#2021);
#1618=AXIS2_PLACEMENT_3D('',#2508,#2022,#2023);
#1619=AXIS2_PLACEMENT_3D('',#2509,#2024,#2025);
#1620=AXIS2_PLACEMENT_3D('',#2510,#2026,#2027);
#1621=AXIS2_PLACEMENT_3D('',#2511,#2028,#2029);
#1622=AXIS2_PLACEMENT_3D('',#2512,#2030,#2031);
#1623=AXIS2_PLACEMENT_3D('',#2513,#2032,#2033);
#1624=AXIS2_PLACEMENT_3D('',#2514,#2034,#2035);
#1625=AXIS2_PLACEMENT_3D('',#2515,#2036,#2037);
#1626=AXIS2_PLACEMENT_3D('',#2528,#2038,#2039);
#1627=AXIS2_PLACEMENT_3D('',#2530,#2040,#2041);
#1628=AXIS2_PLACEMENT_3D('',#2531,#2042,#2043);
#1629=AXIS2_PLACEMENT_3D('',#2532,#2044,#2045);
#1630=AXIS2_PLACEMENT_3D('',#2533,#2046,#2047);
#1631=AXIS2_PLACEMENT_3D('',#2534,#2048,#2049);
#1632=AXIS2_PLACEMENT_3D('',#2535,#2050,#2051);
#1633=AXIS2_PLACEMENT_3D('',#2551,#2052,#2053);
#1634=AXIS2_PLACEMENT_3D('',#2552,#2054,#2055);
#1635=AXIS2_PLACEMENT_3D('',#2553,#2056,#2057);
#1636=AXIS2_PLACEMENT_3D('',#2554,#2058,#2059);
#1637=AXIS2_PLACEMENT_3D('',#2555,#2060,#2061);
#1638=AXIS2_PLACEMENT_3D('',#2556,#2062,#2063);
#1639=AXIS2_PLACEMENT_3D('',#2557,#2064,#2065);
#1640=AXIS2_PLACEMENT_3D('',#2558,#2066,#2067);
#1641=AXIS2_PLACEMENT_3D('',#2559,#2068,#2069);
#1642=AXIS2_PLACEMENT_3D('',#2560,#2070,#2071);
#1643=AXIS2_PLACEMENT_3D('',#2561,#2072,#2073);
#1644=AXIS2_PLACEMENT_3D('',#2563,#2074,#2075);
#1645=AXIS2_PLACEMENT_3D('',#2576,#2076,#2077);
#1646=AXIS2_PLACEMENT_3D('',#2577,#2078,#2079);
#1647=AXIS2_PLACEMENT_3D('',#2578,#2080,#2081);
#1648=AXIS2_PLACEMENT_3D('',#2594,#2082,#2083);
#1649=AXIS2_PLACEMENT_3D('',#2595,#2084,#2085);
#1650=AXIS2_PLACEMENT_3D('',#2596,#2086,#2087);
#1651=AXIS2_PLACEMENT_3D('',#2597,#2088,#2089);
#1652=AXIS2_PLACEMENT_3D('',#2598,#2090,#2091);
#1653=AXIS2_PLACEMENT_3D('',#2599,#2092,#2093);
#1654=AXIS2_PLACEMENT_3D('',#2600,#2094,#2095);
#1655=AXIS2_PLACEMENT_3D('',#2601,#2096,#2097);
#1656=AXIS2_PLACEMENT_3D('',#2602,#2098,#2099);
#1657=AXIS2_PLACEMENT_3D('',#2615,#2100,#2101);
#1658=AXIS2_PLACEMENT_3D('',#2617,#2102,#2103);
#1659=AXIS2_PLACEMENT_3D('',#2633,#2104,#2105);
#1660=AXIS2_PLACEMENT_3D('',#2634,#2106,#2107);
#1661=AXIS2_PLACEMENT_3D('',#2635,#2108,#2109);
#1662=AXIS2_PLACEMENT_3D('',#2636,#2110,#2111);
#1663=AXIS2_PLACEMENT_3D('',#2637,#2112,#2113);
#1664=AXIS2_PLACEMENT_3D('',#2638,#2114,#2115);
#1665=AXIS2_PLACEMENT_3D('',#2639,#2116,#2117);
#1666=AXIS2_PLACEMENT_3D('',#2640,#2118,#2119);
#1667=AXIS2_PLACEMENT_3D('',#2641,#2120,#2121);
#1668=AXIS2_PLACEMENT_3D('',#2642,#2122,#2123);
#1669=AXIS2_PLACEMENT_3D('',#2643,#2124,#2125);
#1670=AXIS2_PLACEMENT_3D('',#2644,#2126,#2127);
#1671=AXIS2_PLACEMENT_3D('',#2645,#2128,#2129);
#1672=AXIS2_PLACEMENT_3D('',#2661,#2130,#2131);
#1673=AXIS2_PLACEMENT_3D('',#2663,#2132,#2133);
#1674=AXIS2_PLACEMENT_3D('',#2676,#2134,#2135);
#1675=AXIS2_PLACEMENT_3D('',#2677,#2136,#2137);
#1676=AXIS2_PLACEMENT_3D('',#2678,#2138,#2139);
#1677=AXIS2_PLACEMENT_3D('',#2679,#2140,#2141);
#1678=AXIS2_PLACEMENT_3D('',#2680,#2142,#2143);
#1679=AXIS2_PLACEMENT_3D('',#2681,#2144,#2145);
#1680=AXIS2_PLACEMENT_3D('',#2683,#2146,#2147);
#1681=AXIS2_PLACEMENT_3D('',#2684,#2148,#2149);
#1682=AXIS2_PLACEMENT_3D('',#2685,#2150,#2151);
#1683=AXIS2_PLACEMENT_3D('',#2687,#2152,#2153);
#1684=AXIS2_PLACEMENT_3D('',#2688,#2154,#2155);
#1685=AXIS2_PLACEMENT_3D('',#2689,#2156,#2157);
#1686=DIRECTION('',(0.,0.,1.));
#1687=DIRECTION('',(1.,0.,0.));
#1688=DIRECTION('',(1.,0.,0.));
#1689=DIRECTION('',(0.,0.,-1.));
#1690=DIRECTION('',(-1.,0.,0.));
#1691=DIRECTION('',(0.,-1.,0.));
#1692=DIRECTION('',(0.,0.,-1.));
#1693=DIRECTION('',(1.,0.,0.));
#1694=DIRECTION('',(0.,-1.,0.));
#1695=DIRECTION('',(0.,0.,-1.));
#1696=DIRECTION('',(1.,0.,0.));
#1697=DIRECTION('',(0.,-1.,0.));
#1698=DIRECTION('',(0.,5.78241158658936E-17,-1.));
#1699=DIRECTION('',(0.,1.,0.));
#1700=DIRECTION('',(0.,0.,-1.));
#1701=DIRECTION('',(0.,1.,0.));
#1702=DIRECTION('',(0.,5.78241158658936E-17,-1.));
#1703=DIRECTION('',(1.,0.,0.));
#1704=DIRECTION('',(0.,-1.,0.));
#1705=DIRECTION('',(1.,0.,0.));
#1706=DIRECTION('',(0.,-1.,0.));
#1707=DIRECTION('',(1.,0.,0.));
#1708=DIRECTION('',(0.,0.,-1.));
#1709=DIRECTION('',(1.,0.,0.));
#1710=DIRECTION('',(0.,-1.,0.));
#1711=DIRECTION('',(1.,0.,0.));
#1712=DIRECTION('',(0.,1.,0.));
#1713=DIRECTION('',(-1.,0.,0.));
#1714=DIRECTION('',(0.,1.,0.));
#1715=DIRECTION('',(-1.,0.,0.));
#1716=DIRECTION('',(0.,1.,0.));
#1717=DIRECTION('',(0.,-1.,-1.15648231731787E-16));
#1718=DIRECTION('',(1.,0.,0.));
#1719=DIRECTION('',(0.,-1.,0.));
#1720=DIRECTION('',(0.,2.89120579329468E-16,-1.));
#1721=DIRECTION('',(1.,0.,0.));
#1722=DIRECTION('',(0.,-1.,0.));
#1723=DIRECTION('',(0.,-1.,-1.15648231731787E-16));
#1724=DIRECTION('',(1.,0.,0.));
#1725=DIRECTION('',(0.,-1.,0.));
#1726=DIRECTION('',(0.,2.89120579329468E-16,-1.));
#1727=DIRECTION('',(1.,0.,0.));
#1728=DIRECTION('',(0.,-1.,0.));
#1729=DIRECTION('',(1.,0.,0.));
#1730=DIRECTION('',(0.,1.,0.));
#1731=DIRECTION('',(-1.,0.,0.));
#1732=DIRECTION('',(0.,1.,0.));
#1733=DIRECTION('',(1.,0.,0.));
#1734=DIRECTION('',(0.,-1.,0.));
#1735=DIRECTION('',(-1.,0.,0.));
#1736=DIRECTION('',(1.,0.,0.));
#1737=DIRECTION('',(0.,-1.,0.));
#1738=DIRECTION('',(-1.,0.,0.));
#1739=DIRECTION('',(-1.,0.,0.));
#1740=DIRECTION('',(0.,1.,0.));
#1741=DIRECTION('',(-1.,0.,0.));
#1742=DIRECTION('',(-1.,0.,0.));
#1743=DIRECTION('',(1.,0.,0.));
#1744=DIRECTION('',(0.,-1.,0.));
#1745=DIRECTION('',(-1.,0.,0.));
#1746=DIRECTION('',(-1.,0.,0.));
#1747=DIRECTION('',(-1.,0.,0.));
#1748=DIRECTION('',(0.,1.,0.));
#1749=DIRECTION('',(-1.,0.,0.));
#1750=DIRECTION('',(-1.,0.,0.));
#1751=DIRECTION('',(0.,1.,0.));
#1752=DIRECTION('',(-1.,0.,0.));
#1753=DIRECTION('',(1.,0.,0.));
#1754=DIRECTION('',(0.,-1.,0.));
#1755=DIRECTION('',(-1.,0.,0.));
#1756=DIRECTION('',(-1.,0.,0.));
#1757=DIRECTION('',(0.,1.,0.));
#1758=DIRECTION('',(-1.,0.,0.));
#1759=DIRECTION('',(1.,0.,0.));
#1760=DIRECTION('',(0.,-1.,0.));
#1761=DIRECTION('',(0.,1.,2.89120579329468E-16));
#1762=DIRECTION('',(0.,-2.89120579329468E-16,1.));
#1763=DIRECTION('',(-1.,0.,0.));
#1764=DIRECTION('',(0.848110986276063,1.53181462222776E-16,-0.52981860571128));
#1765=DIRECTION('',(1.23259516440783E-32,-2.89120579329468E-16,1.));
#1766=DIRECTION('',(0.848110986276062,-1.53181462222776E-16,0.52981860571128));
#1767=DIRECTION('',(-1.,0.,0.));
#1768=DIRECTION('',(0.,1.15648231731787E-16,-1.));
#1769=DIRECTION('',(0.,1.,1.15648231731787E-16));
#1770=DIRECTION('',(-1.,0.,0.));
#1771=DIRECTION('',(0.,1.15648231731787E-16,-1.));
#1772=DIRECTION('',(-1.,-9.9440348656086E-17,-1.15001004848687E-32));
#1773=DIRECTION('',(-0.75367659993226,-0.657245450889201,-7.60092742090973E-17));
#1774=DIRECTION('',(0.,1.,1.15648231731787E-16));
#1775=DIRECTION('',(-0.753676599932259,0.657245450889201,7.60092742090973E-17));
#1776=DIRECTION('',(0.,1.15648231731787E-16,-1.));
#1777=DIRECTION('',(1.,9.9440348656086E-17,1.15001004848687E-32));
#1778=DIRECTION('',(-1.,0.,0.));
#1779=DIRECTION('',(0.,1.,2.89120579329468E-16));
#1780=DIRECTION('',(0.,-2.89120579329468E-16,1.));
#1781=DIRECTION('',(-1.,0.,0.));
#1782=DIRECTION('',(0.848110986276062,-1.53181462222776E-16,0.52981860571128));
#1783=DIRECTION('',(-1.23259516440783E-32,-2.89120579329468E-16,1.));
#1784=DIRECTION('',(0.848110986276062,1.53181462222776E-16,-0.52981860571128));
#1785=DIRECTION('',(-1.,0.,0.));
#1786=DIRECTION('',(0.,1.15648231731787E-16,-1.));
#1787=DIRECTION('',(0.,1.,1.15648231731787E-16));
#1788=DIRECTION('',(-1.,0.,0.));
#1789=DIRECTION('',(0.,1.15648231731787E-16,-1.));
#1790=DIRECTION('',(1.,-9.9440348656086E-17,-1.15001004848687E-32));
#1791=DIRECTION('',(-0.753676599932259,0.657245450889201,7.60092742090973E-17));
#1792=DIRECTION('',(0.,1.,1.15648231731787E-16));
#1793=DIRECTION('',(-0.753676599932259,-0.657245450889201,-7.60092742090973E-17));
#1794=DIRECTION('',(0.,1.15648231731787E-16,-1.));
#1795=DIRECTION('',(-1.,9.9440348656086E-17,1.15001004848687E-32));
#1796=DIRECTION('',(-1.,0.,0.));
#1797=DIRECTION('',(1.,0.,0.));
#1798=DIRECTION('',(0.,0.,-1.));
#1799=DIRECTION('',(1.,0.,0.));
#1800=DIRECTION('',(0.,-1.,0.));
#1801=DIRECTION('',(0.,-2.89120579329468E-16,1.));
#1802=DIRECTION('',(1.,0.,0.));
#1803=DIRECTION('',(0.,0.707106781186548,0.707106781186548));
#1804=DIRECTION('',(0.,-0.812934749069289,0.582354783405831));
#1805=DIRECTION('',(1.,0.,0.));
#1806=DIRECTION('',(0.,0.707106781186547,0.707106781186548));
#1807=DIRECTION('',(0.,-1.,-1.15648231731787E-16));
#1808=DIRECTION('',(1.,0.,0.));
#1809=DIRECTION('',(0.,-0.707106781186548,0.707106781186547));
#1810=DIRECTION('',(0.,0.812934749069288,0.582354783405832));
#1811=DIRECTION('',(1.,0.,0.));
#1812=DIRECTION('',(0.,0.707106781186548,-0.707106781186547));
#1813=DIRECTION('',(0.,2.89120579329468E-16,-1.));
#1814=DIRECTION('',(1.,0.,0.));
#1815=DIRECTION('',(0.,0.707106781186548,0.707106781186548));
#1816=DIRECTION('',(0.,0.812934749069289,-0.582354783405831));
#1817=DIRECTION('',(1.,0.,0.));
#1818=DIRECTION('',(0.,0.707106781186548,0.707106781186548));
#1819=DIRECTION('',(0.,1.,1.15648231731787E-16));
#1820=DIRECTION('',(1.,0.,0.));
#1821=DIRECTION('',(0.,-0.707106781186548,0.707106781186547));
#1822=DIRECTION('',(0.,-0.812934749069289,-0.582354783405832));
#1823=DIRECTION('',(1.,0.,0.));
#1824=DIRECTION('',(0.,0.707106781186548,-0.707106781186548));
#1825=DIRECTION('',(0.,-1.,-5.78241158658936E-17));
#1826=DIRECTION('',(0.,5.78241158658936E-17,-1.));
#1827=DIRECTION('',(0.,5.78241158658936E-17,-1.));
#1828=DIRECTION('',(1.,0.,0.));
#1829=DIRECTION('',(0.,-1.,-5.78241158658936E-17));
#1830=DIRECTION('',(0.,5.78241158658936E-17,-1.));
#1831=DIRECTION('',(0.,5.78241158658936E-17,-1.));
#1832=DIRECTION('',(1.,0.,0.));
#1833=DIRECTION('',(0.,0.,-1.));
#1834=DIRECTION('',(0.,1.,0.));
#1835=DIRECTION('',(0.,1.,0.));
#1836=DIRECTION('',(1.,0.,0.));
#1837=DIRECTION('',(0.,-1.,0.));
#1838=DIRECTION('',(-1.,0.,0.));
#1839=DIRECTION('',(0.,0.,-1.));
#1840=DIRECTION('',(1.,0.,0.));
#1841=DIRECTION('',(0.,0.,-1.));
#1842=DIRECTION('',(0.,1.,0.));
#1843=DIRECTION('',(0.,1.,0.));
#1844=DIRECTION('',(1.,0.,0.));
#1845=DIRECTION('',(0.,0.,-1.));
#1846=DIRECTION('',(0.342020143325669,-1.08673789965299E-16,0.939692620785908));
#1847=DIRECTION('',(0.,1.,1.15648231731787E-16));
#1848=DIRECTION('',(-0.889126490715989,0.323615577118185,0.323615577118185));
#1849=DIRECTION('',(-6.16297582203916E-33,1.,1.15648231731787E-16));
#1850=DIRECTION('',(-0.889126490715988,-0.323615577118185,0.323615577118185));
#1851=DIRECTION('',(-0.342020143325669,-0.939692620785908,-2.71684474913248E-16));
#1852=DIRECTION('',(0.,2.89120579329468E-16,-1.));
#1853=DIRECTION('',(0.889126490715988,-0.323615577118185,0.323615577118185));
#1854=DIRECTION('',(-1.30692974840523E-32,2.89120579329468E-16,-1.));
#1855=DIRECTION('',(0.889126490715989,-0.323615577118185,-0.323615577118185));
#1856=DIRECTION('',(0.342020143325669,-0.939692620785908,-2.71684474913248E-16));
#1857=DIRECTION('',(0.,-2.89120579329468E-16,1.));
#1858=DIRECTION('',(0.889126490715988,0.323615577118185,-0.323615577118185));
#1859=DIRECTION('',(-1.30692974840523E-32,-2.89120579329468E-16,1.));
#1860=DIRECTION('',(0.889126490715988,0.323615577118185,0.323615577118185));
#1861=DIRECTION('',(-0.342020143325669,-1.08673789965299E-16,0.939692620785908));
#1862=DIRECTION('',(0.,-1.,-1.15648231731787E-16));
#1863=DIRECTION('',(-0.889126490715988,-0.323615577118185,-0.323615577118185));
#1864=DIRECTION('',(-6.16297582203916E-33,-1.,-1.15648231731787E-16));
#1865=DIRECTION('',(-0.889126490715988,0.323615577118185,-0.323615577118185));
#1866=DIRECTION('',(0.452799789567166,-0.519234641166889,-0.724822556202704));
#1867=DIRECTION('',(0.889126490715988,0.323615577118185,0.323615577118185));
#1868=DIRECTION('',(0.848110986276062,-1.48811149777403E-16,0.52981860571128));
#1869=DIRECTION('',(-0.753676599932259,-0.657245450889201,-1.8750951910932E-16));
#1870=DIRECTION('',(0.889126490715988,0.323615577118185,0.323615577118185));
#1871=DIRECTION('',(0.889126490715988,0.323615577118185,0.323615577118185));
#1872=DIRECTION('',(-0.452799789567166,0.519234641166889,-0.724822556202704));
#1873=DIRECTION('',(-0.889126490715988,-0.323615577118185,0.323615577118185));
#1874=DIRECTION('',(0.75367659993226,0.657245450889201,4.50231185234842E-17));
#1875=DIRECTION('',(-0.848110986276062,-1.1998783708708E-16,0.52981860571128));
#1876=DIRECTION('',(-0.889126490715988,-0.323615577118185,0.323615577118185));
#1877=DIRECTION('',(0.889126490715988,0.323615577118185,-0.323615577118185));
#1878=DIRECTION('',(-0.452799789567166,-0.519234641166889,0.724822556202704));
#1879=DIRECTION('',(0.889126490715988,-0.323615577118185,0.323615577118185));
#1880=DIRECTION('',(0.753676599932259,-0.657245450889201,-2.97477018254216E-17));
#1881=DIRECTION('',(-0.848110986276062,1.53702732952309E-16,-0.52981860571128));
#1882=DIRECTION('',(0.889126490715988,-0.323615577118185,0.323615577118185));
#1883=DIRECTION('',(-0.889126490715988,0.323615577118185,-0.323615577118185));
#1884=DIRECTION('',(0.452799789567166,0.519234641166888,0.724822556202705));
#1885=DIRECTION('',(-0.889126490715988,0.323615577118185,0.323615577118185));
#1886=DIRECTION('',(-0.889126490715988,0.323615577118185,0.323615577118185));
#1887=DIRECTION('',(0.848110986276063,1.24516365972121E-16,-0.52981860571128));
#1888=DIRECTION('',(-0.753676599932259,0.657245450889201,1.00534269754742E-16));
#1889=DIRECTION('',(-0.889126490715988,0.323615577118185,0.323615577118185));
#1890=DIRECTION('',(1.,0.,0.));
#1891=DIRECTION('',(0.,-1.,0.));
#1892=DIRECTION('',(1.,0.,0.));
#1893=DIRECTION('',(0.,-1.,0.));
#1894=DIRECTION('',(1.,5.12221498812049E-16,0.));
#1895=DIRECTION('',(5.12221498812049E-16,-1.,0.));
#1896=DIRECTION('',(-1.,0.,0.));
#1897=DIRECTION('',(0.,1.,0.));
#1898=DIRECTION('',(-1.,5.12221498812049E-16,0.));
#1899=DIRECTION('',(5.12221498812049E-16,1.,0.));
#1900=DIRECTION('',(1.,0.,0.));
#1901=DIRECTION('',(0.,-1.,0.));
#1902=DIRECTION('',(-1.,1.87814549564418E-15,0.));
#1903=DIRECTION('',(1.87814549564418E-15,1.,0.));
#1904=DIRECTION('',(-1.,0.,0.));
#1905=DIRECTION('',(0.,1.,0.));
#1906=DIRECTION('',(-1.,0.,0.));
#1907=DIRECTION('',(0.,1.,0.));
#1908=DIRECTION('',(1.,0.,0.));
#1909=DIRECTION('',(0.,-1.,0.));
#1910=DIRECTION('',(-1.,0.,0.));
#1911=DIRECTION('',(0.,1.,0.));
#1912=DIRECTION('',(-1.,0.,0.));
#1913=DIRECTION('',(0.,0.,1.));
#1914=DIRECTION('',(1.,0.,0.));
#1915=DIRECTION('',(0.,-1.,0.));
#1916=DIRECTION('',(-1.,0.,0.));
#1917=DIRECTION('',(0.,1.,0.));
#1918=DIRECTION('',(-1.,0.,0.));
#1919=DIRECTION('',(0.,0.,1.));
#1920=DIRECTION('',(1.,0.,0.));
#1921=DIRECTION('',(0.,-1.,0.));
#1922=DIRECTION('',(1.,0.,0.));
#1923=DIRECTION('',(0.,1.,0.));
#1924=DIRECTION('',(-1.,0.,0.));
#1925=DIRECTION('',(0.,0.,1.));
#1926=DIRECTION('',(1.,0.,0.));
#1927=DIRECTION('',(0.,-1.,0.));
#1928=DIRECTION('',(1.,0.,0.));
#1929=DIRECTION('',(0.,1.,0.));
#1930=DIRECTION('',(-1.,0.,0.));
#1931=DIRECTION('',(0.,0.,1.));
#1932=DIRECTION('',(1.,0.,0.));
#1933=DIRECTION('',(0.,-1.,0.));
#1934=DIRECTION('',(1.,0.,0.));
#1935=DIRECTION('',(0.,-1.,0.));
#1936=DIRECTION('',(1.,0.,0.));
#1937=DIRECTION('',(1.,0.,0.));
#1938=DIRECTION('',(0.,-1.,0.));
#1939=DIRECTION('',(1.,0.,0.));
#1940=DIRECTION('',(1.,0.,0.));
#1941=DIRECTION('',(-1.,0.,0.));
#1942=DIRECTION('',(0.,1.,0.));
#1943=DIRECTION('',(1.,0.,0.));
#1944=DIRECTION('',(-1.,0.,0.));
#1945=DIRECTION('',(0.,1.,0.));
#1946=DIRECTION('',(1.,0.,0.));
#1947=DIRECTION('',(1.,0.,0.));
#1948=DIRECTION('',(0.,-1.,0.));
#1949=DIRECTION('',(1.,0.,0.));
#1950=DIRECTION('',(-1.,0.,0.));
#1951=DIRECTION('',(0.,1.,0.));
#1952=DIRECTION('',(1.,0.,0.));
#1953=DIRECTION('',(-1.,0.,0.));
#1954=DIRECTION('',(0.,1.,0.));
#1955=DIRECTION('',(1.,0.,0.));
#1956=DIRECTION('',(-1.,0.,0.));
#1957=DIRECTION('',(0.,1.,0.));
#1958=DIRECTION('',(0.,0.,1.));
#1959=DIRECTION('',(0.,0.,1.));
#1960=DIRECTION('',(1.65410153282258E-16,-1.,0.));
#1961=DIRECTION('',(-1.,-1.65410153282258E-16,0.));
#1962=DIRECTION('',(3.30820306564517E-16,-1.,0.));
#1963=DIRECTION('',(-1.,-3.30820306564517E-16,0.));
#1964=DIRECTION('',(0.,0.,1.));
#1965=DIRECTION('',(-1.,0.,0.));
#1966=DIRECTION('',(0.,1.,0.));
#1967=DIRECTION('',(0.,0.,1.));
#1968=DIRECTION('',(-1.38777878078145E-16,1.,0.));
#1969=DIRECTION('',(1.,1.38777878078145E-16,0.));
#1970=DIRECTION('',(0.,0.,1.));
#1971=DIRECTION('',(-1.,0.,0.));
#1972=DIRECTION('',(0.,1.,0.));
#1973=DIRECTION('',(0.,0.,1.));
#1974=DIRECTION('',(0.,-1.,0.));
#1975=DIRECTION('',(-1.,0.,0.));
#1976=DIRECTION('',(0.,0.,1.));
#1977=DIRECTION('',(1.,0.,0.));
#1978=DIRECTION('',(0.,-1.,0.));
#1979=DIRECTION('',(0.,0.,1.));
#1980=DIRECTION('',(2.47817639425258E-16,-1.,0.));
#1981=DIRECTION('',(-1.,-2.47817639425258E-16,0.));
#1982=DIRECTION('',(0.,0.,1.));
#1983=DIRECTION('',(-1.,0.,0.));
#1984=DIRECTION('',(0.,1.,0.));
#1985=DIRECTION('',(0.,0.,1.));
#1986=DIRECTION('',(0.,-1.,0.));
#1987=DIRECTION('',(-1.,0.,0.));
#1988=DIRECTION('',(0.,0.,-1.));
#1989=DIRECTION('',(0.,1.,0.));
#1990=DIRECTION('',(0.,-1.,0.));
#1991=DIRECTION('',(-1.,0.,0.));
#1992=DIRECTION('',(0.,-1.,0.));
#1993=DIRECTION('',(1.,0.,0.));
#1994=DIRECTION('',(0.,-1.,0.));
#1995=DIRECTION('',(0.,-0.466280616235346,-0.884636867264295));
#1996=DIRECTION('',(0.,-1.,0.));
#1997=DIRECTION('',(0.,0.466280616235347,-0.884636867264295));
#1998=DIRECTION('',(0.,0.,-1.));
#1999=DIRECTION('',(0.,1.,0.));
#2000=DIRECTION('',(1.,0.,0.));
#2001=DIRECTION('',(0.,-1.,0.));
#2002=DIRECTION('',(1.,0.,0.));
#2003=DIRECTION('',(0.,-1.,0.));
#2004=DIRECTION('',(0.,-0.466280616235347,0.884636867264295));
#2005=DIRECTION('',(0.,0.466280616235346,0.884636867264295));
#2006=DIRECTION('',(-0.889126490715988,0.323615577118185,0.323615577118185));
#2007=DIRECTION('',(0.342020143325669,0.,0.939692620785908));
#2008=DIRECTION('',(-0.889126490715988,0.323615577118185,0.323615577118185));
#2009=DIRECTION('',(0.342020143325669,0.,0.939692620785908));
#2010=DIRECTION('',(-0.889126490715988,0.323615577118185,0.323615577118185));
#2011=DIRECTION('',(0.342020143325669,0.,0.939692620785908));
#2012=DIRECTION('',(-0.889126490715988,0.323615577118185,0.323615577118185));
#2013=DIRECTION('',(0.342020143325669,0.,0.939692620785908));
#2014=DIRECTION('',(-0.889126490715988,-0.323615577118185,0.323615577118185));
#2015=DIRECTION('',(-0.342020143325669,0.939692620785908,0.));
#2016=DIRECTION('',(-0.889126490715988,-0.323615577118185,0.323615577118185));
#2017=DIRECTION('',(-0.342020143325669,0.939692620785908,0.));
#2018=DIRECTION('',(0.889126490715988,0.323615577118185,-0.323615577118185));
#2019=DIRECTION('',(0.342020143325669,-0.939692620785908,0.));
#2020=DIRECTION('',(0.889126490715988,0.323615577118185,-0.323615577118185));
#2021=DIRECTION('',(0.342020143325669,-0.939692620785908,0.));
#2022=DIRECTION('',(0.889126490715988,0.323615577118185,0.323615577118185));
#2023=DIRECTION('',(0.342020143325669,0.,-0.939692620785908));
#2024=DIRECTION('',(0.889126490715988,0.323615577118185,0.323615577118185));
#2025=DIRECTION('',(0.342020143325669,0.,-0.939692620785908));
#2026=DIRECTION('',(0.889126490715988,0.323615577118185,0.323615577118185));
#2027=DIRECTION('',(0.342020143325669,0.,-0.939692620785908));
#2028=DIRECTION('',(0.889126490715988,0.323615577118185,0.323615577118185));
#2029=DIRECTION('',(0.342020143325669,0.,-0.939692620785908));
#2030=DIRECTION('',(0.889126490715988,-0.323615577118185,0.323615577118185));
#2031=DIRECTION('',(-0.342020143325669,-0.939692620785908,0.));
#2032=DIRECTION('',(0.889126490715988,-0.323615577118185,0.323615577118185));
#2033=DIRECTION('',(-0.342020143325669,-0.939692620785908,0.));
#2034=DIRECTION('',(-0.889126490715988,0.323615577118185,-0.323615577118185));
#2035=DIRECTION('',(0.342020143325669,0.939692620785908,0.));
#2036=DIRECTION('',(-0.889126490715988,0.323615577118185,-0.323615577118185));
#2037=DIRECTION('',(0.342020143325669,0.939692620785908,0.));
#2038=DIRECTION('',(0.498836521360479,-1.49836348700183E-16,0.866696097231882));
#2039=DIRECTION('',(-0.866696097231882,-4.0170024091679E-16,0.498836521360479));
#2040=DIRECTION('',(0.989834854526624,0.142221520046222,0.));
#2041=DIRECTION('',(0.142221520046222,-0.989834854526624,0.));
#2042=DIRECTION('',(-0.848110986276062,1.45609037063459E-16,-0.52981860571128));
#2043=DIRECTION('',(-0.52981860571128,0.,0.848110986276062));
#2044=DIRECTION('',(0.532037231989427,-0.494995398036822,0.686961381519659));
#2045=DIRECTION('',(-0.715477976142494,-0.696688555478458,0.0521183491716664));
#2046=DIRECTION('',(0.848110986276062,-2.41230649169726E-16,0.529818605711281));
#2047=DIRECTION('',(0.529818605711281,0.,-0.848110986276062));
#2048=DIRECTION('',(0.,1.,2.89120579329468E-16));
#2049=DIRECTION('',(0.,-2.89120579329468E-16,1.));
#2050=DIRECTION('',(-1.25094844599583E-15,-4.55307998944044E-16,1.));
#2051=DIRECTION('',(1.,0.,1.25094844599583E-15));
#2052=DIRECTION('',(-0.338471897201921,-0.852182686816398,0.39902561709108));
#2053=DIRECTION('',(-0.824869156516634,0.0646533502819258,-0.561614475351963));
#2054=DIRECTION('',(1.23259516440783E-32,2.89120579329468E-16,-1.));
#2055=DIRECTION('',(0.,1.,2.89120579329468E-16));
#2056=DIRECTION('',(8.02830847462158E-17,-4.55307998944044E-16,1.));
#2057=DIRECTION('',(0.,-1.,-4.55307998944044E-16));
#2058=DIRECTION('',(-0.753676599932259,-0.657245450889201,-7.60092742090973E-17));
#2059=DIRECTION('',(-0.657245450889201,0.753676599932259,0.));
#2060=DIRECTION('',(0.753676599932259,0.657245450889201,1.49624555529719E-16));
#2061=DIRECTION('',(0.657245450889201,-0.753676599932259,0.));
#2062=DIRECTION('',(0.,1.,2.89120579329468E-16));
#2063=DIRECTION('',(0.,-2.89120579329468E-16,1.));
#2064=DIRECTION('',(-0.848110986276062,-2.41230649169726E-16,0.52981860571128));
#2065=DIRECTION('',(0.52981860571128,0.,0.848110986276062));
#2066=DIRECTION('',(0.,1.15648231731787E-16,-1.));
#2067=DIRECTION('',(0.,1.,1.15648231731787E-16));
#2068=DIRECTION('',(6.25474222997914E-16,1.,2.27653999472021E-16));
#2069=DIRECTION('',(1.,-6.25474222997914E-16,0.));
#2070=DIRECTION('',(-0.848110986276062,-1.45609037063459E-16,0.52981860571128));
#2071=DIRECTION('',(0.52981860571128,0.,0.848110986276062));
#2072=DIRECTION('',(-0.49883652136048,-1.49836348700183E-16,0.866696097231882));
#2073=DIRECTION('',(-0.866696097231882,4.0170024091679E-16,-0.49883652136048));
#2074=DIRECTION('',(0.532037231989427,-0.494995398036821,-0.686961381519659));
#2075=DIRECTION('',(-0.715477976142494,-0.696688555478459,-0.052118349171667));
#2076=DIRECTION('',(-0.989834854526623,-0.142221520046222,0.));
#2077=DIRECTION('',(-0.142221520046222,0.989834854526624,0.));
#2078=DIRECTION('',(0.,1.,1.15648231731787E-16));
#2079=DIRECTION('',(0.,-1.15648231731787E-16,1.));
#2080=DIRECTION('',(6.25474222997914E-16,1.,2.27653999472022E-16));
#2081=DIRECTION('',(1.,-6.25474222997914E-16,0.));
#2082=DIRECTION('',(-0.338471897201922,-0.852182686816398,-0.39902561709108));
#2083=DIRECTION('',(-0.824869156516633,0.0646533502819256,0.561614475351963));
#2084=DIRECTION('',(0.,1.15648231731787E-16,-1.));
#2085=DIRECTION('',(0.,1.,1.15648231731787E-16));
#2086=DIRECTION('',(-0.75367659993226,0.657245450889201,1.49624555529719E-16));
#2087=DIRECTION('',(0.657245450889201,0.75367659993226,0.));
#2088=DIRECTION('',(0.753676599932259,0.657245450889201,1.05210649844018E-16));
#2089=DIRECTION('',(0.657245450889201,-0.75367659993226,0.));
#2090=DIRECTION('',(0.75367659993226,0.657245450889201,1.49624555529719E-16));
#2091=DIRECTION('',(0.657245450889201,-0.75367659993226,0.));
#2092=DIRECTION('',(-0.753676599932259,0.657245450889201,1.05210649844018E-16));
#2093=DIRECTION('',(0.657245450889201,0.753676599932259,0.));
#2094=DIRECTION('',(0.338471897201922,-0.852182686816398,-0.39902561709108));
#2095=DIRECTION('',(0.824869156516633,0.0646533502819262,0.561614475351963));
#2096=DIRECTION('',(0.,1.15648231731787E-16,-1.));
#2097=DIRECTION('',(0.,1.,1.15648231731787E-16));
#2098=DIRECTION('',(-6.25474222997915E-16,1.,2.27653999472022E-16));
#2099=DIRECTION('',(1.,6.25474222997915E-16,0.));
#2100=DIRECTION('',(-0.989834854526624,0.142221520046221,0.));
#2101=DIRECTION('',(0.142221520046221,0.989834854526624,0.));
#2102=DIRECTION('',(0.498836521360479,-1.49836348700183E-16,0.866696097231882));
#2103=DIRECTION('',(0.866696097231882,4.0170024091679E-16,-0.498836521360479));
#2104=DIRECTION('',(-0.532037231989427,-0.494995398036821,-0.686961381519659));
#2105=DIRECTION('',(0.715477976142494,-0.696688555478459,-0.0521183491716672));
#2106=DIRECTION('',(0.,-1.,-1.15648231731787E-16));
#2107=DIRECTION('',(0.,1.15648231731787E-16,-1.));
#2108=DIRECTION('',(-6.25474222997914E-16,1.,2.27653999472022E-16));
#2109=DIRECTION('',(1.,6.25474222997914E-16,0.));
#2110=DIRECTION('',(0.848110986276062,-1.45609037063459E-16,0.52981860571128));
#2111=DIRECTION('',(0.52981860571128,0.,-0.848110986276062));
#2112=DIRECTION('',(0.848110986276062,-3.86151716043813E-16,0.52981860571128));
#2113=DIRECTION('',(0.52981860571128,0.,-0.848110986276062));
#2114=DIRECTION('',(0.,1.15648231731787E-16,-1.));
#2115=DIRECTION('',(0.,1.,1.15648231731787E-16));
#2116=DIRECTION('',(-0.753676599932259,0.657245450889201,1.49624555529719E-16));
#2117=DIRECTION('',(0.657245450889201,0.753676599932259,0.));
#2118=DIRECTION('',(0.,1.,2.89120579329468E-16));
#2119=DIRECTION('',(0.,-2.89120579329468E-16,1.));
#2120=DIRECTION('',(-1.41151461548826E-15,-4.55307998944044E-16,1.));
#2121=DIRECTION('',(1.,0.,1.41151461548826E-15));
#2122=DIRECTION('',(0.753676599932259,-0.657245450889201,-1.05210649844018E-16));
#2123=DIRECTION('',(-0.657245450889201,-0.753676599932259,0.));
#2124=DIRECTION('',(-0.338471897201921,0.852182686816398,-0.39902561709108));
#2125=DIRECTION('',(0.824869156516634,0.0646533502819256,-0.561614475351962));
#2126=DIRECTION('',(1.23259516440783E-32,-2.89120579329468E-16,1.));
#2127=DIRECTION('',(0.,-1.,-2.89120579329468E-16));
#2128=DIRECTION('',(-8.02830847462163E-17,-4.55307998944044E-16,1.));
#2129=DIRECTION('',(0.,-1.,-4.55307998944044E-16));
#2130=DIRECTION('',(-0.989834854526623,0.142221520046229,-1.03928827503381E-15));
#2131=DIRECTION('',(0.142221520046229,0.989834854526623,0.));
#2132=DIRECTION('',(0.532037231989427,0.494995398036821,-0.686961381519658));
#2133=DIRECTION('',(0.715477976142494,-0.696688555478458,0.0521183491716666));
#2134=DIRECTION('',(-0.498836521360479,-1.49836348700183E-16,0.866696097231883));
#2135=DIRECTION('',(0.866696097231883,-4.0170024091679E-16,0.498836521360479));
#2136=DIRECTION('',(0.,1.,2.89120579329468E-16));
#2137=DIRECTION('',(0.,-2.89120579329468E-16,1.));
#2138=DIRECTION('',(-0.848110986276062,1.44921066874087E-16,0.52981860571128));
#2139=DIRECTION('',(0.52981860571128,0.,0.848110986276062));
#2140=DIRECTION('',(0.848110986276063,1.45609037063459E-16,-0.52981860571128));
#2141=DIRECTION('',(-0.52981860571128,0.,-0.848110986276063));
#2142=DIRECTION('',(-1.,0.,0.));
#2143=DIRECTION('',(0.,1.,0.));
#2144=DIRECTION('',(-1.,0.,0.));
#2145=DIRECTION('',(0.,-1.,0.));
#2146=DIRECTION('',(1.,0.,0.));
#2147=DIRECTION('',(0.,0.,-1.));
#2148=DIRECTION('',(-1.,0.,0.));
#2149=DIRECTION('',(0.,1.,0.));
#2150=DIRECTION('',(1.,0.,0.));
#2151=DIRECTION('',(0.,-1.,0.));
#2152=DIRECTION('',(1.,0.,0.));
#2153=DIRECTION('',(0.,0.,-1.));
#2154=DIRECTION('',(0.,0.884636867264295,-0.466280616235346));
#2155=DIRECTION('',(-1.,0.,0.));
#2156=DIRECTION('',(0.,0.884636867264295,0.466280616235347));
#2157=DIRECTION('',(-1.,0.,0.));
#2158=CARTESIAN_POINT('',(0.,0.,0.));
#2159=CARTESIAN_POINT('',(0.23,0.,0.));
#2160=CARTESIAN_POINT('',(0.23,-0.0303,-0.0243));
#2161=CARTESIAN_POINT('',(0.23,-0.0328,-0.0243));
#2162=CARTESIAN_POINT('',(0.23,0.004,0.));
#2163=CARTESIAN_POINT('',(0.23,0.004,-0.0172420996401251));
#2164=CARTESIAN_POINT('',(0.23,0.004,-0.0221415898254845));
#2165=CARTESIAN_POINT('',(0.23,1.08381241724541E-18,0.));
#2166=CARTESIAN_POINT('',(0.23,0.012,-0.0130111490653209));
#2167=CARTESIAN_POINT('',(0.23,0.012,0.));
#2168=CARTESIAN_POINT('',(0.23,0.012,-0.0190328663106742));
#2169=CARTESIAN_POINT('',(0.23,1.37772764904077E-18,0.));
#2170=CARTESIAN_POINT('',(0.23,-0.006,0.0216852484422014));
#2171=CARTESIAN_POINT('',(0.23,-0.006,3.46944695195361E-18));
#2172=CARTESIAN_POINT('',(0.23,-0.006,0.03));
#2173=CARTESIAN_POINT('',(0.23,-0.021,0.03));
#2174=CARTESIAN_POINT('',(0.23,-0.036,0.03));
#2175=CARTESIAN_POINT('',(0.23,-0.036,3.46944695195361E-18));
#2176=CARTESIAN_POINT('',(0.23,-0.036,-0.03));
#2177=CARTESIAN_POINT('',(0.23,-0.021,-0.03));
#2178=CARTESIAN_POINT('',(0.23,-0.006,-0.03));
#2179=CARTESIAN_POINT('',(0.23,-0.006,3.46944695195361E-18));
#2180=CARTESIAN_POINT('',(0.23,-0.006,-0.0216852484422014));
#2181=CARTESIAN_POINT('',(0.23,1.37772764904077E-18,0.));
#2182=CARTESIAN_POINT('',(0.23,-0.0303,0.0243));
#2183=CARTESIAN_POINT('',(0.23,-0.0328,0.0243));
#2184=CARTESIAN_POINT('',(0.,0.,0.));
#2185=CARTESIAN_POINT('',(0.,1.08381241724541E-18,0.));
#2186=CARTESIAN_POINT('',(0.,-0.0177,0.));
#2187=CARTESIAN_POINT('',(0.,-0.02492,-0.02492));
#2188=CARTESIAN_POINT('',(0.,-0.02192,-0.02492));
#2189=CARTESIAN_POINT('',(0.,-0.02492,0.02492));
#2190=CARTESIAN_POINT('',(0.,-0.02192,0.02492));
#2191=CARTESIAN_POINT('',(0.,0.02492,-0.02492));
#2192=CARTESIAN_POINT('',(0.,0.02792,-0.02492));
#2193=CARTESIAN_POINT('',(0.,6.93889390390723E-18,-0.03));
#2194=CARTESIAN_POINT('',(0.,0.02492,-0.03));
#2195=CARTESIAN_POINT('',(0.,-0.02492,-0.03));
#2196=CARTESIAN_POINT('',(0.,-0.02492,-0.02492));
#2197=CARTESIAN_POINT('',(0.,-0.03,-0.02492));
#2198=CARTESIAN_POINT('',(0.,-0.03,-5.20417042793042E-18));
#2199=CARTESIAN_POINT('',(0.,-0.03,0.02492));
#2200=CARTESIAN_POINT('',(0.,-0.02492,0.02492));
#2201=CARTESIAN_POINT('',(0.,-0.02492,0.03));
#2202=CARTESIAN_POINT('',(0.,-1.04083408558608E-17,0.03));
#2203=CARTESIAN_POINT('',(0.,0.02492,0.03));
#2204=CARTESIAN_POINT('',(0.,0.02492,0.02492));
#2205=CARTESIAN_POINT('',(0.,0.03,0.02492));
#2206=CARTESIAN_POINT('',(0.,0.03,6.93889390390723E-18));
#2207=CARTESIAN_POINT('',(0.,0.03,-0.02492));
#2208=CARTESIAN_POINT('',(0.,0.02492,-0.02492));
#2209=CARTESIAN_POINT('',(0.,0.02492,0.02492));
#2210=CARTESIAN_POINT('',(0.,0.02792,0.02492));
#2211=CARTESIAN_POINT('',(0.23,1.37772764904077E-18,0.));
#2212=CARTESIAN_POINT('',(0.114131919056554,1.37772764904077E-18,0.));
#2213=CARTESIAN_POINT('',(0.114131919056554,0.0187437182244475,-0.0124468079089586));
#2214=CARTESIAN_POINT('',(0.114131919056554,0.0187437182244475,0.0124468079089586));
#2215=CARTESIAN_POINT('',(0.23,0.0187437182244475,0.0124468079089586));
#2216=CARTESIAN_POINT('',(0.0381319190565537,0.0187437182244475,0.0124468079089586));
#2217=CARTESIAN_POINT('',(0.0381319190565537,1.37772764904077E-18,0.));
#2218=CARTESIAN_POINT('',(0.0381319190565537,0.0187437182244475,-0.0124468079089586));
#2219=CARTESIAN_POINT('',(0.23,0.0187437182244475,-0.0124468079089586));
#2220=CARTESIAN_POINT('',(0.22,1.37772764904077E-18,0.));
#2221=CARTESIAN_POINT('',(0.22,0.004,-0.0221415898254845));
#2222=CARTESIAN_POINT('',(0.22,0.,-0.0225));
#2223=CARTESIAN_POINT('',(0.23,0.004,-0.0221415898254845));
#2224=CARTESIAN_POINT('',(0.23,-0.006,-0.0216852484422014));
#2225=CARTESIAN_POINT('',(0.225,-0.006,-0.0216852484422014));
#2226=CARTESIAN_POINT('',(0.225,1.37772764904077E-18,0.));
#2227=CARTESIAN_POINT('',(0.225,-0.006,0.0216852484422014));
#2228=CARTESIAN_POINT('',(0.23,-0.006,0.0216852484422014));
#2229=CARTESIAN_POINT('',(0.23,0.012,-0.0190328663106742));
#2230=CARTESIAN_POINT('',(0.22,0.012,-0.0190328663106743));
#2231=CARTESIAN_POINT('',(0.22,1.37772764904077E-18,0.));
#2232=CARTESIAN_POINT('',(0.22,0.016,-0.0158192920195563));
#2233=CARTESIAN_POINT('',(0.23,0.016,-0.0158192920195563));
#2234=CARTESIAN_POINT('',(0.12,0.016,-0.0158192920195564));
#2235=CARTESIAN_POINT('',(0.12,1.37772764904077E-18,0.));
#2236=CARTESIAN_POINT('',(0.12,8.67361737988404E-19,-0.0225));
#2237=CARTESIAN_POINT('',(0.23,0.,-0.0225));
#2238=CARTESIAN_POINT('',(0.128,0.,-0.0225));
#2239=CARTESIAN_POINT('',(0.128,1.37772764904077E-18,0.));
#2240=CARTESIAN_POINT('',(0.128,0.008,-0.0210297408448131));
#2241=CARTESIAN_POINT('',(0.23,0.008,-0.0210297408448131));
#2242=CARTESIAN_POINT('',(0.212,0.008,-0.0210297408448131));
#2243=CARTESIAN_POINT('',(0.212,1.37772764904077E-18,0.));
#2244=CARTESIAN_POINT('',(0.212,-1.7347234759768E-18,-0.0225));
#2245=CARTESIAN_POINT('',(0.23,0.,-0.0225));
#2246=CARTESIAN_POINT('',(0.031905,1.37772764904077E-18,0.));
#2247=CARTESIAN_POINT('',(0.031905,-0.0225,0.));
#2248=CARTESIAN_POINT('',(0.03,0.03,6.93889390390723E-18));
#2249=CARTESIAN_POINT('',(0.00646563959137447,0.03,0.02492));
#2250=CARTESIAN_POINT('',(0.00650686432608398,0.03,0.02492));
#2251=CARTESIAN_POINT('',(0.0346029715355661,0.03,0.00736824016134482));
#2252=CARTESIAN_POINT('',(0.0186563884070015,0.03,0.0173301396954289));
#2253=CARTESIAN_POINT('',(0.0186563884070015,0.03,6.93889390390723E-18));
#2254=CARTESIAN_POINT('',(0.0186563884070015,0.03,-0.0173301396954289));
#2255=CARTESIAN_POINT('',(0.0346029715355661,0.03,-0.00736824016134481));
#2256=CARTESIAN_POINT('',(0.006506864326084,0.03,-0.02492));
#2257=CARTESIAN_POINT('',(0.03,0.03,-0.02492));
#2258=CARTESIAN_POINT('',(0.03,-1.04083408558608E-17,0.03));
#2259=CARTESIAN_POINT('',(0.03,-0.02492,0.03));
#2260=CARTESIAN_POINT('',(0.00650686432608401,-0.02492,0.03));
#2261=CARTESIAN_POINT('',(0.00650686432608401,-0.02238,0.03));
#2262=CARTESIAN_POINT('',(0.00776165659853739,-0.0248314535720824,0.03));
#2263=CARTESIAN_POINT('',(0.0143452693210084,-0.0190901986191632,0.03));
#2264=CARTESIAN_POINT('',(0.0186563884070015,-0.0153306770846414,0.03));
#2265=CARTESIAN_POINT('',(0.0186563884070015,0.0157902193142526,0.03));
#2266=CARTESIAN_POINT('',(0.0186563884070015,0.0153306770846413,0.03));
#2267=CARTESIAN_POINT('',(0.0102905783110655,0.0226261014470948,0.03));
#2268=CARTESIAN_POINT('',(0.00776165659853739,0.0248314535720824,0.03));
#2269=CARTESIAN_POINT('',(0.00650686432608397,0.02238,0.03));
#2270=CARTESIAN_POINT('',(0.00650686432608397,0.02492,0.03));
#2271=CARTESIAN_POINT('',(0.,0.02492,0.03));
#2272=CARTESIAN_POINT('',(0.03,-0.03,-5.20417042793042E-18));
#2273=CARTESIAN_POINT('',(0.00646563959137447,-0.03,-0.02492));
#2274=CARTESIAN_POINT('',(0.00650686432608399,-0.03,-0.02492));
#2275=CARTESIAN_POINT('',(0.0194163448121112,-0.03,-0.0168553916383091));
#2276=CARTESIAN_POINT('',(0.0186563884070015,-0.03,-0.0173301396954289));
#2277=CARTESIAN_POINT('',(0.0186563884070015,-0.03,0.0177896819250403));
#2278=CARTESIAN_POINT('',(0.0186563884070015,-0.03,0.0173301396954289));
#2279=CARTESIAN_POINT('',(0.0121928291819439,-0.03,0.0213679531325461));
#2280=CARTESIAN_POINT('',(0.006506864326084,-0.03,0.02492));
#2281=CARTESIAN_POINT('',(0.03,-0.03,0.02492));
#2282=CARTESIAN_POINT('',(0.03,6.93889390390723E-18,-0.03));
#2283=CARTESIAN_POINT('',(0.03,0.02492,-0.03));
#2284=CARTESIAN_POINT('',(0.006506864326084,0.02492,-0.03));
#2285=CARTESIAN_POINT('',(0.00650686432608401,0.02238,-0.03));
#2286=CARTESIAN_POINT('',(0.00776165659853739,0.0248314535720824,-0.03));
#2287=CARTESIAN_POINT('',(0.0326939409624336,0.00308919637593274,-0.03));
#2288=CARTESIAN_POINT('',(0.0186563884070015,0.0153306770846414,-0.03));
#2289=CARTESIAN_POINT('',(0.0186563884070015,6.93889390390723E-18,-0.03));
#2290=CARTESIAN_POINT('',(0.0186563884070015,-0.0153306770846413,-0.03));
#2291=CARTESIAN_POINT('',(0.0326939409624336,-0.00308919637593272,-0.03));
#2292=CARTESIAN_POINT('',(0.00776165659853738,-0.0248314535720824,-0.03));
#2293=CARTESIAN_POINT('',(0.00650686432608398,-0.02238,-0.03));
#2294=CARTESIAN_POINT('',(0.00650686432608398,-0.02492,-0.03));
#2295=CARTESIAN_POINT('',(0.,-0.02492,-0.03));
#2296=CARTESIAN_POINT('',(0.03,0.,0.));
#2297=CARTESIAN_POINT('',(0.03,1.37772764904077E-18,0.));
#2298=CARTESIAN_POINT('',(0.03,-0.024405,0.));
#2299=CARTESIAN_POINT('',(0.03,0.026360297657338,7.62130452998677E-18));
#2300=CARTESIAN_POINT('',(0.03,0.026360297657338,-0.0141499795823782));
#2301=CARTESIAN_POINT('',(0.03,0.0263602976573379,0.0141499795823782));
#2302=CARTESIAN_POINT('',(0.03,0.0182512630310715,0.0132014027265004));
#2303=CARTESIAN_POINT('',(0.03,0.0234636500153547,0.0199803696233566));
#2304=CARTESIAN_POINT('',(0.03,0.0174164295264327,0.0243123627901701));
#2305=CARTESIAN_POINT('',(0.03,0.016414327099996,0.0250302299279276));
#2306=CARTESIAN_POINT('',(0.03,0.0112019401157128,0.0182512630310715));
#2307=CARTESIAN_POINT('',(0.03,0.0121505169715906,0.026360297657338));
#2308=CARTESIAN_POINT('',(0.03,-0.03,0.0263602976573379));
#2309=CARTESIAN_POINT('',(0.03,-0.0121505169715907,0.026360297657338));
#2310=CARTESIAN_POINT('',(0.03,-0.0112019401157128,0.0182512630310715));
#2311=CARTESIAN_POINT('',(0.03,-0.016414327099996,0.0250302299279276));
#2312=CARTESIAN_POINT('',(0.03,-0.0174164295264327,0.0243123627901701));
#2313=CARTESIAN_POINT('',(0.03,-0.0234636500153547,0.0199803696233566));
#2314=CARTESIAN_POINT('',(0.03,-0.0182512630310715,0.0132014027265004));
#2315=CARTESIAN_POINT('',(0.03,-0.026360297657338,0.0141499795823782));
#2316=CARTESIAN_POINT('',(0.03,-0.0263602976573379,-0.03));
#2317=CARTESIAN_POINT('',(0.03,-0.0263602976573379,-0.0141499795823782));
#2318=CARTESIAN_POINT('',(0.03,-0.0182512630310715,-0.0132014027265004));
#2319=CARTESIAN_POINT('',(0.03,-0.0234636500153547,-0.0199803696233565));
#2320=CARTESIAN_POINT('',(0.03,-0.0174164295264327,-0.0243123627901701));
#2321=CARTESIAN_POINT('',(0.03,-0.016414327099996,-0.0250302299279276));
#2322=CARTESIAN_POINT('',(0.03,-0.0112019401157128,-0.0182512630310715));
#2323=CARTESIAN_POINT('',(0.03,-0.0121505169715906,-0.026360297657338));
#2324=CARTESIAN_POINT('',(0.03,3.04852181199471E-18,-0.026360297657338));
#2325=CARTESIAN_POINT('',(0.03,0.0121505169715907,-0.026360297657338));
#2326=CARTESIAN_POINT('',(0.03,0.0112019401157128,-0.0182512630310715));
#2327=CARTESIAN_POINT('',(0.03,0.016414327099996,-0.0250302299279276));
#2328=CARTESIAN_POINT('',(0.03,0.0174164295264327,-0.0243123627901701));
#2329=CARTESIAN_POINT('',(0.03,0.0234636500153547,-0.0199803696233566));
#2330=CARTESIAN_POINT('',(0.03,0.0182512630310715,-0.0132014027265004));
#2331=CARTESIAN_POINT('',(0.225,-0.006,3.46944695195361E-18));
#2332=CARTESIAN_POINT('',(0.225,-0.006,3.46944695195361E-18));
#2333=CARTESIAN_POINT('',(0.225,-0.006,0.03));
#2334=CARTESIAN_POINT('',(0.225,-0.006,0.03));
#2335=CARTESIAN_POINT('',(0.225,-0.006,3.46944695195361E-18));
#2336=CARTESIAN_POINT('',(0.225,-0.006,3.46944695195361E-18));
#2337=CARTESIAN_POINT('',(0.225,-0.006,-0.03));
#2338=CARTESIAN_POINT('',(0.225,-0.006,-0.03));
#2339=CARTESIAN_POINT('',(0.225,-0.021,0.03));
#2340=CARTESIAN_POINT('',(0.225,-0.021,0.03));
#2341=CARTESIAN_POINT('',(0.225,-0.036,0.03));
#2342=CARTESIAN_POINT('',(0.225,-0.036,0.03));
#2343=CARTESIAN_POINT('',(0.225,-0.036,3.46944695195361E-18));
#2344=CARTESIAN_POINT('',(0.225,-0.036,3.46944695195361E-18));
#2345=CARTESIAN_POINT('',(0.225,-0.036,-0.03));
#2346=CARTESIAN_POINT('',(0.225,-0.036,-0.03));
#2347=CARTESIAN_POINT('',(0.225,-0.021,-0.03));
#2348=CARTESIAN_POINT('',(0.225,-0.021,-0.03));
#2349=CARTESIAN_POINT('',(0.225,-0.021,0.));
#2350=CARTESIAN_POINT('',(0.03,-3.04852181199471E-18,0.026360297657338));
#2351=CARTESIAN_POINT('',(0.033496131217368,0.0108780292733798,0.0250878099591272));
#2352=CARTESIAN_POINT('',(0.0212625818991431,0.0153306770846413,0.0295404577703887));
#2353=CARTESIAN_POINT('',(0.0212625818991431,-0.0157902193142527,0.0295404577703886));
#2354=CARTESIAN_POINT('',(0.0212625818991431,-0.0153306770846414,0.0295404577703886));
#2355=CARTESIAN_POINT('',(0.033496131217368,-0.0108780292733799,0.0250878099591272));
#2356=CARTESIAN_POINT('',(0.02,0.03,6.93889390390723E-18));
#2357=CARTESIAN_POINT('',(0.0251187173739685,0.0281369392382542,-0.0159266211632945));
#2358=CARTESIAN_POINT('',(0.0212625818991431,0.0295404577703887,-0.0173301396954289));
#2359=CARTESIAN_POINT('',(0.0212625818991431,0.0295404577703886,6.80603078825563E-18));
#2360=CARTESIAN_POINT('',(0.0212625818991431,0.0295404577703886,0.0173301396954289));
#2361=CARTESIAN_POINT('',(0.0251187173739685,0.0281369392382542,0.0159266211632945));
#2362=CARTESIAN_POINT('',(0.03,-0.026360297657338,-7.62130452998677E-18));
#2363=CARTESIAN_POINT('',(0.0340714469564332,-0.0248784121548026,0.0126680940798428));
#2364=CARTESIAN_POINT('',(0.0212625818991431,-0.0295404577703887,0.0173301396954289));
#2365=CARTESIAN_POINT('',(0.0212625818991431,-0.0295404577703886,-0.0177896819250403));
#2366=CARTESIAN_POINT('',(0.0212625818991431,-0.0295404577703886,-0.0173301396954289));
#2367=CARTESIAN_POINT('',(0.0340714469564332,-0.0248784121548026,-0.0126680940798428));
#2368=CARTESIAN_POINT('',(0.02,6.93889390390723E-18,-0.03));
#2369=CARTESIAN_POINT('',(0.0245434016349034,-0.0141365563568314,-0.0283463370425788));
#2370=CARTESIAN_POINT('',(0.0212625818991431,-0.0153306770846413,-0.0295404577703887));
#2371=CARTESIAN_POINT('',(0.0212625818991431,6.88574865764659E-18,-0.0295404577703886));
#2372=CARTESIAN_POINT('',(0.0212625818991431,0.0153306770846413,-0.0295404577703886));
#2373=CARTESIAN_POINT('',(0.0245434016349034,0.0141365563568315,-0.0283463370425787));
#2374=CARTESIAN_POINT('',(0.0252360118329468,-0.0162915767324769,-0.0280942475465417));
#2375=CARTESIAN_POINT('',(0.0156431635784458,-0.0263365679656917,-0.0268911010108108));
#2376=CARTESIAN_POINT('',(0.0221067228035033,-0.0263365679656917,-0.0228532875736935));
#2377=CARTESIAN_POINT('',(0.0140231221951093,-0.0263365679656917,-0.0279031478782646));
#2378=CARTESIAN_POINT('',(0.0253681537473798,-0.0164431065279949,-0.0279031478782646));
#2379=CARTESIAN_POINT('',(0.0221067228035033,-0.019287245050333,-0.0279031478782646));
#2380=CARTESIAN_POINT('',(0.0253875425392636,-0.0180931243225231,-0.0267090271504548));
#2381=CARTESIAN_POINT('',(0.0259628582783288,-0.0249330494335573,-0.0214497690415591));
#2382=CARTESIAN_POINT('',(0.0351519916968736,-0.0244851260324894,0.0160301524772266));
#2383=CARTESIAN_POINT('',(0.0137409127075673,-0.0265826694127865,0.0279031478782646));
#2384=CARTESIAN_POINT('',(0.0221067228035033,-0.019287245050333,0.0279031478782646));
#2385=CARTESIAN_POINT('',(0.0140231221951094,-0.0263365679656917,0.0279031478782646));
#2386=CARTESIAN_POINT('',(0.022866679208613,-0.0263365679656917,0.0223785395165736));
#2387=CARTESIAN_POINT('',(0.0221067228035033,-0.0263365679656917,0.0228532875736935));
#2388=CARTESIAN_POINT('',(0.0349155878607934,-0.0216745223501056,0.0181912419581074));
#2389=CARTESIAN_POINT('',(0.0343402721217283,-0.0148345972390716,0.0234505000670031));
#2390=CARTESIAN_POINT('',(0.0252360118329468,0.016291576732477,-0.0280942475465417));
#2391=CARTESIAN_POINT('',(0.0253681537473798,0.0164431065279949,-0.0279031478782646));
#2392=CARTESIAN_POINT('',(0.0221067228035033,0.019287245050333,-0.0279031478782646));
#2393=CARTESIAN_POINT('',(0.0140231221951094,0.0263365679656917,-0.0279031478782646));
#2394=CARTESIAN_POINT('',(0.0220025970794541,0.0263365679656917,-0.0229183353644038));
#2395=CARTESIAN_POINT('',(0.0221067228035033,0.0263365679656917,-0.0228532875736935));
#2396=CARTESIAN_POINT('',(0.0259628582783288,0.0249330494335573,-0.0214497690415591));
#2397=CARTESIAN_POINT('',(0.0253875425392636,0.0180931243225231,-0.0267090271504548));
#2398=CARTESIAN_POINT('',(0.026199262114409,0.027743653115941,0.0192886795606782));
#2399=CARTESIAN_POINT('',(0.0259628582783288,0.0249330494335573,0.0214497690415591));
#2400=CARTESIAN_POINT('',(0.0221067228035033,0.0263365679656917,0.0228532875736935));
#2401=CARTESIAN_POINT('',(0.0266521933095297,0.0263365679656917,0.0200137124652763));
#2402=CARTESIAN_POINT('',(0.0140231221951093,0.0263365679656917,0.0279031478782646));
#2403=CARTESIAN_POINT('',(0.0177956037175103,0.0230467665848548,0.0279031478782646));
#2404=CARTESIAN_POINT('',(0.0221067228035033,0.019287245050333,0.0279031478782646));
#2405=CARTESIAN_POINT('',(0.0253875425392636,0.0180931243225231,0.0267090271504548));
#2406=CARTESIAN_POINT('',(0.031905,1.37772764904077E-18,0.));
#2407=CARTESIAN_POINT('',(0.03,-0.02492,-0.02492));
#2408=CARTESIAN_POINT('',(0.00650686432608398,-0.02492,-0.02492));
#2409=CARTESIAN_POINT('',(0.03,-0.02492,0.02492));
#2410=CARTESIAN_POINT('',(0.006506864326084,-0.02492,0.02492));
#2411=CARTESIAN_POINT('',(0.03,0.02492,0.02492));
#2412=CARTESIAN_POINT('',(0.00650686432608397,0.02492,0.02492));
#2413=CARTESIAN_POINT('',(0.03,0.02492,-0.02492));
#2414=CARTESIAN_POINT('',(0.006506864326084,0.02492,-0.02492));
#2415=CARTESIAN_POINT('',(-0.009,0.02492,-0.02492));
#2416=CARTESIAN_POINT('',(-0.009,0.02492,-0.02492));
#2417=CARTESIAN_POINT('',(-0.009,0.02792,-0.02492));
#2418=CARTESIAN_POINT('',(-0.009,0.,0.));
#2419=CARTESIAN_POINT('',(-0.009,-0.02492,0.02492));
#2420=CARTESIAN_POINT('',(-0.009,-0.02492,0.02492));
#2421=CARTESIAN_POINT('',(-0.009,-0.02192,0.02492));
#2422=CARTESIAN_POINT('',(-0.009,0.,0.));
#2423=CARTESIAN_POINT('',(-0.009,-0.02492,-0.02492));
#2424=CARTESIAN_POINT('',(-0.009,-0.02492,-0.02492));
#2425=CARTESIAN_POINT('',(-0.009,-0.02192,-0.02492));
#2426=CARTESIAN_POINT('',(-0.009,0.,0.));
#2427=CARTESIAN_POINT('',(-0.009,0.02492,0.02492));
#2428=CARTESIAN_POINT('',(-0.009,0.02492,0.02492));
#2429=CARTESIAN_POINT('',(-0.009,0.02792,0.02492));
#2430=CARTESIAN_POINT('',(-0.009,0.,0.));
#2431=CARTESIAN_POINT('',(-0.024508,1.08381241724541E-18,0.));
#2432=CARTESIAN_POINT('',(0.114131919056554,1.08381241724541E-18,0.));
#2433=CARTESIAN_POINT('',(0.114131919056554,0.0157889201657365,0.008));
#2434=CARTESIAN_POINT('',(0.114131919056554,0.0157889201657365,-0.008));
#2435=CARTESIAN_POINT('',(-0.024508,0.0157889201657365,-0.008));
#2436=CARTESIAN_POINT('',(0.0381319190565537,0.0157889201657365,-0.008));
#2437=CARTESIAN_POINT('',(0.0381319190565537,1.08381241724541E-18,0.));
#2438=CARTESIAN_POINT('',(0.0381319190565537,0.0157889201657365,0.008));
#2439=CARTESIAN_POINT('',(-0.024508,0.0157889201657365,0.008));
#2440=CARTESIAN_POINT('',(-0.024508,0.004,-0.0172420996401251));
#2441=CARTESIAN_POINT('',(0.22,0.004,-0.0172420996401251));
#2442=CARTESIAN_POINT('',(0.22,1.08381241724541E-18,0.));
#2443=CARTESIAN_POINT('',(0.22,0.,-0.0177));
#2444=CARTESIAN_POINT('',(-0.024508,0.,-0.0177));
#2445=CARTESIAN_POINT('',(0.212,0.,-0.0177));
#2446=CARTESIAN_POINT('',(0.212,1.08381241724541E-18,0.));
#2447=CARTESIAN_POINT('',(0.212,0.008,-0.0157889201657365));
#2448=CARTESIAN_POINT('',(-0.024508,0.008,-0.0157889201657365));
#2449=CARTESIAN_POINT('',(0.128,0.008,-0.0157889201657365));
#2450=CARTESIAN_POINT('',(0.128,1.08381241724541E-18,0.));
#2451=CARTESIAN_POINT('',(0.128,0.,-0.0177));
#2452=CARTESIAN_POINT('',(-0.024508,0.,-0.0177));
#2453=CARTESIAN_POINT('',(0.12,8.67361737988404E-19,-0.0177));
#2454=CARTESIAN_POINT('',(0.12,1.08381241724541E-18,0.));
#2455=CARTESIAN_POINT('',(0.12,0.016,-0.00756901578806653));
#2456=CARTESIAN_POINT('',(-0.024508,0.016,-0.00756901578806657));
#2457=CARTESIAN_POINT('',(0.22,0.016,-0.00756901578806657));
#2458=CARTESIAN_POINT('',(0.22,1.08381241724541E-18,0.));
#2459=CARTESIAN_POINT('',(0.22,0.012,-0.0130111490653209));
#2460=CARTESIAN_POINT('',(-0.024508,0.012,-0.0130111490653209));
#2461=CARTESIAN_POINT('',(0.22,0.002,-0.058674));
#2462=CARTESIAN_POINT('',(0.22,0.,-0.058674));
#2463=CARTESIAN_POINT('',(0.22,0.004,-0.058674));
#2464=CARTESIAN_POINT('',(0.225243703126908,0.004,-0.058674));
#2465=CARTESIAN_POINT('',(0.225243703126908,0.012,-0.058674));
#2466=CARTESIAN_POINT('',(0.22,0.012,-0.058674));
#2467=CARTESIAN_POINT('',(0.22,0.014,-0.058674));
#2468=CARTESIAN_POINT('',(0.22,0.016,-0.058674));
#2469=CARTESIAN_POINT('',(0.17,0.016,-0.058674));
#2470=CARTESIAN_POINT('',(0.12,0.016,-0.058674));
#2471=CARTESIAN_POINT('',(0.12,0.008,-0.058674));
#2472=CARTESIAN_POINT('',(0.12,8.67361737988404E-19,-0.058674));
#2473=CARTESIAN_POINT('',(0.124,0.,-0.058674));
#2474=CARTESIAN_POINT('',(0.128,0.,-0.058674));
#2475=CARTESIAN_POINT('',(0.128,0.004,-0.058674));
#2476=CARTESIAN_POINT('',(0.128,0.008,-0.058674));
#2477=CARTESIAN_POINT('',(0.17,0.008,-0.058674));
#2478=CARTESIAN_POINT('',(0.212,0.008,-0.058674));
#2479=CARTESIAN_POINT('',(0.212,0.004,-0.058674));
#2480=CARTESIAN_POINT('',(0.212,-1.7347234759768E-18,-0.058674));
#2481=CARTESIAN_POINT('',(0.216,0.,-0.058674));
#2482=CARTESIAN_POINT('',(0.0761319190565536,0.0354,-0.008));
#2483=CARTESIAN_POINT('',(0.114131919056554,0.0354,-0.008));
#2484=CARTESIAN_POINT('',(0.114131919056554,0.0163998634646052,-0.008));
#2485=CARTESIAN_POINT('',(0.0761319190565536,0.0163998634646052,-0.008));
#2486=CARTESIAN_POINT('',(0.0381319190565537,0.0163998634646052,-0.008));
#2487=CARTESIAN_POINT('',(0.0381319190565537,0.0354,-0.008));
#2488=CARTESIAN_POINT('',(0.0381319190565537,0.0354,1.7347234759768E-18));
#2489=CARTESIAN_POINT('',(0.0381319190565537,0.0163998634646052,0.008));
#2490=CARTESIAN_POINT('',(0.0381319190565537,0.0163998634646052,0.008));
#2491=CARTESIAN_POINT('',(0.0381319190565537,0.0354,0.008));
#2492=CARTESIAN_POINT('',(0.0381319190565536,0.0187437182244475,-0.0124468079089586));
#2493=CARTESIAN_POINT('',(0.0761319190565536,0.0354,0.008));
#2494=CARTESIAN_POINT('',(0.114131919056554,0.0163998634646052,0.008));
#2495=CARTESIAN_POINT('',(0.114131919056554,0.0163998634646052,0.008));
#2496=CARTESIAN_POINT('',(0.114131919056554,0.0354,0.008));
#2497=CARTESIAN_POINT('',(0.114131919056554,0.0354,1.7347234759768E-18));
#2498=CARTESIAN_POINT('',(0.114131919056554,0.0172309156093642,-0.00957668867260376));
#2499=CARTESIAN_POINT('',(0.114131919056554,0.0172309156093642,0.00957668867260375));
#2500=CARTESIAN_POINT('',(0.022512523881827,0.0209764814678656,0.0159266211632945));
#2501=CARTESIAN_POINT('',(0.0186563884070015,0.02238,0.0173301396954289));
#2502=CARTESIAN_POINT('',(0.0308899377252264,0.0108780292733798,0.0179273521887386));
#2503=CARTESIAN_POINT('',(0.0186563884070015,0.0153306770846413,0.02238));
#2504=CARTESIAN_POINT('',(0.0308899377252265,-0.0108780292733799,0.0179273521887386));
#2505=CARTESIAN_POINT('',(0.0186563884070015,-0.0153306770846414,0.02238));
#2506=CARTESIAN_POINT('',(0.0314652534642916,-0.0177179543844139,0.0126680940798428));
#2507=CARTESIAN_POINT('',(0.0186563884070015,-0.02238,0.0173301396954289));
#2508=CARTESIAN_POINT('',(0.0314652534642916,-0.0177179543844139,-0.0126680940798428));
#2509=CARTESIAN_POINT('',(0.0186563884070015,-0.02238,-0.0173301396954289));
#2510=CARTESIAN_POINT('',(0.0219372081427618,-0.0141365563568314,-0.0211858792721902));
#2511=CARTESIAN_POINT('',(0.0186563884070015,-0.0153306770846413,-0.02238));
#2512=CARTESIAN_POINT('',(0.0219372081427618,0.0141365563568315,-0.0211858792721902));
#2513=CARTESIAN_POINT('',(0.0186563884070015,0.0153306770846413,-0.02238));
#2514=CARTESIAN_POINT('',(0.022512523881827,0.0209764814678656,-0.0159266211632945));
#2515=CARTESIAN_POINT('',(0.0186563884070015,0.02238,-0.0173301396954289));
#2516=CARTESIAN_POINT('',(0.00650686432608398,-0.02492,-0.03));
#2517=CARTESIAN_POINT('',(0.00650686432608396,-0.03,-0.03));
#2518=CARTESIAN_POINT('',(0.00650686432608396,-0.03,-0.02492));
#2519=CARTESIAN_POINT('',(0.00693254826702206,-0.0249199999999993,-0.03));
#2520=CARTESIAN_POINT('',(0.00714741496392084,-0.0296313240015387,-0.0299999999999979));
#2521=CARTESIAN_POINT('',(0.0071715338337871,-0.03,-0.0253025578840579));
#2522=CARTESIAN_POINT('',(0.00735797351945801,-0.0248894555935753,-0.03));
#2523=CARTESIAN_POINT('',(0.0077659703199959,-0.0292427882594393,-0.0299999999999994));
#2524=CARTESIAN_POINT('',(0.00783579942068929,-0.0299083667768194,-0.0256848832864614));
#2525=CARTESIAN_POINT('',(0.00776165659853735,-0.0248314535720823,-0.03));
#2526=CARTESIAN_POINT('',(0.00833814607942699,-0.0288437112196387,-0.03));
#2527=CARTESIAN_POINT('',(0.008466116442015,-0.029734360716247,-0.0260476692177347));
#2528=CARTESIAN_POINT('',(0.00650686432608398,-0.02238,-0.02492));
#2529=CARTESIAN_POINT('',(0.00846611644201507,-0.029734360716247,-0.0260476692177347));
#2530=CARTESIAN_POINT('',(0.00776165659853738,-0.0248314535720824,-0.02492));
#2531=CARTESIAN_POINT('',(0.0346029715355661,-0.02238,-0.00736824016134481));
#2532=CARTESIAN_POINT('',(0.0105727877986075,-0.02238,-0.02238));
#2533=CARTESIAN_POINT('',(0.0186563884070015,-0.02238,-0.0173301396954289));
#2534=CARTESIAN_POINT('',(0.0186563884070015,-0.02238,-0.0173301396954289));
#2535=CARTESIAN_POINT('',(0.0186563884070015,-0.02238,-0.0173301396954289));
#2536=CARTESIAN_POINT('',(0.0140231221951093,-0.0263365679656917,-0.0279031478782646));
#2537=CARTESIAN_POINT('',(0.0140231221951093,-0.0263365679656917,-0.0279031478782646));
#2538=CARTESIAN_POINT('',(0.0140231221951093,-0.0263365679656917,-0.0279031478782646));
#2539=CARTESIAN_POINT('',(0.0131759628976548,-0.0271614797126553,-0.0278414373217582));
#2540=CARTESIAN_POINT('',(0.0131112007466731,-0.0267107475564956,-0.0282047814746677));
#2541=CARTESIAN_POINT('',(0.0130464386374998,-0.0262600153831915,-0.0285681256137663));
#2542=CARTESIAN_POINT('',(0.0113138470972544,-0.0286182224254118,-0.0274489349127611));
#2543=CARTESIAN_POINT('',(0.0111921153086439,-0.0275202706796884,-0.0288669472247228));
#2544=CARTESIAN_POINT('',(0.0109253222183817,-0.0259141628229894,-0.0296287310397308));
#2545=CARTESIAN_POINT('',(0.0093812583936355,-0.0294817255495606,-0.0265743892862392));
#2546=CARTESIAN_POINT('',(0.00935546389054991,-0.0283772496999416,-0.029602675469769));
#2547=CARTESIAN_POINT('',(0.00877068065606553,-0.0252322200888794,-0.03));
#2548=CARTESIAN_POINT('',(0.00846611644201505,-0.029734360716247,-0.0260476692177348));
#2549=CARTESIAN_POINT('',(0.008338146079427,-0.0288437112196387,-0.03));
#2550=CARTESIAN_POINT('',(0.00776165659853735,-0.0248314535720823,-0.03));
#2551=CARTESIAN_POINT('',(0.0105727877986075,-0.02238,-0.02238));
#2552=CARTESIAN_POINT('',(0.0186563884070015,-0.02238,-3.00107161343987E-18));
#2553=CARTESIAN_POINT('',(0.0186563884070015,-0.02238,0.0173301396954289));
#2554=CARTESIAN_POINT('',(0.0326939409624336,-0.00308919637593272,-0.02238));
#2555=CARTESIAN_POINT('',(0.0186563884070015,-0.0153306770846413,-0.02238));
#2556=CARTESIAN_POINT('',(0.0186563884070015,-0.02238,0.0173301396954289));
#2557=CARTESIAN_POINT('',(0.0186563884070015,-0.02238,0.0173301396954289));
#2558=CARTESIAN_POINT('',(0.0186563884070015,-0.0153306770846413,-0.02238));
#2559=CARTESIAN_POINT('',(0.0186563884070015,-0.0153306770846413,-0.02238));
#2560=CARTESIAN_POINT('',(0.0346029715355661,-0.02238,0.00736824016134481));
#2561=CARTESIAN_POINT('',(0.00650686432608401,-0.02238,0.02492));
#2562=CARTESIAN_POINT('',(0.00846611644201508,-0.029734360716247,0.0260476692177347));
#2563=CARTESIAN_POINT('',(0.0105727877986076,-0.02238,0.02238));
#2564=CARTESIAN_POINT('',(0.00776165659853739,-0.0248314535720823,0.03));
#2565=CARTESIAN_POINT('',(0.00833814607942704,-0.0288437112196387,0.03));
#2566=CARTESIAN_POINT('',(0.00846611644201506,-0.029734360716247,0.0260476692177347));
#2567=CARTESIAN_POINT('',(0.00735797351945592,-0.024889455593576,0.03));
#2568=CARTESIAN_POINT('',(0.00776597031999709,-0.0292427882594527,0.0299999999999929));
#2569=CARTESIAN_POINT('',(0.00783579942069401,-0.0299083667768214,0.0256848832864502));
#2570=CARTESIAN_POINT('',(0.00693254826702143,-0.0249199999999993,0.03));
#2571=CARTESIAN_POINT('',(0.00714741496391879,-0.0296313240015502,0.0299999999999975));
#2572=CARTESIAN_POINT('',(0.00717153383378579,-0.03,0.0253025578840498));
#2573=CARTESIAN_POINT('',(0.006506864326084,-0.02492,0.03));
#2574=CARTESIAN_POINT('',(0.00650686432608398,-0.03,0.03));
#2575=CARTESIAN_POINT('',(0.00650686432608398,-0.03,0.02492));
#2576=CARTESIAN_POINT('',(0.00776165659853739,-0.0248314535720824,0.02492));
#2577=CARTESIAN_POINT('',(0.0186563884070015,6.05765437811101E-18,-0.02238));
#2578=CARTESIAN_POINT('',(0.0186563884070015,0.0153306770846413,-0.02238));
#2579=CARTESIAN_POINT('',(0.00846611644201505,-0.029734360716247,0.0260476692177348));
#2580=CARTESIAN_POINT('',(0.00833814607942699,-0.0288437112196387,0.03));
#2581=CARTESIAN_POINT('',(0.00776165659853734,-0.0248314535720823,0.03));
#2582=CARTESIAN_POINT('',(0.00938125839364414,-0.0294817255495589,0.0265743892862411));
#2583=CARTESIAN_POINT('',(0.00935546389054308,-0.0283772496999452,0.0296026754697554));
#2584=CARTESIAN_POINT('',(0.00877068065605269,-0.0252322200888856,0.03));
#2585=CARTESIAN_POINT('',(0.0113138470972537,-0.028618222425415,0.0274489349127562));
#2586=CARTESIAN_POINT('',(0.0111921153086513,-0.0275202706796883,0.0288669472247243));
#2587=CARTESIAN_POINT('',(0.0109253222183917,-0.0259141628229892,0.0296287310397264));
#2588=CARTESIAN_POINT('',(0.0131759628976475,-0.0271614797126505,0.0278414373217662));
#2589=CARTESIAN_POINT('',(0.0131112007466666,-0.0267107475564917,0.0282047814746756));
#2590=CARTESIAN_POINT('',(0.0130464386374924,-0.0262600153831857,0.028568125613775));
#2591=CARTESIAN_POINT('',(0.0140231221951093,-0.0263365679656917,0.0279031478782646));
#2592=CARTESIAN_POINT('',(0.0140231221951093,-0.0263365679656917,0.0279031478782646));
#2593=CARTESIAN_POINT('',(0.0140231221951093,-0.0263365679656917,0.0279031478782646));
#2594=CARTESIAN_POINT('',(0.0105727877986076,-0.02238,0.02238));
#2595=CARTESIAN_POINT('',(0.0186563884070015,0.0153306770846413,-0.02238));
#2596=CARTESIAN_POINT('',(0.0186563884070015,0.0153306770846413,-0.02238));
#2597=CARTESIAN_POINT('',(0.0326939409624336,-0.00308919637593275,0.02238));
#2598=CARTESIAN_POINT('',(0.0186563884070015,-0.0153306770846414,0.02238));
#2599=CARTESIAN_POINT('',(0.0326939409624336,0.00308919637593274,-0.02238));
#2600=CARTESIAN_POINT('',(0.0105727877986076,0.02238,-0.02238));
#2601=CARTESIAN_POINT('',(0.0186563884070015,-0.0153306770846414,0.02238));
#2602=CARTESIAN_POINT('',(0.0186563884070015,-0.0153306770846414,0.02238));
#2603=CARTESIAN_POINT('',(0.00776165659853736,0.0248314535720823,-0.03));
#2604=CARTESIAN_POINT('',(0.008338146079427,0.0288437112196387,-0.03));
#2605=CARTESIAN_POINT('',(0.00846611644201502,0.029734360716247,-0.0260476692177347));
#2606=CARTESIAN_POINT('',(0.0073579735194559,0.0248894555935788,-0.03));
#2607=CARTESIAN_POINT('',(0.00776597031999587,0.0292427882594544,-0.0300000000000052));
#2608=CARTESIAN_POINT('',(0.007835799420692,0.0299083667768227,-0.0256848832864456));
#2609=CARTESIAN_POINT('',(0.00693254826702143,0.0249199999999993,-0.03));
#2610=CARTESIAN_POINT('',(0.00714741496391195,0.0296313240015501,-0.0299999999999974));
#2611=CARTESIAN_POINT('',(0.00717153383377914,0.03,-0.0253025578840491));
#2612=CARTESIAN_POINT('',(0.006506864326084,0.02492,-0.03));
#2613=CARTESIAN_POINT('',(0.00650686432608399,0.03,-0.03));
#2614=CARTESIAN_POINT('',(0.00650686432608399,0.03,-0.02492));
#2615=CARTESIAN_POINT('',(0.00776165659853739,0.0248314535720824,-0.02492));
#2616=CARTESIAN_POINT('',(0.00846611644201507,0.029734360716247,-0.0260476692177347));
#2617=CARTESIAN_POINT('',(0.00650686432608401,0.02238,-0.02492));
#2618=CARTESIAN_POINT('',(0.0140231221951093,0.0263365679656917,-0.0279031478782646));
#2619=CARTESIAN_POINT('',(0.0140231221951093,0.0263365679656917,-0.0279031478782646));
#2620=CARTESIAN_POINT('',(0.0140231221951093,0.0263365679656917,-0.0279031478782646));
#2621=CARTESIAN_POINT('',(0.0130464386374982,0.0262600153831783,-0.0285681256137767));
#2622=CARTESIAN_POINT('',(0.0131112007466724,0.0267107475564899,-0.0282047814746791));
#2623=CARTESIAN_POINT('',(0.0131759628976518,0.0271614797126517,-0.0278414373217627));
#2624=CARTESIAN_POINT('',(0.0109253222183876,0.0259141628229984,-0.0296287310397256));
#2625=CARTESIAN_POINT('',(0.0111921153086442,0.0275202706796913,-0.0288669472247193));
#2626=CARTESIAN_POINT('',(0.0113138470972497,0.0286182224254147,-0.0274489349127578));
#2627=CARTESIAN_POINT('',(0.00877068065605521,0.0252322200888745,-0.03));
#2628=CARTESIAN_POINT('',(0.00935546389055057,0.0283772496999414,-0.0296026754697633));
#2629=CARTESIAN_POINT('',(0.00938125839364773,0.0294817255495583,-0.0265743892862414));
#2630=CARTESIAN_POINT('',(0.00776165659853733,0.0248314535720823,-0.03));
#2631=CARTESIAN_POINT('',(0.00833814607942699,0.0288437112196387,-0.03));
#2632=CARTESIAN_POINT('',(0.00846611644201505,0.029734360716247,-0.0260476692177347));
#2633=CARTESIAN_POINT('',(0.0105727877986076,0.02238,-0.02238));
#2634=CARTESIAN_POINT('',(0.0186563884070015,-9.52710133006462E-18,0.02238));
#2635=CARTESIAN_POINT('',(0.0186563884070015,0.0153306770846413,0.02238));
#2636=CARTESIAN_POINT('',(0.0346029715355661,0.02238,-0.00736824016134481));
#2637=CARTESIAN_POINT('',(0.0186563884070015,0.02238,-0.0173301396954289));
#2638=CARTESIAN_POINT('',(0.0186563884070015,0.0153306770846413,0.02238));
#2639=CARTESIAN_POINT('',(0.0186563884070015,0.0153306770846413,0.02238));
#2640=CARTESIAN_POINT('',(0.0186563884070015,0.02238,-0.0173301396954289));
#2641=CARTESIAN_POINT('',(0.0186563884070015,0.02238,-0.0173301396954289));
#2642=CARTESIAN_POINT('',(0.0326939409624336,0.00308919637593271,0.02238));
#2643=CARTESIAN_POINT('',(0.0105727877986075,0.02238,0.02238));
#2644=CARTESIAN_POINT('',(0.0186563884070015,0.02238,4.73579508941668E-18));
#2645=CARTESIAN_POINT('',(0.0186563884070015,0.02238,0.0173301396954289));
#2646=CARTESIAN_POINT('',(0.0140231221951094,0.0263365679656917,0.0279031478782646));
#2647=CARTESIAN_POINT('',(0.0140231221951094,0.0263365679656917,0.0279031478782646));
#2648=CARTESIAN_POINT('',(0.0140231221951093,0.0263365679656917,0.0279031478782646));
#2649=CARTESIAN_POINT('',(0.0131759628976592,0.0271614797126548,0.0278414373217557));
#2650=CARTESIAN_POINT('',(0.0131112007466731,0.0267107475565004,0.0282047814746752));
#2651=CARTESIAN_POINT('',(0.0130464386374875,0.0262600153831909,0.0285681256137744));
#2652=CARTESIAN_POINT('',(0.0113138470972437,0.0286182224254098,0.0274489349127771));
#2653=CARTESIAN_POINT('',(0.0111921153086396,0.0275202706796764,0.0288669472247244));
#2654=CARTESIAN_POINT('',(0.0109253222183933,0.025914162822988,0.0296287310397267));
#2655=CARTESIAN_POINT('',(0.00938125839365272,0.0294817255495649,0.0265743892862096));
#2656=CARTESIAN_POINT('',(0.00935546389055772,0.0283772496999639,0.0296026754697573));
#2657=CARTESIAN_POINT('',(0.00877068065605446,0.0252322200888827,0.03));
#2658=CARTESIAN_POINT('',(0.00846611644201515,0.029734360716247,0.0260476692177347));
#2659=CARTESIAN_POINT('',(0.00833814607942709,0.0288437112196387,0.03));
#2660=CARTESIAN_POINT('',(0.00776165659853736,0.0248314535720823,0.03));
#2661=CARTESIAN_POINT('',(0.0077616565985374,0.0248314535720823,0.02492));
#2662=CARTESIAN_POINT('',(0.00846611644201511,0.029734360716247,0.0260476692177348));
#2663=CARTESIAN_POINT('',(0.0105727877986075,0.02238,0.02238));
#2664=CARTESIAN_POINT('',(0.00846611644201513,0.029734360716247,0.0260476692177347));
#2665=CARTESIAN_POINT('',(0.0083381460794271,0.0288437112196387,0.03));
#2666=CARTESIAN_POINT('',(0.0077616565985374,0.0248314535720823,0.03));
#2667=CARTESIAN_POINT('',(0.00783579942069015,0.0299083667768219,0.0256848832864502));
#2668=CARTESIAN_POINT('',(0.00776597031999688,0.0292427882594494,0.0300000000000028));
#2669=CARTESIAN_POINT('',(0.00735797351945875,0.024889455593576,0.03));
#2670=CARTESIAN_POINT('',(0.0071715338337993,0.03,0.0253025578840528));
#2671=CARTESIAN_POINT('',(0.00714741496393155,0.0296313240015459,0.0300000000000003));
#2672=CARTESIAN_POINT('',(0.00693254826702216,0.0249199999999993,0.03));
#2673=CARTESIAN_POINT('',(0.00650686432608399,0.03,0.02492));
#2674=CARTESIAN_POINT('',(0.00650686432608399,0.03,0.03));
#2675=CARTESIAN_POINT('',(0.00650686432608397,0.02492,0.03));
#2676=CARTESIAN_POINT('',(0.00650686432608397,0.02238,0.02492));
#2677=CARTESIAN_POINT('',(0.0186563884070015,0.02238,0.0173301396954289));
#2678=CARTESIAN_POINT('',(0.0186563884070015,0.02238,0.0173301396954289));
#2679=CARTESIAN_POINT('',(0.0346029715355661,0.02238,0.00736824016134482));
#2680=CARTESIAN_POINT('',(0.234,-0.0303,-0.0243));
#2681=CARTESIAN_POINT('',(0.234,-0.0303,-0.0243));
#2682=CARTESIAN_POINT('',(0.234,-0.0328,-0.0243));
#2683=CARTESIAN_POINT('',(0.234,-0.00675,0.));
#2684=CARTESIAN_POINT('',(0.234,-0.0303,0.0243));
#2685=CARTESIAN_POINT('',(0.234,-0.0303,0.0243));
#2686=CARTESIAN_POINT('',(0.234,-0.0328,0.0243));
#2687=CARTESIAN_POINT('',(0.234,-0.00675,0.));
#2688=CARTESIAN_POINT('',(0.23,0.0163998634646052,0.008));
#2689=CARTESIAN_POINT('',(0.23,0.0187437182244475,-0.0124468079089586));
#2690=MECHANICAL_DESIGN_GEOMETRIC_PRESENTATION_REPRESENTATION('',(#1496),
#2691);
#2691=(
GEOMETRIC_REPRESENTATION_CONTEXT(3)
GLOBAL_UNCERTAINTY_ASSIGNED_CONTEXT((#2692))
GLOBAL_UNIT_ASSIGNED_CONTEXT((#2695,#2694,#2693))
REPRESENTATION_CONTEXT('Part 1','TOP_LEVEL_ASSEMBLY_PART')
);
#2692=UNCERTAINTY_MEASURE_WITH_UNIT(LENGTH_MEASURE(2.E-5),#2695,
'DISTANCE_ACCURACY_VALUE','Maximum Tolerance applied to model');
#2693=(
NAMED_UNIT(*)
SI_UNIT($,.STERADIAN.)
SOLID_ANGLE_UNIT()
);
#2694=(
NAMED_UNIT(*)
PLANE_ANGLE_UNIT()
SI_UNIT($,.RADIAN.)
);
#2695=(
LENGTH_UNIT()
NAMED_UNIT(*)
SI_UNIT($,.METRE.)
);
#2696=PRODUCT_DEFINITION_SHAPE('','',#2697);
#2697=PRODUCT_DEFINITION('','',#2699,#2698);
#2698=PRODUCT_DEFINITION_CONTEXT('',#2705,'design');
#2699=PRODUCT_DEFINITION_FORMATION_WITH_SPECIFIED_SOURCE('','',#2701,
 .NOT_KNOWN.);
#2700=PRODUCT_RELATED_PRODUCT_CATEGORY('','',(#2701));
#2701=PRODUCT('Part 1','Part 1','Part 1',(#2703));
#2702=PRODUCT_CATEGORY('','');
#2703=PRODUCT_CONTEXT('',#2705,'mechanical');
#2704=APPLICATION_PROTOCOL_DEFINITION('international standard',
'ap242_managed_model_based_3d_engineering',2020,#2705);
#2705=APPLICATION_CONTEXT('managed model based 3d engineering');
ENDSEC;
END-ISO-10303-21;
