ISO-10303-21;
HEADER;
/* Generated by software containing ST-Developer
 * from STEP Tools, Inc. (www.steptools.com) 
 */
/* OPTION: using custom renumber hook */

FILE_DESCRIPTION(
/* description */ ('STEP AP242 Edition 2',
'CAx-IF Rec.Pracs.---Representation and Presentation of Product Manufa
cturing Information (PMI)---4.0---2014-10-13',
'CAx-IF Rec.Pracs.---3D Tessellated Geometry---0.4---2014-09-14','2;1',
'CAx-IF Rec.Pracs.---User Defined Attributes---1.5---2016-08-15'),
/* implementation_level */ '2;1');

FILE_NAME(
/* name */ 'Handle V3 Front',
/* time_stamp */ '2026-06-24T13:26:47Z',
/* author */ (''),
/* organization */ (''),
/* preprocessor_version */ 'ST-DEVELOPER v20',
/* originating_system */ 'ONSHAPE BY PTC INC, 1.216',
/* authorisation */ '  ');

FILE_SCHEMA (('AP242_MANAGED_MODEL_BASED_3D_ENGINEERING_MIM_LF { 1 0 10303 442 3 1 4 }'));
ENDSEC;

DATA;
#10=SHAPE_REPRESENTATION_RELATIONSHIP('','',#2587,#11);
#11=ADVANCED_BREP_SHAPE_REPRESENTATION('',(#2585),#4375);
#12=(
BOUNDED_SURFACE()
B_SPLINE_SURFACE(3,2,((#4285,#4286,#4287),(#4288,#4289,#4290),(#4291,#4292,
#4293),(#4294,#4295,#4296)),.UNSPECIFIED.,.F.,.F.,.F.)
B_SPLINE_SURFACE_WITH_KNOTS((4,4),(3,3),(3.92699081698723,4.18651731332291),
(0.,1.),.PIECEWISE_BEZIER_KNOTS.)
GEOMETRIC_REPRESENTATION_ITEM()
RATIONAL_B_SPLINE_SURFACE(((1.,0.621022958894957,1.),(1.,0.628986107965305,
1.),(1.,0.637830627574034,1.),(1.,0.64717701213073,1.)))
REPRESENTATION_ITEM('')
SURFACE()
);
#13=(
BOUNDED_SURFACE()
B_SPLINE_SURFACE(3,2,((#4300,#4301,#4302),(#4303,#4304,#4305),(#4306,#4307,
#4308),(#4309,#4310,#4311)),.UNSPECIFIED.,.F.,.F.,.F.)
B_SPLINE_SURFACE_WITH_KNOTS((4,4),(3,3),(3.75709435610892E-17,0.785398163397447),
(0.,1.),.PIECEWISE_BEZIER_KNOTS.)
GEOMETRIC_REPRESENTATION_ITEM()
RATIONAL_B_SPLINE_SURFACE(((1.,0.581646179555544,1.),(1.,0.581646179556674,
1.),(1.,0.596924291733848,1.),(1.,0.621022958894957,1.)))
REPRESENTATION_ITEM('')
SURFACE()
);
#14=(
BOUNDED_SURFACE()
B_SPLINE_SURFACE(3,2,((#4315,#4316,#4317),(#4318,#4319,#4320),(#4321,#4322,
#4323),(#4324,#4325,#4326)),.UNSPECIFIED.,.F.,.F.,.F.)
B_SPLINE_SURFACE_WITH_KNOTS((4,4),(3,3),(5.52027358656291,6.28318530717959),
(0.,1.),.PIECEWISE_BEZIER_KNOTS.)
GEOMETRIC_REPRESENTATION_ITEM()
RATIONAL_B_SPLINE_SURFACE(((1.,0.618973141621952,1.),(1.,0.596020927950937,
1.),(1.,0.581646179553901,1.),(1.,0.581646179555547,1.)))
REPRESENTATION_ITEM('')
SURFACE()
);
#15=(
BOUNDED_SURFACE()
B_SPLINE_SURFACE(3,2,((#4328,#4329,#4330),(#4331,#4332,#4333),(#4334,#4335,
#4336),(#4337,#4338,#4339),(#4340,#4341,#4342)),.UNSPECIFIED.,.F.,.F.,.F.)
B_SPLINE_SURFACE_WITH_KNOTS((4,1,4),(3,3),(-3.90312782094782E-18,0.00277515989657501,
0.00555031979315002),(0.,1.),.UNSPECIFIED.)
GEOMETRIC_REPRESENTATION_ITEM()
RATIONAL_B_SPLINE_SURFACE(((1.,0.809002768317789,1.),(1.,0.795962437962108,
1.),(1.,0.747341135848736,1.),(1.,0.660240711408414,1.),(1.,0.618973141621951,
1.)))
REPRESENTATION_ITEM('')
SURFACE()
);
#16=(
BOUNDED_SURFACE()
B_SPLINE_SURFACE(3,2,((#4346,#4347,#4348),(#4349,#4350,#4351),(#4352,#4353,
#4354),(#4355,#4356,#4357),(#4358,#4359,#4360)),.UNSPECIFIED.,.F.,.F.,.F.)
B_SPLINE_SURFACE_WITH_KNOTS((4,1,4),(3,3),(2.73218947466347E-17,0.00267778069253951,
0.005355561385079),(0.,1.),.UNSPECIFIED.)
GEOMETRIC_REPRESENTATION_ITEM()
RATIONAL_B_SPLINE_SURFACE(((1.,0.785412152917595,1.),(1.,0.797368995315056,
1.),(1.,0.824095582405588,1.),(1.,0.821576434608644,1.),(1.,0.809002768317789,
1.)))
REPRESENTATION_ITEM('')
SURFACE()
);
#17=(
BOUNDED_SURFACE()
B_SPLINE_SURFACE(3,2,((#4362,#4363,#4364),(#4365,#4366,#4367),(#4368,#4369,
#4370),(#4371,#4372,#4373)),.UNSPECIFIED.,.F.,.F.,.F.)
B_SPLINE_SURFACE_WITH_KNOTS((4,4),(3,3),(0.,0.762911720616681),(0.,1.),
 .PIECEWISE_BEZIER_KNOTS.)
GEOMETRIC_REPRESENTATION_ITEM()
RATIONAL_B_SPLINE_SURFACE(((1.,0.81344189823763,1.),(1.,0.813441898237356,
1.),(1.,0.803500495035194,1.),(1.,0.785412152917595,1.)))
REPRESENTATION_ITEM('')
SURFACE()
);
#18=SPHERICAL_SURFACE('',#2752,0.00508);
#19=SPHERICAL_SURFACE('',#2758,0.00508);
#20=CYLINDRICAL_SURFACE('',#2607,0.008);
#21=CYLINDRICAL_SURFACE('',#2630,0.0177);
#22=CYLINDRICAL_SURFACE('',#2669,0.003075);
#23=CYLINDRICAL_SURFACE('',#2672,0.003075);
#24=CYLINDRICAL_SURFACE('',#2675,0.003075);
#25=CYLINDRICAL_SURFACE('',#2678,0.003075);
#26=CYLINDRICAL_SURFACE('',#2682,0.004445);
#27=CYLINDRICAL_SURFACE('',#2683,0.004445);
#28=CYLINDRICAL_SURFACE('',#2684,0.004445);
#29=CYLINDRICAL_SURFACE('',#2685,0.004445);
#30=CYLINDRICAL_SURFACE('',#2686,0.004445);
#31=CYLINDRICAL_SURFACE('',#2687,0.004445);
#32=CYLINDRICAL_SURFACE('',#2688,0.004445);
#33=CYLINDRICAL_SURFACE('',#2689,0.004445);
#34=CYLINDRICAL_SURFACE('',#2690,0.003775);
#35=CYLINDRICAL_SURFACE('',#2719,0.00508);
#36=CYLINDRICAL_SURFACE('',#2720,0.00508);
#37=CYLINDRICAL_SURFACE('',#2721,0.00508);
#38=CYLINDRICAL_SURFACE('',#2723,0.00508);
#39=CYLINDRICAL_SURFACE('',#2724,0.00508);
#40=CYLINDRICAL_SURFACE('',#2725,0.00508);
#41=CYLINDRICAL_SURFACE('',#2727,0.00508);
#42=CYLINDRICAL_SURFACE('',#2728,0.003);
#43=CYLINDRICAL_SURFACE('',#2731,0.003);
#44=CYLINDRICAL_SURFACE('',#2734,0.003);
#45=CYLINDRICAL_SURFACE('',#2737,0.003);
#46=CYLINDRICAL_SURFACE('',#2740,0.00508);
#47=CYLINDRICAL_SURFACE('',#2741,0.00508);
#48=CYLINDRICAL_SURFACE('',#2742,0.00508);
#49=CYLINDRICAL_SURFACE('',#2744,0.00508);
#50=CYLINDRICAL_SURFACE('',#2746,0.00508);
#51=CYLINDRICAL_SURFACE('',#2748,0.00508);
#52=CYLINDRICAL_SURFACE('',#2750,0.00508);
#53=CYLINDRICAL_SURFACE('',#2753,0.00508);
#54=CYLINDRICAL_SURFACE('',#2756,0.00508);
#55=CYLINDRICAL_SURFACE('',#2760,0.00508);
#56=CYLINDRICAL_SURFACE('',#2761,0.00508);
#57=CYLINDRICAL_SURFACE('',#2800,0.001397);
#58=CYLINDRICAL_SURFACE('',#2803,0.001397);
#59=CYLINDRICAL_SURFACE('',#2807,0.001397);
#60=CIRCLE('',#2597,0.003);
#61=CIRCLE('',#2598,0.003);
#62=CIRCLE('',#2599,0.003);
#63=CIRCLE('',#2600,0.003);
#64=CIRCLE('',#2601,0.00508);
#65=CIRCLE('',#2602,0.00508);
#66=CIRCLE('',#2603,0.00508);
#67=CIRCLE('',#2604,0.00508);
#68=CIRCLE('',#2605,0.0177);
#69=CIRCLE('',#2608,0.008);
#70=CIRCLE('',#2610,0.008);
#71=CIRCLE('',#2611,0.008);
#72=CIRCLE('',#2613,0.003075);
#73=CIRCLE('',#2614,0.003075);
#74=CIRCLE('',#2615,0.003075);
#75=CIRCLE('',#2616,0.003075);
#76=CIRCLE('',#2617,0.00508);
#77=CIRCLE('',#2618,0.00508);
#78=CIRCLE('',#2619,0.00508);
#79=CIRCLE('',#2620,0.00508);
#80=CIRCLE('',#2621,0.0177);
#81=CIRCLE('',#2632,0.004445);
#82=CIRCLE('',#2633,0.004445);
#83=CIRCLE('',#2634,0.004445);
#84=CIRCLE('',#2635,0.004445);
#85=CIRCLE('',#2636,0.004445);
#86=CIRCLE('',#2637,0.004445);
#87=CIRCLE('',#2639,0.004445);
#88=CIRCLE('',#2640,0.004445);
#89=CIRCLE('',#2641,0.004445);
#90=CIRCLE('',#2642,0.004445);
#91=CIRCLE('',#2643,0.004445);
#92=CIRCLE('',#2644,0.004445);
#93=CIRCLE('',#2660,0.003775);
#94=CIRCLE('',#2670,0.003075);
#95=CIRCLE('',#2673,0.003075);
#96=CIRCLE('',#2676,0.003075);
#97=CIRCLE('',#2679,0.003075);
#98=CIRCLE('',#2691,0.003775);
#99=CIRCLE('',#2697,0.00508);
#100=CIRCLE('',#2701,0.00508);
#101=CIRCLE('',#2702,0.00508);
#102=CIRCLE('',#2705,0.00508);
#103=CIRCLE('',#2706,0.00508);
#104=CIRCLE('',#2708,0.00508);
#105=CIRCLE('',#2709,0.00508);
#106=CIRCLE('',#2729,0.003);
#107=CIRCLE('',#2732,0.003);
#108=CIRCLE('',#2735,0.003);
#109=CIRCLE('',#2738,0.003);
#110=CIRCLE('',#2743,0.00508);
#111=CIRCLE('',#2745,0.00508);
#112=CIRCLE('',#2749,0.00508);
#113=CIRCLE('',#2751,0.00508);
#114=CIRCLE('',#2755,0.00508);
#115=CIRCLE('',#2759,0.00508);
#116=CIRCLE('',#2799,0.001397);
#117=CIRCLE('',#2801,0.001397);
#118=CIRCLE('',#2802,0.001397);
#119=CIRCLE('',#2804,0.001397);
#120=CIRCLE('',#2805,0.001397);
#121=CIRCLE('',#2806,0.001397);
#122=CIRCLE('',#2808,0.001397);
#123=CIRCLE('',#2809,0.001397);
#124=B_SPLINE_CURVE_WITH_KNOTS('',3,(#3645,#3646,#3647,#3648),
 .UNSPECIFIED.,.F.,.F.,(4,4),(0.,0.000205276742552757),.UNSPECIFIED.);
#125=B_SPLINE_CURVE_WITH_KNOTS('',3,(#4012,#4013,#4014,#4015,#4016,#4017),
 .UNSPECIFIED.,.F.,.F.,(4,1,1,4),(1.4304896245382E-17,0.00200204821221822,
0.00400409642443642,0.00800819284887282),.UNSPECIFIED.);
#126=B_SPLINE_CURVE_WITH_KNOTS('',3,(#4019,#4020,#4021,#4022,#4023,#4024),
 .UNSPECIFIED.,.F.,.F.,(4,1,1,4),(1.4304896245382E-17,0.00200204821221821,
0.0040040964244364,0.00800819284887278),.UNSPECIFIED.);
#127=B_SPLINE_CURVE_WITH_KNOTS('',3,(#4047,#4048,#4049,#4050,#4051,#4052),
 .UNSPECIFIED.,.F.,.F.,(4,1,1,4),(0.,0.000667498204725877,0.00133499640945175,
0.00266999281890351),.UNSPECIFIED.);
#128=B_SPLINE_CURVE_WITH_KNOTS('',3,(#4118,#4119,#4120,#4121),
 .UNSPECIFIED.,.F.,.F.,(4,4),(0.,0.00260418595134631),.UNSPECIFIED.);
#129=B_SPLINE_CURVE_WITH_KNOTS('',3,(#4124,#4125,#4126,#4127,#4128),
 .UNSPECIFIED.,.F.,.F.,(4,1,4),(1.73472347597681E-18,0.00216383742865338,
0.00432767485730676),.UNSPECIFIED.);
#130=B_SPLINE_CURVE_WITH_KNOTS('',3,(#4136,#4137,#4138,#4139,#4140),
 .UNSPECIFIED.,.F.,.F.,(4,1,4),(0.,0.0022926150349233,0.00458523006984659),
 .UNSPECIFIED.);
#131=B_SPLINE_CURVE_WITH_KNOTS('',3,(#4165,#4166,#4167,#4168,#4169),
 .UNSPECIFIED.,.F.,.F.,(4,1,4),(8.67361737988404E-19,0.00258213886932692,
0.00516427773865385),.UNSPECIFIED.);
#132=B_SPLINE_CURVE_WITH_KNOTS('',3,(#4173,#4174,#4175,#4176,#4177),
 .UNSPECIFIED.,.F.,.F.,(4,1,4),(0.,0.0026857356262208,0.0053714712524416),
 .UNSPECIFIED.);
#133=B_SPLINE_CURVE_WITH_KNOTS('',3,(#4183,#4184,#4185,#4186,#4187),
 .UNSPECIFIED.,.F.,.F.,(4,1,4),(0.,0.00212890376487405,0.0042578075297481),
 .UNSPECIFIED.);
#134=ELLIPSE('',#2592,0.00684476407580841,0.006477);
#135=ELLIPSE('',#2593,0.00684476407580841,0.006477);
#136=ELLIPSE('',#2609,0.0084542400195256,0.008);
#137=ELLIPSE('',#2623,0.00684476407580841,0.006477);
#138=ELLIPSE('',#2626,0.00739097922708771,0.00508);
#139=ELLIPSE('',#2627,0.00536844241239876,0.00508);
#140=ELLIPSE('',#2650,0.0073909792270877,0.00508);
#141=ELLIPSE('',#2651,0.00684476407580841,0.006477);
#142=ELLIPSE('',#2653,0.00536844241239875,0.00508);
#143=ELLIPSE('',#2654,0.00536844241239876,0.00508);
#144=ELLIPSE('',#2655,0.00536844241239875,0.00508);
#145=ELLIPSE('',#2656,0.00536844241239876,0.00508);
#146=ELLIPSE('',#2657,0.00469738711084891,0.004445);
#147=ELLIPSE('',#2658,0.00469738711084891,0.004445);
#148=ELLIPSE('',#2661,0.00536844241239875,0.00508);
#149=ELLIPSE('',#2662,0.00536844241239875,0.00508);
#150=ELLIPSE('',#2692,0.00398934450921364,0.003775);
#151=ELLIPSE('',#2698,0.0157092942592716,0.00508);
#152=ELLIPSE('',#2699,0.0157092942592716,0.00508);
#153=ELLIPSE('',#2722,0.00554126937203719,0.00508);
#154=ELLIPSE('',#2726,0.00554126937203719,0.00508);
#155=ELLIPSE('',#2747,0.00646495692904133,0.00508);
#156=ELLIPSE('',#2754,0.00554126937203718,0.00508);
#157=ELLIPSE('',#2757,0.00646495692904133,0.00508);
#158=ELLIPSE('',#2762,0.00554126937203718,0.00508);
#159=ORIENTED_EDGE('',*,*,#883,.T.);
#160=ORIENTED_EDGE('',*,*,#884,.T.);
#161=ORIENTED_EDGE('',*,*,#885,.T.);
#162=ORIENTED_EDGE('',*,*,#886,.F.);
#163=ORIENTED_EDGE('',*,*,#887,.T.);
#164=ORIENTED_EDGE('',*,*,#888,.T.);
#165=ORIENTED_EDGE('',*,*,#889,.T.);
#166=ORIENTED_EDGE('',*,*,#890,.F.);
#167=ORIENTED_EDGE('',*,*,#891,.T.);
#168=ORIENTED_EDGE('',*,*,#892,.T.);
#169=ORIENTED_EDGE('',*,*,#893,.F.);
#170=ORIENTED_EDGE('',*,*,#894,.F.);
#171=ORIENTED_EDGE('',*,*,#895,.F.);
#172=ORIENTED_EDGE('',*,*,#896,.T.);
#173=ORIENTED_EDGE('',*,*,#897,.T.);
#174=ORIENTED_EDGE('',*,*,#898,.T.);
#175=ORIENTED_EDGE('',*,*,#899,.T.);
#176=ORIENTED_EDGE('',*,*,#900,.T.);
#177=ORIENTED_EDGE('',*,*,#901,.T.);
#178=ORIENTED_EDGE('',*,*,#902,.F.);
#179=ORIENTED_EDGE('',*,*,#903,.F.);
#180=ORIENTED_EDGE('',*,*,#904,.T.);
#181=ORIENTED_EDGE('',*,*,#905,.T.);
#182=ORIENTED_EDGE('',*,*,#906,.T.);
#183=ORIENTED_EDGE('',*,*,#907,.F.);
#184=ORIENTED_EDGE('',*,*,#908,.F.);
#185=ORIENTED_EDGE('',*,*,#909,.T.);
#186=ORIENTED_EDGE('',*,*,#910,.T.);
#187=ORIENTED_EDGE('',*,*,#911,.T.);
#188=ORIENTED_EDGE('',*,*,#912,.T.);
#189=ORIENTED_EDGE('',*,*,#913,.T.);
#190=ORIENTED_EDGE('',*,*,#914,.T.);
#191=ORIENTED_EDGE('',*,*,#915,.F.);
#192=ORIENTED_EDGE('',*,*,#916,.F.);
#193=ORIENTED_EDGE('',*,*,#917,.T.);
#194=ORIENTED_EDGE('',*,*,#918,.T.);
#195=ORIENTED_EDGE('',*,*,#919,.F.);
#196=ORIENTED_EDGE('',*,*,#920,.F.);
#197=ORIENTED_EDGE('',*,*,#921,.F.);
#198=ORIENTED_EDGE('',*,*,#922,.T.);
#199=ORIENTED_EDGE('',*,*,#923,.T.);
#200=ORIENTED_EDGE('',*,*,#924,.F.);
#201=ORIENTED_EDGE('',*,*,#925,.T.);
#202=ORIENTED_EDGE('',*,*,#926,.T.);
#203=ORIENTED_EDGE('',*,*,#927,.F.);
#204=ORIENTED_EDGE('',*,*,#928,.F.);
#205=ORIENTED_EDGE('',*,*,#929,.T.);
#206=ORIENTED_EDGE('',*,*,#930,.F.);
#207=ORIENTED_EDGE('',*,*,#931,.T.);
#208=ORIENTED_EDGE('',*,*,#932,.T.);
#209=ORIENTED_EDGE('',*,*,#933,.T.);
#210=ORIENTED_EDGE('',*,*,#934,.F.);
#211=ORIENTED_EDGE('',*,*,#935,.F.);
#212=ORIENTED_EDGE('',*,*,#936,.F.);
#213=ORIENTED_EDGE('',*,*,#937,.T.);
#214=ORIENTED_EDGE('',*,*,#938,.T.);
#215=ORIENTED_EDGE('',*,*,#939,.F.);
#216=ORIENTED_EDGE('',*,*,#940,.T.);
#217=ORIENTED_EDGE('',*,*,#941,.T.);
#218=ORIENTED_EDGE('',*,*,#942,.F.);
#219=ORIENTED_EDGE('',*,*,#943,.T.);
#220=ORIENTED_EDGE('',*,*,#944,.T.);
#221=ORIENTED_EDGE('',*,*,#945,.T.);
#222=ORIENTED_EDGE('',*,*,#946,.T.);
#223=ORIENTED_EDGE('',*,*,#947,.T.);
#224=ORIENTED_EDGE('',*,*,#948,.T.);
#225=ORIENTED_EDGE('',*,*,#949,.T.);
#226=ORIENTED_EDGE('',*,*,#950,.F.);
#227=ORIENTED_EDGE('',*,*,#951,.T.);
#228=ORIENTED_EDGE('',*,*,#952,.T.);
#229=ORIENTED_EDGE('',*,*,#953,.F.);
#230=ORIENTED_EDGE('',*,*,#954,.F.);
#231=ORIENTED_EDGE('',*,*,#955,.T.);
#232=ORIENTED_EDGE('',*,*,#956,.F.);
#233=ORIENTED_EDGE('',*,*,#957,.F.);
#234=ORIENTED_EDGE('',*,*,#958,.T.);
#235=ORIENTED_EDGE('',*,*,#959,.F.);
#236=ORIENTED_EDGE('',*,*,#933,.F.);
#237=ORIENTED_EDGE('',*,*,#960,.T.);
#238=ORIENTED_EDGE('',*,*,#902,.T.);
#239=ORIENTED_EDGE('',*,*,#961,.F.);
#240=ORIENTED_EDGE('',*,*,#941,.F.);
#241=ORIENTED_EDGE('',*,*,#962,.T.);
#242=ORIENTED_EDGE('',*,*,#963,.F.);
#243=ORIENTED_EDGE('',*,*,#964,.T.);
#244=ORIENTED_EDGE('',*,*,#965,.F.);
#245=ORIENTED_EDGE('',*,*,#966,.F.);
#246=ORIENTED_EDGE('',*,*,#967,.T.);
#247=ORIENTED_EDGE('',*,*,#968,.T.);
#248=ORIENTED_EDGE('',*,*,#969,.T.);
#249=ORIENTED_EDGE('',*,*,#905,.F.);
#250=ORIENTED_EDGE('',*,*,#970,.T.);
#251=ORIENTED_EDGE('',*,*,#971,.T.);
#252=ORIENTED_EDGE('',*,*,#972,.T.);
#253=ORIENTED_EDGE('',*,*,#930,.T.);
#254=ORIENTED_EDGE('',*,*,#973,.T.);
#255=ORIENTED_EDGE('',*,*,#974,.F.);
#256=ORIENTED_EDGE('',*,*,#975,.T.);
#257=ORIENTED_EDGE('',*,*,#909,.F.);
#258=ORIENTED_EDGE('',*,*,#976,.F.);
#259=ORIENTED_EDGE('',*,*,#977,.T.);
#260=ORIENTED_EDGE('',*,*,#978,.T.);
#261=ORIENTED_EDGE('',*,*,#979,.T.);
#262=ORIENTED_EDGE('',*,*,#980,.T.);
#263=ORIENTED_EDGE('',*,*,#981,.F.);
#264=ORIENTED_EDGE('',*,*,#982,.F.);
#265=ORIENTED_EDGE('',*,*,#983,.T.);
#266=ORIENTED_EDGE('',*,*,#968,.F.);
#267=ORIENTED_EDGE('',*,*,#984,.T.);
#268=ORIENTED_EDGE('',*,*,#985,.F.);
#269=ORIENTED_EDGE('',*,*,#986,.F.);
#270=ORIENTED_EDGE('',*,*,#977,.F.);
#271=ORIENTED_EDGE('',*,*,#987,.F.);
#272=ORIENTED_EDGE('',*,*,#988,.T.);
#273=ORIENTED_EDGE('',*,*,#989,.T.);
#274=ORIENTED_EDGE('',*,*,#990,.F.);
#275=ORIENTED_EDGE('',*,*,#991,.T.);
#276=ORIENTED_EDGE('',*,*,#992,.T.);
#277=ORIENTED_EDGE('',*,*,#993,.T.);
#278=ORIENTED_EDGE('',*,*,#994,.T.);
#279=ORIENTED_EDGE('',*,*,#995,.F.);
#280=ORIENTED_EDGE('',*,*,#996,.F.);
#281=ORIENTED_EDGE('',*,*,#997,.T.);
#282=ORIENTED_EDGE('',*,*,#998,.F.);
#283=ORIENTED_EDGE('',*,*,#999,.F.);
#284=ORIENTED_EDGE('',*,*,#1000,.T.);
#285=ORIENTED_EDGE('',*,*,#1001,.T.);
#286=ORIENTED_EDGE('',*,*,#1002,.T.);
#287=ORIENTED_EDGE('',*,*,#1003,.T.);
#288=ORIENTED_EDGE('',*,*,#1004,.F.);
#289=ORIENTED_EDGE('',*,*,#1005,.T.);
#290=ORIENTED_EDGE('',*,*,#947,.F.);
#291=ORIENTED_EDGE('',*,*,#1006,.T.);
#292=ORIENTED_EDGE('',*,*,#1007,.T.);
#293=ORIENTED_EDGE('',*,*,#1008,.T.);
#294=ORIENTED_EDGE('',*,*,#1009,.T.);
#295=ORIENTED_EDGE('',*,*,#1010,.T.);
#296=ORIENTED_EDGE('',*,*,#1011,.F.);
#297=ORIENTED_EDGE('',*,*,#992,.F.);
#298=ORIENTED_EDGE('',*,*,#1012,.T.);
#299=ORIENTED_EDGE('',*,*,#1013,.T.);
#300=ORIENTED_EDGE('',*,*,#1014,.T.);
#301=ORIENTED_EDGE('',*,*,#1015,.T.);
#302=ORIENTED_EDGE('',*,*,#1016,.F.);
#303=ORIENTED_EDGE('',*,*,#1017,.T.);
#304=ORIENTED_EDGE('',*,*,#1018,.T.);
#305=ORIENTED_EDGE('',*,*,#1019,.T.);
#306=ORIENTED_EDGE('',*,*,#1020,.T.);
#307=ORIENTED_EDGE('',*,*,#950,.T.);
#308=ORIENTED_EDGE('',*,*,#1021,.T.);
#309=ORIENTED_EDGE('',*,*,#1022,.T.);
#310=ORIENTED_EDGE('',*,*,#1023,.T.);
#311=ORIENTED_EDGE('',*,*,#1024,.F.);
#312=ORIENTED_EDGE('',*,*,#1025,.T.);
#313=ORIENTED_EDGE('',*,*,#1026,.T.);
#314=ORIENTED_EDGE('',*,*,#1027,.T.);
#315=ORIENTED_EDGE('',*,*,#1028,.T.);
#316=ORIENTED_EDGE('',*,*,#1029,.T.);
#317=ORIENTED_EDGE('',*,*,#1030,.T.);
#318=ORIENTED_EDGE('',*,*,#1031,.T.);
#319=ORIENTED_EDGE('',*,*,#1011,.T.);
#320=ORIENTED_EDGE('',*,*,#1032,.F.);
#321=ORIENTED_EDGE('',*,*,#979,.F.);
#322=ORIENTED_EDGE('',*,*,#1033,.T.);
#323=ORIENTED_EDGE('',*,*,#1034,.T.);
#324=ORIENTED_EDGE('',*,*,#1035,.T.);
#325=ORIENTED_EDGE('',*,*,#1036,.F.);
#326=ORIENTED_EDGE('',*,*,#1037,.F.);
#327=ORIENTED_EDGE('',*,*,#1038,.T.);
#328=ORIENTED_EDGE('',*,*,#1039,.T.);
#329=ORIENTED_EDGE('',*,*,#1040,.T.);
#330=ORIENTED_EDGE('',*,*,#1041,.T.);
#331=ORIENTED_EDGE('',*,*,#1042,.T.);
#332=ORIENTED_EDGE('',*,*,#1043,.T.);
#333=ORIENTED_EDGE('',*,*,#1044,.T.);
#334=ORIENTED_EDGE('',*,*,#1045,.F.);
#335=ORIENTED_EDGE('',*,*,#1046,.T.);
#336=ORIENTED_EDGE('',*,*,#1047,.F.);
#337=ORIENTED_EDGE('',*,*,#1048,.T.);
#338=ORIENTED_EDGE('',*,*,#1049,.F.);
#339=ORIENTED_EDGE('',*,*,#1050,.T.);
#340=ORIENTED_EDGE('',*,*,#1051,.T.);
#341=ORIENTED_EDGE('',*,*,#1052,.T.);
#342=ORIENTED_EDGE('',*,*,#1053,.F.);
#343=ORIENTED_EDGE('',*,*,#1054,.T.);
#344=ORIENTED_EDGE('',*,*,#1055,.F.);
#345=ORIENTED_EDGE('',*,*,#1056,.T.);
#346=ORIENTED_EDGE('',*,*,#1057,.F.);
#347=ORIENTED_EDGE('',*,*,#1058,.T.);
#348=ORIENTED_EDGE('',*,*,#1059,.T.);
#349=ORIENTED_EDGE('',*,*,#1060,.T.);
#350=ORIENTED_EDGE('',*,*,#1061,.F.);
#351=ORIENTED_EDGE('',*,*,#1062,.T.);
#352=ORIENTED_EDGE('',*,*,#1063,.T.);
#353=ORIENTED_EDGE('',*,*,#1064,.F.);
#354=ORIENTED_EDGE('',*,*,#1065,.F.);
#355=ORIENTED_EDGE('',*,*,#1066,.T.);
#356=ORIENTED_EDGE('',*,*,#1067,.T.);
#357=ORIENTED_EDGE('',*,*,#1004,.T.);
#358=ORIENTED_EDGE('',*,*,#1068,.T.);
#359=ORIENTED_EDGE('',*,*,#1069,.T.);
#360=ORIENTED_EDGE('',*,*,#1033,.F.);
#361=ORIENTED_EDGE('',*,*,#1070,.T.);
#362=ORIENTED_EDGE('',*,*,#1049,.T.);
#363=ORIENTED_EDGE('',*,*,#1071,.T.);
#364=ORIENTED_EDGE('',*,*,#1035,.F.);
#365=ORIENTED_EDGE('',*,*,#1072,.T.);
#366=ORIENTED_EDGE('',*,*,#1047,.T.);
#367=ORIENTED_EDGE('',*,*,#1073,.F.);
#368=ORIENTED_EDGE('',*,*,#1074,.F.);
#369=ORIENTED_EDGE('',*,*,#1075,.T.);
#370=ORIENTED_EDGE('',*,*,#1076,.T.);
#371=ORIENTED_EDGE('',*,*,#1077,.F.);
#372=ORIENTED_EDGE('',*,*,#1078,.T.);
#373=ORIENTED_EDGE('',*,*,#1079,.T.);
#374=ORIENTED_EDGE('',*,*,#1080,.T.);
#375=ORIENTED_EDGE('',*,*,#1081,.T.);
#376=ORIENTED_EDGE('',*,*,#1082,.T.);
#377=ORIENTED_EDGE('',*,*,#1007,.F.);
#378=ORIENTED_EDGE('',*,*,#1083,.T.);
#379=ORIENTED_EDGE('',*,*,#1084,.T.);
#380=ORIENTED_EDGE('',*,*,#1085,.T.);
#381=ORIENTED_EDGE('',*,*,#1080,.F.);
#382=ORIENTED_EDGE('',*,*,#1086,.T.);
#383=ORIENTED_EDGE('',*,*,#1087,.T.);
#384=ORIENTED_EDGE('',*,*,#1088,.T.);
#385=ORIENTED_EDGE('',*,*,#1016,.T.);
#386=ORIENTED_EDGE('',*,*,#1089,.T.);
#387=ORIENTED_EDGE('',*,*,#886,.T.);
#388=ORIENTED_EDGE('',*,*,#1090,.T.);
#389=ORIENTED_EDGE('',*,*,#1065,.T.);
#390=ORIENTED_EDGE('',*,*,#1091,.T.);
#391=ORIENTED_EDGE('',*,*,#1092,.F.);
#392=ORIENTED_EDGE('',*,*,#1093,.T.);
#393=ORIENTED_EDGE('',*,*,#1094,.F.);
#394=ORIENTED_EDGE('',*,*,#1095,.T.);
#395=ORIENTED_EDGE('',*,*,#1037,.T.);
#396=ORIENTED_EDGE('',*,*,#1096,.T.);
#397=ORIENTED_EDGE('',*,*,#1097,.T.);
#398=ORIENTED_EDGE('',*,*,#1098,.T.);
#399=ORIENTED_EDGE('',*,*,#1092,.T.);
#400=ORIENTED_EDGE('',*,*,#1099,.T.);
#401=ORIENTED_EDGE('',*,*,#1100,.T.);
#402=ORIENTED_EDGE('',*,*,#1101,.F.);
#403=ORIENTED_EDGE('',*,*,#1059,.F.);
#404=ORIENTED_EDGE('',*,*,#1051,.F.);
#405=ORIENTED_EDGE('',*,*,#1102,.T.);
#406=ORIENTED_EDGE('',*,*,#1045,.T.);
#407=ORIENTED_EDGE('',*,*,#1103,.T.);
#408=ORIENTED_EDGE('',*,*,#1104,.F.);
#409=ORIENTED_EDGE('',*,*,#1009,.F.);
#410=ORIENTED_EDGE('',*,*,#1105,.T.);
#411=ORIENTED_EDGE('',*,*,#1096,.F.);
#412=ORIENTED_EDGE('',*,*,#1036,.T.);
#413=ORIENTED_EDGE('',*,*,#1073,.T.);
#414=ORIENTED_EDGE('',*,*,#1060,.F.);
#415=ORIENTED_EDGE('',*,*,#1101,.T.);
#416=ORIENTED_EDGE('',*,*,#1106,.T.);
#417=ORIENTED_EDGE('',*,*,#1002,.F.);
#418=ORIENTED_EDGE('',*,*,#1107,.T.);
#419=ORIENTED_EDGE('',*,*,#1108,.F.);
#420=ORIENTED_EDGE('',*,*,#1109,.F.);
#421=ORIENTED_EDGE('',*,*,#1110,.T.);
#422=ORIENTED_EDGE('',*,*,#971,.F.);
#423=ORIENTED_EDGE('',*,*,#1111,.T.);
#424=ORIENTED_EDGE('',*,*,#974,.T.);
#425=ORIENTED_EDGE('',*,*,#1112,.T.);
#426=ORIENTED_EDGE('',*,*,#1113,.T.);
#427=ORIENTED_EDGE('',*,*,#1114,.T.);
#428=ORIENTED_EDGE('',*,*,#1039,.F.);
#429=ORIENTED_EDGE('',*,*,#1115,.T.);
#430=ORIENTED_EDGE('',*,*,#1057,.T.);
#431=ORIENTED_EDGE('',*,*,#1116,.T.);
#432=ORIENTED_EDGE('',*,*,#1053,.T.);
#433=ORIENTED_EDGE('',*,*,#1117,.T.);
#434=ORIENTED_EDGE('',*,*,#1043,.F.);
#435=ORIENTED_EDGE('',*,*,#1118,.T.);
#436=ORIENTED_EDGE('',*,*,#1041,.F.);
#437=ORIENTED_EDGE('',*,*,#1119,.T.);
#438=ORIENTED_EDGE('',*,*,#1055,.T.);
#439=ORIENTED_EDGE('',*,*,#1120,.T.);
#440=ORIENTED_EDGE('',*,*,#1121,.F.);
#441=ORIENTED_EDGE('',*,*,#999,.T.);
#442=ORIENTED_EDGE('',*,*,#1121,.T.);
#443=ORIENTED_EDGE('',*,*,#1122,.F.);
#444=ORIENTED_EDGE('',*,*,#998,.T.);
#445=ORIENTED_EDGE('',*,*,#1122,.T.);
#446=ORIENTED_EDGE('',*,*,#1123,.T.);
#447=ORIENTED_EDGE('',*,*,#997,.F.);
#448=ORIENTED_EDGE('',*,*,#1123,.F.);
#449=ORIENTED_EDGE('',*,*,#1124,.T.);
#450=ORIENTED_EDGE('',*,*,#1000,.F.);
#451=ORIENTED_EDGE('',*,*,#1124,.F.);
#452=ORIENTED_EDGE('',*,*,#1087,.F.);
#453=ORIENTED_EDGE('',*,*,#1125,.T.);
#454=ORIENTED_EDGE('',*,*,#1126,.T.);
#455=ORIENTED_EDGE('',*,*,#1127,.T.);
#456=ORIENTED_EDGE('',*,*,#1091,.F.);
#457=ORIENTED_EDGE('',*,*,#1069,.F.);
#458=ORIENTED_EDGE('',*,*,#1128,.T.);
#459=ORIENTED_EDGE('',*,*,#1099,.F.);
#460=ORIENTED_EDGE('',*,*,#1093,.F.);
#461=ORIENTED_EDGE('',*,*,#1098,.F.);
#462=ORIENTED_EDGE('',*,*,#1129,.T.);
#463=ORIENTED_EDGE('',*,*,#1081,.F.);
#464=ORIENTED_EDGE('',*,*,#1046,.F.);
#465=ORIENTED_EDGE('',*,*,#1102,.F.);
#466=ORIENTED_EDGE('',*,*,#1050,.F.);
#467=ORIENTED_EDGE('',*,*,#1070,.F.);
#468=ORIENTED_EDGE('',*,*,#1058,.F.);
#469=ORIENTED_EDGE('',*,*,#1115,.F.);
#470=ORIENTED_EDGE('',*,*,#1038,.F.);
#471=ORIENTED_EDGE('',*,*,#1095,.F.);
#472=ORIENTED_EDGE('',*,*,#1052,.F.);
#473=ORIENTED_EDGE('',*,*,#1103,.F.);
#474=ORIENTED_EDGE('',*,*,#1044,.F.);
#475=ORIENTED_EDGE('',*,*,#1117,.F.);
#476=ORIENTED_EDGE('',*,*,#1056,.F.);
#477=ORIENTED_EDGE('',*,*,#1119,.F.);
#478=ORIENTED_EDGE('',*,*,#1040,.F.);
#479=ORIENTED_EDGE('',*,*,#1116,.F.);
#480=ORIENTED_EDGE('',*,*,#1054,.F.);
#481=ORIENTED_EDGE('',*,*,#1118,.F.);
#482=ORIENTED_EDGE('',*,*,#1042,.F.);
#483=ORIENTED_EDGE('',*,*,#1120,.F.);
#484=ORIENTED_EDGE('',*,*,#1034,.F.);
#485=ORIENTED_EDGE('',*,*,#1071,.F.);
#486=ORIENTED_EDGE('',*,*,#1048,.F.);
#487=ORIENTED_EDGE('',*,*,#1072,.F.);
#488=ORIENTED_EDGE('',*,*,#1130,.F.);
#489=ORIENTED_EDGE('',*,*,#1131,.T.);
#490=ORIENTED_EDGE('',*,*,#1094,.T.);
#491=ORIENTED_EDGE('',*,*,#1132,.F.);
#492=ORIENTED_EDGE('',*,*,#1130,.T.);
#493=ORIENTED_EDGE('',*,*,#986,.T.);
#494=ORIENTED_EDGE('',*,*,#1133,.T.);
#495=ORIENTED_EDGE('',*,*,#1107,.F.);
#496=ORIENTED_EDGE('',*,*,#1001,.F.);
#497=ORIENTED_EDGE('',*,*,#1031,.F.);
#498=ORIENTED_EDGE('',*,*,#978,.F.);
#499=ORIENTED_EDGE('',*,*,#1010,.F.);
#500=ORIENTED_EDGE('',*,*,#1104,.T.);
#501=ORIENTED_EDGE('',*,*,#1134,.F.);
#502=ORIENTED_EDGE('',*,*,#984,.F.);
#503=ORIENTED_EDGE('',*,*,#980,.F.);
#504=ORIENTED_EDGE('',*,*,#1032,.T.);
#505=ORIENTED_EDGE('',*,*,#952,.F.);
#506=ORIENTED_EDGE('',*,*,#1135,.T.);
#507=ORIENTED_EDGE('',*,*,#1024,.T.);
#508=ORIENTED_EDGE('',*,*,#1136,.T.);
#509=ORIENTED_EDGE('',*,*,#1028,.F.);
#510=ORIENTED_EDGE('',*,*,#1137,.F.);
#511=ORIENTED_EDGE('',*,*,#1138,.T.);
#512=ORIENTED_EDGE('',*,*,#895,.T.);
#513=ORIENTED_EDGE('',*,*,#1139,.F.);
#514=ORIENTED_EDGE('',*,*,#1113,.F.);
#515=ORIENTED_EDGE('',*,*,#1140,.T.);
#516=ORIENTED_EDGE('',*,*,#928,.T.);
#517=ORIENTED_EDGE('',*,*,#1141,.T.);
#518=ORIENTED_EDGE('',*,*,#911,.F.);
#519=ORIENTED_EDGE('',*,*,#1142,.T.);
#520=ORIENTED_EDGE('',*,*,#1143,.F.);
#521=ORIENTED_EDGE('',*,*,#953,.T.);
#522=ORIENTED_EDGE('',*,*,#1139,.T.);
#523=ORIENTED_EDGE('',*,*,#912,.F.);
#524=ORIENTED_EDGE('',*,*,#1141,.F.);
#525=ORIENTED_EDGE('',*,*,#927,.T.);
#526=ORIENTED_EDGE('',*,*,#1144,.T.);
#527=ORIENTED_EDGE('',*,*,#1145,.F.);
#528=ORIENTED_EDGE('',*,*,#932,.F.);
#529=ORIENTED_EDGE('',*,*,#1146,.T.);
#530=ORIENTED_EDGE('',*,*,#1109,.T.);
#531=ORIENTED_EDGE('',*,*,#1147,.T.);
#532=ORIENTED_EDGE('',*,*,#903,.T.);
#533=ORIENTED_EDGE('',*,*,#960,.F.);
#534=ORIENTED_EDGE('',*,*,#1020,.F.);
#535=ORIENTED_EDGE('',*,*,#1148,.T.);
#536=ORIENTED_EDGE('',*,*,#942,.T.);
#537=ORIENTED_EDGE('',*,*,#961,.T.);
#538=ORIENTED_EDGE('',*,*,#901,.F.);
#539=ORIENTED_EDGE('',*,*,#1149,.T.);
#540=ORIENTED_EDGE('',*,*,#937,.F.);
#541=ORIENTED_EDGE('',*,*,#1150,.F.);
#542=ORIENTED_EDGE('',*,*,#1151,.T.);
#543=ORIENTED_EDGE('',*,*,#1152,.F.);
#544=ORIENTED_EDGE('',*,*,#918,.F.);
#545=ORIENTED_EDGE('',*,*,#1153,.T.);
#546=ORIENTED_EDGE('',*,*,#1154,.T.);
#547=ORIENTED_EDGE('',*,*,#1155,.T.);
#548=ORIENTED_EDGE('',*,*,#936,.T.);
#549=ORIENTED_EDGE('',*,*,#1156,.F.);
#550=ORIENTED_EDGE('',*,*,#1157,.F.);
#551=ORIENTED_EDGE('',*,*,#1150,.T.);
#552=ORIENTED_EDGE('',*,*,#935,.T.);
#553=ORIENTED_EDGE('',*,*,#1158,.T.);
#554=ORIENTED_EDGE('',*,*,#1159,.T.);
#555=ORIENTED_EDGE('',*,*,#1160,.F.);
#556=ORIENTED_EDGE('',*,*,#939,.T.);
#557=ORIENTED_EDGE('',*,*,#1161,.F.);
#558=ORIENTED_EDGE('',*,*,#1162,.F.);
#559=ORIENTED_EDGE('',*,*,#1156,.T.);
#560=ORIENTED_EDGE('',*,*,#938,.F.);
#561=ORIENTED_EDGE('',*,*,#1155,.F.);
#562=ORIENTED_EDGE('',*,*,#1163,.T.);
#563=ORIENTED_EDGE('',*,*,#1161,.T.);
#564=ORIENTED_EDGE('',*,*,#1164,.F.);
#565=ORIENTED_EDGE('',*,*,#1151,.F.);
#566=ORIENTED_EDGE('',*,*,#1157,.T.);
#567=ORIENTED_EDGE('',*,*,#1162,.T.);
#568=ORIENTED_EDGE('',*,*,#1163,.F.);
#569=ORIENTED_EDGE('',*,*,#1154,.F.);
#570=ORIENTED_EDGE('',*,*,#1165,.T.);
#571=ORIENTED_EDGE('',*,*,#1166,.F.);
#572=ORIENTED_EDGE('',*,*,#958,.F.);
#573=ORIENTED_EDGE('',*,*,#1167,.F.);
#574=ORIENTED_EDGE('',*,*,#894,.T.);
#575=ORIENTED_EDGE('',*,*,#1168,.T.);
#576=ORIENTED_EDGE('',*,*,#957,.T.);
#577=ORIENTED_EDGE('',*,*,#1169,.F.);
#578=ORIENTED_EDGE('',*,*,#891,.F.);
#579=ORIENTED_EDGE('',*,*,#1170,.F.);
#580=ORIENTED_EDGE('',*,*,#915,.T.);
#581=ORIENTED_EDGE('',*,*,#1171,.T.);
#582=ORIENTED_EDGE('',*,*,#887,.F.);
#583=ORIENTED_EDGE('',*,*,#1167,.T.);
#584=ORIENTED_EDGE('',*,*,#956,.T.);
#585=ORIENTED_EDGE('',*,*,#1172,.F.);
#586=ORIENTED_EDGE('',*,*,#892,.F.);
#587=ORIENTED_EDGE('',*,*,#1169,.T.);
#588=ORIENTED_EDGE('',*,*,#1173,.F.);
#589=ORIENTED_EDGE('',*,*,#1174,.F.);
#590=ORIENTED_EDGE('',*,*,#1175,.T.);
#591=ORIENTED_EDGE('',*,*,#925,.F.);
#592=ORIENTED_EDGE('',*,*,#1168,.F.);
#593=ORIENTED_EDGE('',*,*,#893,.T.);
#594=ORIENTED_EDGE('',*,*,#1172,.T.);
#595=ORIENTED_EDGE('',*,*,#955,.F.);
#596=ORIENTED_EDGE('',*,*,#1135,.F.);
#597=ORIENTED_EDGE('',*,*,#951,.F.);
#598=ORIENTED_EDGE('',*,*,#1023,.F.);
#599=ORIENTED_EDGE('',*,*,#1176,.T.);
#600=ORIENTED_EDGE('',*,*,#1025,.F.);
#601=ORIENTED_EDGE('',*,*,#973,.F.);
#602=ORIENTED_EDGE('',*,*,#929,.F.);
#603=ORIENTED_EDGE('',*,*,#1140,.F.);
#604=ORIENTED_EDGE('',*,*,#1112,.F.);
#605=ORIENTED_EDGE('',*,*,#1177,.T.);
#606=ORIENTED_EDGE('',*,*,#1178,.T.);
#607=ORIENTED_EDGE('',*,*,#943,.F.);
#608=ORIENTED_EDGE('',*,*,#1148,.F.);
#609=ORIENTED_EDGE('',*,*,#1019,.F.);
#610=ORIENTED_EDGE('',*,*,#972,.F.);
#611=ORIENTED_EDGE('',*,*,#1110,.F.);
#612=ORIENTED_EDGE('',*,*,#1146,.F.);
#613=ORIENTED_EDGE('',*,*,#931,.F.);
#614=ORIENTED_EDGE('',*,*,#1147,.F.);
#615=ORIENTED_EDGE('',*,*,#1111,.F.);
#616=ORIENTED_EDGE('',*,*,#970,.F.);
#617=ORIENTED_EDGE('',*,*,#904,.F.);
#618=ORIENTED_EDGE('',*,*,#1179,.T.);
#619=ORIENTED_EDGE('',*,*,#1180,.T.);
#620=ORIENTED_EDGE('',*,*,#1017,.F.);
#621=ORIENTED_EDGE('',*,*,#1149,.F.);
#622=ORIENTED_EDGE('',*,*,#900,.F.);
#623=ORIENTED_EDGE('',*,*,#1142,.F.);
#624=ORIENTED_EDGE('',*,*,#910,.F.);
#625=ORIENTED_EDGE('',*,*,#975,.F.);
#626=ORIENTED_EDGE('',*,*,#1114,.F.);
#627=ORIENTED_EDGE('',*,*,#1181,.F.);
#628=ORIENTED_EDGE('',*,*,#965,.T.);
#629=ORIENTED_EDGE('',*,*,#1181,.T.);
#630=ORIENTED_EDGE('',*,*,#1182,.T.);
#631=ORIENTED_EDGE('',*,*,#964,.F.);
#632=ORIENTED_EDGE('',*,*,#1182,.F.);
#633=ORIENTED_EDGE('',*,*,#1183,.F.);
#634=ORIENTED_EDGE('',*,*,#966,.T.);
#635=ORIENTED_EDGE('',*,*,#1183,.T.);
#636=ORIENTED_EDGE('',*,*,#1184,.T.);
#637=ORIENTED_EDGE('',*,*,#967,.F.);
#638=ORIENTED_EDGE('',*,*,#1184,.F.);
#639=ORIENTED_EDGE('',*,*,#1003,.F.);
#640=ORIENTED_EDGE('',*,*,#1106,.F.);
#641=ORIENTED_EDGE('',*,*,#1100,.F.);
#642=ORIENTED_EDGE('',*,*,#1128,.F.);
#643=ORIENTED_EDGE('',*,*,#1068,.F.);
#644=ORIENTED_EDGE('',*,*,#1008,.F.);
#645=ORIENTED_EDGE('',*,*,#1082,.F.);
#646=ORIENTED_EDGE('',*,*,#1129,.F.);
#647=ORIENTED_EDGE('',*,*,#1097,.F.);
#648=ORIENTED_EDGE('',*,*,#1105,.F.);
#649=ORIENTED_EDGE('',*,*,#946,.F.);
#650=ORIENTED_EDGE('',*,*,#1185,.T.);
#651=ORIENTED_EDGE('',*,*,#1078,.F.);
#652=ORIENTED_EDGE('',*,*,#1006,.F.);
#653=ORIENTED_EDGE('',*,*,#1067,.F.);
#654=ORIENTED_EDGE('',*,*,#1186,.T.);
#655=ORIENTED_EDGE('',*,*,#948,.F.);
#656=ORIENTED_EDGE('',*,*,#1005,.F.);
#657=ORIENTED_EDGE('',*,*,#1085,.F.);
#658=ORIENTED_EDGE('',*,*,#1187,.T.);
#659=ORIENTED_EDGE('',*,*,#1188,.T.);
#660=ORIENTED_EDGE('',*,*,#1189,.T.);
#661=ORIENTED_EDGE('',*,*,#1012,.F.);
#662=ORIENTED_EDGE('',*,*,#1088,.F.);
#663=ORIENTED_EDGE('',*,*,#1127,.F.);
#664=ORIENTED_EDGE('',*,*,#1190,.F.);
#665=ORIENTED_EDGE('',*,*,#1086,.F.);
#666=ORIENTED_EDGE('',*,*,#1079,.F.);
#667=ORIENTED_EDGE('',*,*,#1191,.F.);
#668=ORIENTED_EDGE('',*,*,#1125,.F.);
#669=ORIENTED_EDGE('',*,*,#1190,.T.);
#670=ORIENTED_EDGE('',*,*,#1126,.F.);
#671=ORIENTED_EDGE('',*,*,#1192,.F.);
#672=ORIENTED_EDGE('',*,*,#945,.F.);
#673=ORIENTED_EDGE('',*,*,#1193,.T.);
#674=ORIENTED_EDGE('',*,*,#1083,.F.);
#675=ORIENTED_EDGE('',*,*,#1191,.T.);
#676=ORIENTED_EDGE('',*,*,#1185,.F.);
#677=ORIENTED_EDGE('',*,*,#1192,.T.);
#678=ORIENTED_EDGE('',*,*,#885,.F.);
#679=ORIENTED_EDGE('',*,*,#1194,.T.);
#680=ORIENTED_EDGE('',*,*,#1137,.T.);
#681=ORIENTED_EDGE('',*,*,#1027,.F.);
#682=ORIENTED_EDGE('',*,*,#1195,.F.);
#683=ORIENTED_EDGE('',*,*,#1066,.F.);
#684=ORIENTED_EDGE('',*,*,#1090,.F.);
#685=ORIENTED_EDGE('',*,*,#1176,.F.);
#686=ORIENTED_EDGE('',*,*,#1022,.F.);
#687=ORIENTED_EDGE('',*,*,#1196,.F.);
#688=ORIENTED_EDGE('',*,*,#1029,.F.);
#689=ORIENTED_EDGE('',*,*,#1136,.F.);
#690=ORIENTED_EDGE('',*,*,#1026,.F.);
#691=ORIENTED_EDGE('',*,*,#1186,.F.);
#692=ORIENTED_EDGE('',*,*,#1195,.T.);
#693=ORIENTED_EDGE('',*,*,#1197,.F.);
#694=ORIENTED_EDGE('',*,*,#1021,.F.);
#695=ORIENTED_EDGE('',*,*,#949,.F.);
#696=ORIENTED_EDGE('',*,*,#1197,.T.);
#697=ORIENTED_EDGE('',*,*,#1030,.F.);
#698=ORIENTED_EDGE('',*,*,#1196,.T.);
#699=ORIENTED_EDGE('',*,*,#1015,.F.);
#700=ORIENTED_EDGE('',*,*,#1198,.T.);
#701=ORIENTED_EDGE('',*,*,#883,.F.);
#702=ORIENTED_EDGE('',*,*,#1089,.F.);
#703=ORIENTED_EDGE('',*,*,#1199,.F.);
#704=ORIENTED_EDGE('',*,*,#1075,.F.);
#705=ORIENTED_EDGE('',*,*,#1200,.T.);
#706=ORIENTED_EDGE('',*,*,#1201,.T.);
#707=ORIENTED_EDGE('',*,*,#1202,.F.);
#708=ORIENTED_EDGE('',*,*,#1201,.F.);
#709=ORIENTED_EDGE('',*,*,#1203,.T.);
#710=ORIENTED_EDGE('',*,*,#1204,.T.);
#711=ORIENTED_EDGE('',*,*,#1205,.F.);
#712=ORIENTED_EDGE('',*,*,#1204,.F.);
#713=ORIENTED_EDGE('',*,*,#1206,.T.);
#714=ORIENTED_EDGE('',*,*,#1077,.T.);
#715=ORIENTED_EDGE('',*,*,#1074,.T.);
#716=ORIENTED_EDGE('',*,*,#1206,.F.);
#717=ORIENTED_EDGE('',*,*,#1203,.F.);
#718=ORIENTED_EDGE('',*,*,#1200,.F.);
#719=ORIENTED_EDGE('',*,*,#1076,.F.);
#720=ORIENTED_EDGE('',*,*,#1199,.T.);
#721=ORIENTED_EDGE('',*,*,#1202,.T.);
#722=ORIENTED_EDGE('',*,*,#1205,.T.);
#723=ORIENTED_EDGE('',*,*,#1207,.F.);
#724=ORIENTED_EDGE('',*,*,#1063,.F.);
#725=ORIENTED_EDGE('',*,*,#1208,.T.);
#726=ORIENTED_EDGE('',*,*,#1209,.T.);
#727=ORIENTED_EDGE('',*,*,#1210,.F.);
#728=ORIENTED_EDGE('',*,*,#1209,.F.);
#729=ORIENTED_EDGE('',*,*,#1211,.T.);
#730=ORIENTED_EDGE('',*,*,#1212,.T.);
#731=ORIENTED_EDGE('',*,*,#1213,.F.);
#732=ORIENTED_EDGE('',*,*,#1212,.F.);
#733=ORIENTED_EDGE('',*,*,#1214,.T.);
#734=ORIENTED_EDGE('',*,*,#1061,.T.);
#735=ORIENTED_EDGE('',*,*,#1062,.F.);
#736=ORIENTED_EDGE('',*,*,#1214,.F.);
#737=ORIENTED_EDGE('',*,*,#1211,.F.);
#738=ORIENTED_EDGE('',*,*,#1208,.F.);
#739=ORIENTED_EDGE('',*,*,#1064,.T.);
#740=ORIENTED_EDGE('',*,*,#1207,.T.);
#741=ORIENTED_EDGE('',*,*,#1210,.T.);
#742=ORIENTED_EDGE('',*,*,#1213,.T.);
#743=ORIENTED_EDGE('',*,*,#1215,.F.);
#744=ORIENTED_EDGE('',*,*,#923,.F.);
#745=ORIENTED_EDGE('',*,*,#1216,.T.);
#746=ORIENTED_EDGE('',*,*,#1217,.T.);
#747=ORIENTED_EDGE('',*,*,#1218,.F.);
#748=ORIENTED_EDGE('',*,*,#1217,.F.);
#749=ORIENTED_EDGE('',*,*,#1219,.T.);
#750=ORIENTED_EDGE('',*,*,#1220,.T.);
#751=ORIENTED_EDGE('',*,*,#1221,.F.);
#752=ORIENTED_EDGE('',*,*,#1220,.F.);
#753=ORIENTED_EDGE('',*,*,#1222,.T.);
#754=ORIENTED_EDGE('',*,*,#921,.T.);
#755=ORIENTED_EDGE('',*,*,#922,.F.);
#756=ORIENTED_EDGE('',*,*,#1222,.F.);
#757=ORIENTED_EDGE('',*,*,#1219,.F.);
#758=ORIENTED_EDGE('',*,*,#1216,.F.);
#759=ORIENTED_EDGE('',*,*,#924,.T.);
#760=ORIENTED_EDGE('',*,*,#1215,.T.);
#761=ORIENTED_EDGE('',*,*,#1218,.T.);
#762=ORIENTED_EDGE('',*,*,#1221,.T.);
#763=ORIENTED_EDGE('',*,*,#985,.T.);
#764=ORIENTED_EDGE('',*,*,#1134,.T.);
#765=ORIENTED_EDGE('',*,*,#1108,.T.);
#766=ORIENTED_EDGE('',*,*,#1133,.F.);
#767=ORIENTED_EDGE('',*,*,#991,.F.);
#768=ORIENTED_EDGE('',*,*,#1132,.T.);
#769=ORIENTED_EDGE('',*,*,#1131,.F.);
#770=ORIENTED_EDGE('',*,*,#1223,.T.);
#771=ORIENTED_EDGE('',*,*,#988,.F.);
#772=ORIENTED_EDGE('',*,*,#1224,.F.);
#773=ORIENTED_EDGE('',*,*,#994,.F.);
#774=ORIENTED_EDGE('',*,*,#995,.T.);
#775=ORIENTED_EDGE('',*,*,#1224,.T.);
#776=ORIENTED_EDGE('',*,*,#987,.T.);
#777=ORIENTED_EDGE('',*,*,#1225,.F.);
#778=ORIENTED_EDGE('',*,*,#996,.T.);
#779=ORIENTED_EDGE('',*,*,#1225,.T.);
#780=ORIENTED_EDGE('',*,*,#990,.T.);
#781=ORIENTED_EDGE('',*,*,#1226,.F.);
#782=ORIENTED_EDGE('',*,*,#1226,.T.);
#783=ORIENTED_EDGE('',*,*,#989,.F.);
#784=ORIENTED_EDGE('',*,*,#1223,.F.);
#785=ORIENTED_EDGE('',*,*,#993,.F.);
#786=ORIENTED_EDGE('',*,*,#981,.T.);
#787=ORIENTED_EDGE('',*,*,#976,.T.);
#788=ORIENTED_EDGE('',*,*,#908,.T.);
#789=ORIENTED_EDGE('',*,*,#1227,.F.);
#790=ORIENTED_EDGE('',*,*,#982,.T.);
#791=ORIENTED_EDGE('',*,*,#1227,.T.);
#792=ORIENTED_EDGE('',*,*,#907,.T.);
#793=ORIENTED_EDGE('',*,*,#1228,.F.);
#794=ORIENTED_EDGE('',*,*,#1228,.T.);
#795=ORIENTED_EDGE('',*,*,#906,.F.);
#796=ORIENTED_EDGE('',*,*,#969,.F.);
#797=ORIENTED_EDGE('',*,*,#983,.F.);
#798=ORIENTED_EDGE('',*,*,#934,.T.);
#799=ORIENTED_EDGE('',*,*,#959,.T.);
#800=ORIENTED_EDGE('',*,*,#1229,.F.);
#801=ORIENTED_EDGE('',*,*,#1158,.F.);
#802=ORIENTED_EDGE('',*,*,#1229,.T.);
#803=ORIENTED_EDGE('',*,*,#963,.T.);
#804=ORIENTED_EDGE('',*,*,#1230,.F.);
#805=ORIENTED_EDGE('',*,*,#1159,.F.);
#806=ORIENTED_EDGE('',*,*,#1160,.T.);
#807=ORIENTED_EDGE('',*,*,#1230,.T.);
#808=ORIENTED_EDGE('',*,*,#962,.F.);
#809=ORIENTED_EDGE('',*,*,#940,.F.);
#810=ORIENTED_EDGE('',*,*,#1173,.T.);
#811=ORIENTED_EDGE('',*,*,#954,.T.);
#812=ORIENTED_EDGE('',*,*,#1143,.T.);
#813=ORIENTED_EDGE('',*,*,#1231,.F.);
#814=ORIENTED_EDGE('',*,*,#1174,.T.);
#815=ORIENTED_EDGE('',*,*,#1231,.T.);
#816=ORIENTED_EDGE('',*,*,#1145,.T.);
#817=ORIENTED_EDGE('',*,*,#1232,.F.);
#818=ORIENTED_EDGE('',*,*,#1232,.T.);
#819=ORIENTED_EDGE('',*,*,#1144,.F.);
#820=ORIENTED_EDGE('',*,*,#926,.F.);
#821=ORIENTED_EDGE('',*,*,#1175,.F.);
#822=ORIENTED_EDGE('',*,*,#1233,.T.);
#823=ORIENTED_EDGE('',*,*,#888,.F.);
#824=ORIENTED_EDGE('',*,*,#1171,.F.);
#825=ORIENTED_EDGE('',*,*,#914,.F.);
#826=ORIENTED_EDGE('',*,*,#916,.T.);
#827=ORIENTED_EDGE('',*,*,#1170,.T.);
#828=ORIENTED_EDGE('',*,*,#890,.T.);
#829=ORIENTED_EDGE('',*,*,#1234,.F.);
#830=ORIENTED_EDGE('',*,*,#1234,.T.);
#831=ORIENTED_EDGE('',*,*,#889,.F.);
#832=ORIENTED_EDGE('',*,*,#1233,.F.);
#833=ORIENTED_EDGE('',*,*,#913,.F.);
#834=ORIENTED_EDGE('',*,*,#919,.T.);
#835=ORIENTED_EDGE('',*,*,#1152,.T.);
#836=ORIENTED_EDGE('',*,*,#1164,.T.);
#837=ORIENTED_EDGE('',*,*,#1235,.F.);
#838=ORIENTED_EDGE('',*,*,#920,.T.);
#839=ORIENTED_EDGE('',*,*,#1235,.T.);
#840=ORIENTED_EDGE('',*,*,#1166,.T.);
#841=ORIENTED_EDGE('',*,*,#1236,.F.);
#842=ORIENTED_EDGE('',*,*,#1236,.T.);
#843=ORIENTED_EDGE('',*,*,#1165,.F.);
#844=ORIENTED_EDGE('',*,*,#1153,.F.);
#845=ORIENTED_EDGE('',*,*,#917,.F.);
#846=ORIENTED_EDGE('',*,*,#1138,.F.);
#847=ORIENTED_EDGE('',*,*,#1194,.F.);
#848=ORIENTED_EDGE('',*,*,#1237,.F.);
#849=ORIENTED_EDGE('',*,*,#896,.F.);
#850=ORIENTED_EDGE('',*,*,#1237,.T.);
#851=ORIENTED_EDGE('',*,*,#884,.F.);
#852=ORIENTED_EDGE('',*,*,#1238,.F.);
#853=ORIENTED_EDGE('',*,*,#897,.F.);
#854=ORIENTED_EDGE('',*,*,#1238,.T.);
#855=ORIENTED_EDGE('',*,*,#1198,.F.);
#856=ORIENTED_EDGE('',*,*,#1239,.F.);
#857=ORIENTED_EDGE('',*,*,#898,.F.);
#858=ORIENTED_EDGE('',*,*,#1239,.T.);
#859=ORIENTED_EDGE('',*,*,#1014,.F.);
#860=ORIENTED_EDGE('',*,*,#1240,.F.);
#861=ORIENTED_EDGE('',*,*,#899,.F.);
#862=ORIENTED_EDGE('',*,*,#1240,.T.);
#863=ORIENTED_EDGE('',*,*,#1013,.F.);
#864=ORIENTED_EDGE('',*,*,#1241,.F.);
#865=ORIENTED_EDGE('',*,*,#1179,.F.);
#866=ORIENTED_EDGE('',*,*,#1241,.T.);
#867=ORIENTED_EDGE('',*,*,#1189,.F.);
#868=ORIENTED_EDGE('',*,*,#1242,.F.);
#869=ORIENTED_EDGE('',*,*,#1180,.F.);
#870=ORIENTED_EDGE('',*,*,#1242,.T.);
#871=ORIENTED_EDGE('',*,*,#1188,.F.);
#872=ORIENTED_EDGE('',*,*,#1243,.F.);
#873=ORIENTED_EDGE('',*,*,#1018,.F.);
#874=ORIENTED_EDGE('',*,*,#1243,.T.);
#875=ORIENTED_EDGE('',*,*,#1187,.F.);
#876=ORIENTED_EDGE('',*,*,#1244,.F.);
#877=ORIENTED_EDGE('',*,*,#1177,.F.);
#878=ORIENTED_EDGE('',*,*,#944,.F.);
#879=ORIENTED_EDGE('',*,*,#1178,.F.);
#880=ORIENTED_EDGE('',*,*,#1244,.T.);
#881=ORIENTED_EDGE('',*,*,#1084,.F.);
#882=ORIENTED_EDGE('',*,*,#1193,.F.);
#883=EDGE_CURVE('',#1245,#1246,#1488,.F.);
#884=EDGE_CURVE('',#1246,#1247,#1489,.F.);
#885=EDGE_CURVE('',#1247,#1248,#1490,.F.);
#886=EDGE_CURVE('',#1245,#1248,#1491,.F.);
#887=EDGE_CURVE('',#1249,#1250,#1492,.T.);
#888=EDGE_CURVE('',#1250,#1251,#1493,.T.);
#889=EDGE_CURVE('',#1251,#1252,#1494,.T.);
#890=EDGE_CURVE('',#1253,#1252,#1495,.T.);
#891=EDGE_CURVE('',#1253,#1254,#1496,.T.);
#892=EDGE_CURVE('',#1254,#1255,#1497,.T.);
#893=EDGE_CURVE('',#1256,#1255,#1498,.T.);
#894=EDGE_CURVE('',#1249,#1256,#1499,.T.);
#895=EDGE_CURVE('',#1257,#1258,#1500,.T.);
#896=EDGE_CURVE('',#1257,#1259,#134,.F.);
#897=EDGE_CURVE('',#1259,#1260,#1501,.F.);
#898=EDGE_CURVE('',#1260,#1261,#135,.F.);
#899=EDGE_CURVE('',#1261,#1262,#1502,.F.);
#900=EDGE_CURVE('',#1262,#1263,#1503,.T.);
#901=EDGE_CURVE('',#1263,#1264,#1504,.T.);
#902=EDGE_CURVE('',#1265,#1264,#1505,.T.);
#903=EDGE_CURVE('',#1266,#1265,#1506,.T.);
#904=EDGE_CURVE('',#1266,#1267,#1507,.T.);
#905=EDGE_CURVE('',#1267,#1268,#1508,.T.);
#906=EDGE_CURVE('',#1268,#1269,#1509,.T.);
#907=EDGE_CURVE('',#1270,#1269,#1510,.T.);
#908=EDGE_CURVE('',#1271,#1270,#1511,.T.);
#909=EDGE_CURVE('',#1271,#1272,#1512,.T.);
#910=EDGE_CURVE('',#1272,#1273,#1513,.F.);
#911=EDGE_CURVE('',#1273,#1274,#1514,.T.);
#912=EDGE_CURVE('',#1274,#1258,#1515,.T.);
#913=EDGE_CURVE('',#1275,#1276,#1516,.T.);
#914=EDGE_CURVE('',#1276,#1277,#1517,.T.);
#915=EDGE_CURVE('',#1278,#1277,#1518,.T.);
#916=EDGE_CURVE('',#1275,#1278,#1519,.T.);
#917=EDGE_CURVE('',#1279,#1280,#1520,.T.);
#918=EDGE_CURVE('',#1280,#1281,#1521,.T.);
#919=EDGE_CURVE('',#1282,#1281,#1522,.T.);
#920=EDGE_CURVE('',#1279,#1282,#1523,.T.);
#921=EDGE_CURVE('',#1283,#1284,#1524,.T.);
#922=EDGE_CURVE('',#1283,#1285,#1525,.T.);
#923=EDGE_CURVE('',#1285,#1286,#1526,.T.);
#924=EDGE_CURVE('',#1284,#1286,#1527,.T.);
#925=EDGE_CURVE('',#1287,#1288,#1528,.T.);
#926=EDGE_CURVE('',#1288,#1289,#1529,.T.);
#927=EDGE_CURVE('',#1290,#1289,#1530,.T.);
#928=EDGE_CURVE('',#1291,#1290,#1531,.T.);
#929=EDGE_CURVE('',#1291,#1292,#1532,.F.);
#930=EDGE_CURVE('',#1293,#1292,#1533,.T.);
#931=EDGE_CURVE('',#1293,#1294,#1534,.T.);
#932=EDGE_CURVE('',#1294,#1295,#1535,.T.);
#933=EDGE_CURVE('',#1295,#1296,#1536,.T.);
#934=EDGE_CURVE('',#1297,#1296,#1537,.T.);
#935=EDGE_CURVE('',#1298,#1297,#1538,.T.);
#936=EDGE_CURVE('',#1299,#1298,#1539,.T.);
#937=EDGE_CURVE('',#1299,#1300,#1540,.T.);
#938=EDGE_CURVE('',#1300,#1301,#1541,.T.);
#939=EDGE_CURVE('',#1302,#1301,#1542,.T.);
#940=EDGE_CURVE('',#1302,#1303,#1543,.T.);
#941=EDGE_CURVE('',#1303,#1304,#1544,.T.);
#942=EDGE_CURVE('',#1305,#1304,#1545,.T.);
#943=EDGE_CURVE('',#1305,#1306,#1546,.T.);
#944=EDGE_CURVE('',#1306,#1307,#124,.F.);
#945=EDGE_CURVE('',#1307,#1308,#1547,.F.);
#946=EDGE_CURVE('',#1308,#1309,#1548,.T.);
#947=EDGE_CURVE('',#1309,#1310,#1549,.T.);
#948=EDGE_CURVE('',#1310,#1311,#1550,.F.);
#949=EDGE_CURVE('',#1311,#1312,#1551,.T.);
#950=EDGE_CURVE('',#1313,#1312,#1552,.T.);
#951=EDGE_CURVE('',#1313,#1314,#1553,.F.);
#952=EDGE_CURVE('',#1314,#1315,#1554,.T.);
#953=EDGE_CURVE('',#1316,#1315,#1555,.T.);
#954=EDGE_CURVE('',#1317,#1316,#1556,.T.);
#955=EDGE_CURVE('',#1317,#1318,#1557,.T.);
#956=EDGE_CURVE('',#1319,#1318,#1558,.T.);
#957=EDGE_CURVE('',#1320,#1319,#1559,.T.);
#958=EDGE_CURVE('',#1320,#1287,#1560,.T.);
#959=EDGE_CURVE('',#1296,#1321,#1561,.T.);
#960=EDGE_CURVE('',#1295,#1265,#1562,.T.);
#961=EDGE_CURVE('',#1304,#1264,#1563,.T.);
#962=EDGE_CURVE('',#1303,#1322,#1564,.T.);
#963=EDGE_CURVE('',#1321,#1322,#1565,.T.);
#964=EDGE_CURVE('',#1323,#1323,#60,.T.);
#965=EDGE_CURVE('',#1324,#1324,#61,.T.);
#966=EDGE_CURVE('',#1325,#1325,#62,.T.);
#967=EDGE_CURVE('',#1326,#1326,#63,.T.);
#968=EDGE_CURVE('',#1327,#1328,#1566,.T.);
#969=EDGE_CURVE('',#1328,#1268,#1567,.T.);
#970=EDGE_CURVE('',#1267,#1329,#64,.T.);
#971=EDGE_CURVE('',#1329,#1330,#1568,.T.);
#972=EDGE_CURVE('',#1330,#1293,#65,.T.);
#973=EDGE_CURVE('',#1292,#1331,#66,.T.);
#974=EDGE_CURVE('',#1332,#1331,#1569,.T.);
#975=EDGE_CURVE('',#1332,#1272,#67,.T.);
#976=EDGE_CURVE('',#1333,#1271,#1570,.T.);
#977=EDGE_CURVE('',#1333,#1334,#1571,.T.);
#978=EDGE_CURVE('',#1334,#1335,#1572,.T.);
#979=EDGE_CURVE('',#1335,#1336,#68,.F.);
#980=EDGE_CURVE('',#1336,#1327,#1573,.T.);
#981=EDGE_CURVE('',#1337,#1333,#1574,.T.);
#982=EDGE_CURVE('',#1338,#1337,#1575,.T.);
#983=EDGE_CURVE('',#1338,#1328,#1576,.T.);
#984=EDGE_CURVE('',#1327,#1339,#1577,.T.);
#985=EDGE_CURVE('',#1340,#1339,#1578,.T.);
#986=EDGE_CURVE('',#1334,#1340,#1579,.T.);
#987=EDGE_CURVE('',#1341,#1342,#1580,.T.);
#988=EDGE_CURVE('',#1341,#1343,#1581,.T.);
#989=EDGE_CURVE('',#1343,#1344,#1582,.T.);
#990=EDGE_CURVE('',#1342,#1344,#1583,.T.);
#991=EDGE_CURVE('',#1345,#1345,#69,.T.);
#992=EDGE_CURVE('',#1346,#1346,#136,.F.);
#993=EDGE_CURVE('',#1347,#1348,#70,.T.);
#994=EDGE_CURVE('',#1348,#1349,#1584,.T.);
#995=EDGE_CURVE('',#1350,#1349,#71,.T.);
#996=EDGE_CURVE('',#1347,#1350,#1585,.T.);
#997=EDGE_CURVE('',#1351,#1351,#72,.T.);
#998=EDGE_CURVE('',#1352,#1352,#73,.T.);
#999=EDGE_CURVE('',#1353,#1353,#74,.T.);
#1000=EDGE_CURVE('',#1354,#1354,#75,.T.);
#1001=EDGE_CURVE('',#1355,#1356,#1586,.T.);
#1002=EDGE_CURVE('',#1356,#1357,#1587,.T.);
#1003=EDGE_CURVE('',#1357,#1358,#76,.T.);
#1004=EDGE_CURVE('',#1359,#1358,#1588,.T.);
#1005=EDGE_CURVE('',#1359,#1310,#77,.T.);
#1006=EDGE_CURVE('',#1309,#1360,#78,.T.);
#1007=EDGE_CURVE('',#1360,#1361,#1589,.T.);
#1008=EDGE_CURVE('',#1361,#1362,#79,.T.);
#1009=EDGE_CURVE('',#1362,#1363,#1590,.T.);
#1010=EDGE_CURVE('',#1363,#1364,#1591,.T.);
#1011=EDGE_CURVE('',#1355,#1364,#80,.T.);
#1012=EDGE_CURVE('',#1365,#1366,#1592,.T.);
#1013=EDGE_CURVE('',#1366,#1367,#137,.T.);
#1014=EDGE_CURVE('',#1367,#1368,#1593,.T.);
#1015=EDGE_CURVE('',#1368,#1369,#1594,.F.);
#1016=EDGE_CURVE('',#1365,#1369,#1595,.T.);
#1017=EDGE_CURVE('',#1370,#1371,#1596,.F.);
#1018=EDGE_CURVE('',#1371,#1372,#1597,.T.);
#1019=EDGE_CURVE('',#1372,#1373,#1598,.F.);
#1020=EDGE_CURVE('',#1373,#1370,#1599,.T.);
#1021=EDGE_CURVE('',#1312,#1374,#138,.F.);
#1022=EDGE_CURVE('',#1374,#1375,#1600,.F.);
#1023=EDGE_CURVE('',#1375,#1313,#139,.T.);
#1024=EDGE_CURVE('',#1376,#1377,#1601,.T.);
#1025=EDGE_CURVE('',#1376,#1378,#1602,.T.);
#1026=EDGE_CURVE('',#1378,#1377,#1603,.T.);
#1027=EDGE_CURVE('',#1379,#1380,#1604,.F.);
#1028=EDGE_CURVE('',#1380,#1381,#1605,.F.);
#1029=EDGE_CURVE('',#1381,#1382,#1606,.F.);
#1030=EDGE_CURVE('',#1382,#1379,#1607,.T.);
#1031=EDGE_CURVE('',#1335,#1355,#1608,.T.);
#1032=EDGE_CURVE('',#1336,#1364,#1609,.T.);
#1033=EDGE_CURVE('',#1383,#1384,#1610,.T.);
#1034=EDGE_CURVE('',#1384,#1385,#81,.T.);
#1035=EDGE_CURVE('',#1385,#1386,#1611,.T.);
#1036=EDGE_CURVE('',#1387,#1386,#1612,.T.);
#1037=EDGE_CURVE('',#1388,#1387,#1613,.T.);
#1038=EDGE_CURVE('',#1388,#1389,#82,.F.);
#1039=EDGE_CURVE('',#1389,#1390,#1614,.T.);
#1040=EDGE_CURVE('',#1390,#1391,#83,.F.);
#1041=EDGE_CURVE('',#1391,#1392,#1615,.T.);
#1042=EDGE_CURVE('',#1392,#1393,#84,.F.);
#1043=EDGE_CURVE('',#1393,#1394,#1616,.T.);
#1044=EDGE_CURVE('',#1394,#1395,#85,.F.);
#1045=EDGE_CURVE('',#1396,#1395,#1617,.T.);
#1046=EDGE_CURVE('',#1396,#1383,#86,.F.);
#1047=EDGE_CURVE('',#1397,#1398,#1618,.T.);
#1048=EDGE_CURVE('',#1397,#1399,#87,.F.);
#1049=EDGE_CURVE('',#1400,#1399,#1619,.T.);
#1050=EDGE_CURVE('',#1400,#1401,#88,.T.);
#1051=EDGE_CURVE('',#1401,#1402,#1620,.T.);
#1052=EDGE_CURVE('',#1402,#1403,#89,.T.);
#1053=EDGE_CURVE('',#1404,#1403,#1621,.T.);
#1054=EDGE_CURVE('',#1404,#1405,#90,.T.);
#1055=EDGE_CURVE('',#1406,#1405,#1622,.T.);
#1056=EDGE_CURVE('',#1406,#1407,#91,.T.);
#1057=EDGE_CURVE('',#1408,#1407,#1623,.T.);
#1058=EDGE_CURVE('',#1408,#1409,#92,.T.);
#1059=EDGE_CURVE('',#1409,#1410,#1624,.T.);
#1060=EDGE_CURVE('',#1410,#1398,#1625,.T.);
#1061=EDGE_CURVE('',#1411,#1412,#1626,.T.);
#1062=EDGE_CURVE('',#1411,#1413,#1627,.T.);
#1063=EDGE_CURVE('',#1413,#1414,#1628,.T.);
#1064=EDGE_CURVE('',#1412,#1414,#1629,.T.);
#1065=EDGE_CURVE('',#1415,#1416,#1630,.T.);
#1066=EDGE_CURVE('',#1415,#1417,#1631,.F.);
#1067=EDGE_CURVE('',#1417,#1359,#1632,.T.);
#1068=EDGE_CURVE('',#1358,#1418,#1633,.T.);
#1069=EDGE_CURVE('',#1418,#1416,#1634,.F.);
#1070=EDGE_CURVE('',#1383,#1400,#1635,.T.);
#1071=EDGE_CURVE('',#1399,#1384,#1636,.F.);
#1072=EDGE_CURVE('',#1385,#1397,#1637,.T.);
#1073=EDGE_CURVE('',#1386,#1398,#1638,.T.);
#1074=EDGE_CURVE('',#1419,#1420,#1639,.T.);
#1075=EDGE_CURVE('',#1419,#1421,#1640,.T.);
#1076=EDGE_CURVE('',#1421,#1422,#1641,.T.);
#1077=EDGE_CURVE('',#1420,#1422,#1642,.T.);
#1078=EDGE_CURVE('',#1360,#1423,#1643,.F.);
#1079=EDGE_CURVE('',#1423,#1424,#1644,.T.);
#1080=EDGE_CURVE('',#1424,#1425,#1645,.T.);
#1081=EDGE_CURVE('',#1425,#1426,#1646,.T.);
#1082=EDGE_CURVE('',#1426,#1361,#1647,.F.);
#1083=EDGE_CURVE('',#1427,#1428,#140,.F.);
#1084=EDGE_CURVE('',#1428,#1429,#141,.T.);
#1085=EDGE_CURVE('',#1429,#1427,#1648,.T.);
#1086=EDGE_CURVE('',#1424,#1430,#142,.F.);
#1087=EDGE_CURVE('',#1430,#1431,#1649,.T.);
#1088=EDGE_CURVE('',#1431,#1365,#143,.F.);
#1089=EDGE_CURVE('',#1369,#1245,#144,.F.);
#1090=EDGE_CURVE('',#1248,#1415,#145,.F.);
#1091=EDGE_CURVE('',#1416,#1432,#146,.F.);
#1092=EDGE_CURVE('',#1433,#1432,#1650,.T.);
#1093=EDGE_CURVE('',#1433,#1425,#147,.F.);
#1094=EDGE_CURVE('',#1434,#1434,#93,.T.);
#1095=EDGE_CURVE('',#1409,#1388,#1651,.T.);
#1096=EDGE_CURVE('',#1387,#1435,#1652,.T.);
#1097=EDGE_CURVE('',#1435,#1436,#148,.T.);
#1098=EDGE_CURVE('',#1436,#1433,#1653,.F.);
#1099=EDGE_CURVE('',#1432,#1437,#1654,.T.);
#1100=EDGE_CURVE('',#1437,#1438,#149,.T.);
#1101=EDGE_CURVE('',#1410,#1438,#1655,.T.);
#1102=EDGE_CURVE('',#1401,#1396,#1656,.F.);
#1103=EDGE_CURVE('',#1395,#1402,#1657,.F.);
#1104=EDGE_CURVE('',#1363,#1439,#1658,.T.);
#1105=EDGE_CURVE('',#1362,#1435,#1659,.T.);
#1106=EDGE_CURVE('',#1438,#1357,#1660,.F.);
#1107=EDGE_CURVE('',#1356,#1440,#1661,.T.);
#1108=EDGE_CURVE('',#1439,#1440,#1662,.T.);
#1109=EDGE_CURVE('',#1441,#1442,#1663,.T.);
#1110=EDGE_CURVE('',#1441,#1330,#1664,.F.);
#1111=EDGE_CURVE('',#1329,#1442,#1665,.F.);
#1112=EDGE_CURVE('',#1331,#1443,#1666,.T.);
#1113=EDGE_CURVE('',#1443,#1444,#1667,.T.);
#1114=EDGE_CURVE('',#1444,#1332,#1668,.T.);
#1115=EDGE_CURVE('',#1389,#1408,#1669,.F.);
#1116=EDGE_CURVE('',#1407,#1390,#1670,.T.);
#1117=EDGE_CURVE('',#1403,#1394,#1671,.T.);
#1118=EDGE_CURVE('',#1393,#1404,#1672,.F.);
#1119=EDGE_CURVE('',#1391,#1406,#1673,.F.);
#1120=EDGE_CURVE('',#1405,#1392,#1674,.T.);
#1121=EDGE_CURVE('',#1445,#1445,#94,.T.);
#1122=EDGE_CURVE('',#1446,#1446,#95,.T.);
#1123=EDGE_CURVE('',#1447,#1447,#96,.T.);
#1124=EDGE_CURVE('',#1448,#1448,#97,.T.);
#1125=EDGE_CURVE('',#1430,#1449,#1675,.F.);
#1126=EDGE_CURVE('',#1449,#1450,#1676,.T.);
#1127=EDGE_CURVE('',#1450,#1431,#1677,.F.);
#1128=EDGE_CURVE('',#1418,#1437,#125,.F.);
#1129=EDGE_CURVE('',#1436,#1426,#126,.T.);
#1130=EDGE_CURVE('',#1451,#1452,#98,.T.);
#1131=EDGE_CURVE('',#1451,#1452,#150,.F.);
#1132=EDGE_CURVE('',#1451,#1452,#1678,.T.);
#1133=EDGE_CURVE('',#1340,#1440,#1679,.T.);
#1134=EDGE_CURVE('',#1339,#1439,#1680,.T.);
#1135=EDGE_CURVE('',#1314,#1376,#99,.T.);
#1136=EDGE_CURVE('',#1377,#1381,#151,.T.);
#1137=EDGE_CURVE('',#1453,#1380,#152,.F.);
#1138=EDGE_CURVE('',#1453,#1257,#127,.T.);
#1139=EDGE_CURVE('',#1315,#1258,#1681,.T.);
#1140=EDGE_CURVE('',#1443,#1291,#100,.F.);
#1141=EDGE_CURVE('',#1290,#1274,#1682,.T.);
#1142=EDGE_CURVE('',#1273,#1444,#101,.F.);
#1143=EDGE_CURVE('',#1316,#1454,#1683,.T.);
#1144=EDGE_CURVE('',#1289,#1455,#1684,.T.);
#1145=EDGE_CURVE('',#1454,#1455,#1685,.T.);
#1146=EDGE_CURVE('',#1294,#1441,#102,.T.);
#1147=EDGE_CURVE('',#1442,#1266,#103,.T.);
#1148=EDGE_CURVE('',#1373,#1305,#104,.F.);
#1149=EDGE_CURVE('',#1263,#1370,#105,.F.);
#1150=EDGE_CURVE('',#1456,#1299,#1686,.T.);
#1151=EDGE_CURVE('',#1456,#1457,#1687,.T.);
#1152=EDGE_CURVE('',#1281,#1457,#1688,.T.);
#1153=EDGE_CURVE('',#1280,#1458,#1689,.T.);
#1154=EDGE_CURVE('',#1458,#1459,#1690,.T.);
#1155=EDGE_CURVE('',#1459,#1300,#1691,.T.);
#1156=EDGE_CURVE('',#1460,#1298,#1692,.T.);
#1157=EDGE_CURVE('',#1456,#1460,#1693,.T.);
#1158=EDGE_CURVE('',#1297,#1461,#1694,.T.);
#1159=EDGE_CURVE('',#1461,#1462,#1695,.T.);
#1160=EDGE_CURVE('',#1302,#1462,#1696,.T.);
#1161=EDGE_CURVE('',#1463,#1301,#1697,.T.);
#1162=EDGE_CURVE('',#1460,#1463,#1698,.T.);
#1163=EDGE_CURVE('',#1459,#1463,#1699,.T.);
#1164=EDGE_CURVE('',#1457,#1464,#1700,.T.);
#1165=EDGE_CURVE('',#1458,#1465,#1701,.T.);
#1166=EDGE_CURVE('',#1464,#1465,#1702,.T.);
#1167=EDGE_CURVE('',#1249,#1320,#1703,.T.);
#1168=EDGE_CURVE('',#1256,#1287,#1704,.T.);
#1169=EDGE_CURVE('',#1254,#1319,#1705,.T.);
#1170=EDGE_CURVE('',#1278,#1253,#1706,.T.);
#1171=EDGE_CURVE('',#1277,#1250,#1707,.T.);
#1172=EDGE_CURVE('',#1255,#1318,#1708,.T.);
#1173=EDGE_CURVE('',#1466,#1317,#1709,.T.);
#1174=EDGE_CURVE('',#1467,#1466,#1710,.T.);
#1175=EDGE_CURVE('',#1467,#1288,#1711,.T.);
#1176=EDGE_CURVE('',#1375,#1378,#128,.T.);
#1177=EDGE_CURVE('',#1372,#1468,#129,.T.);
#1178=EDGE_CURVE('',#1468,#1306,#153,.T.);
#1179=EDGE_CURVE('',#1262,#1469,#154,.T.);
#1180=EDGE_CURVE('',#1469,#1371,#130,.T.);
#1181=EDGE_CURVE('',#1470,#1470,#106,.T.);
#1182=EDGE_CURVE('',#1471,#1471,#107,.T.);
#1183=EDGE_CURVE('',#1472,#1472,#108,.T.);
#1184=EDGE_CURVE('',#1473,#1473,#109,.T.);
#1185=EDGE_CURVE('',#1308,#1423,#110,.T.);
#1186=EDGE_CURVE('',#1417,#1311,#111,.F.);
#1187=EDGE_CURVE('',#1429,#1474,#131,.T.);
#1188=EDGE_CURVE('',#1474,#1475,#1712,.T.);
#1189=EDGE_CURVE('',#1475,#1366,#132,.T.);
#1190=EDGE_CURVE('',#1427,#1450,#155,.F.);
#1191=EDGE_CURVE('',#1449,#1423,#112,.T.);
#1192=EDGE_CURVE('',#1308,#1449,#113,.T.);
#1193=EDGE_CURVE('',#1307,#1428,#133,.T.);
#1194=EDGE_CURVE('',#1247,#1453,#156,.F.);
#1195=EDGE_CURVE('',#1417,#1379,#114,.T.);
#1196=EDGE_CURVE('',#1382,#1374,#157,.F.);
#1197=EDGE_CURVE('',#1311,#1379,#115,.T.);
#1198=EDGE_CURVE('',#1368,#1246,#158,.F.);
#1199=EDGE_CURVE('',#1421,#1476,#1713,.T.);
#1200=EDGE_CURVE('',#1419,#1477,#1714,.T.);
#1201=EDGE_CURVE('',#1477,#1476,#1715,.T.);
#1202=EDGE_CURVE('',#1476,#1478,#1716,.T.);
#1203=EDGE_CURVE('',#1477,#1479,#1717,.T.);
#1204=EDGE_CURVE('',#1479,#1478,#1718,.T.);
#1205=EDGE_CURVE('',#1478,#1422,#1719,.T.);
#1206=EDGE_CURVE('',#1479,#1420,#1720,.T.);
#1207=EDGE_CURVE('',#1414,#1480,#1721,.T.);
#1208=EDGE_CURVE('',#1413,#1481,#1722,.T.);
#1209=EDGE_CURVE('',#1481,#1480,#1723,.T.);
#1210=EDGE_CURVE('',#1480,#1482,#1724,.T.);
#1211=EDGE_CURVE('',#1481,#1483,#1725,.T.);
#1212=EDGE_CURVE('',#1483,#1482,#1726,.T.);
#1213=EDGE_CURVE('',#1482,#1412,#1727,.T.);
#1214=EDGE_CURVE('',#1483,#1411,#1728,.T.);
#1215=EDGE_CURVE('',#1286,#1484,#1729,.T.);
#1216=EDGE_CURVE('',#1285,#1485,#1730,.T.);
#1217=EDGE_CURVE('',#1485,#1484,#1731,.T.);
#1218=EDGE_CURVE('',#1484,#1486,#1732,.T.);
#1219=EDGE_CURVE('',#1485,#1487,#1733,.T.);
#1220=EDGE_CURVE('',#1487,#1486,#1734,.T.);
#1221=EDGE_CURVE('',#1486,#1284,#1735,.T.);
#1222=EDGE_CURVE('',#1487,#1283,#1736,.T.);
#1223=EDGE_CURVE('',#1348,#1343,#1737,.T.);
#1224=EDGE_CURVE('',#1349,#1341,#1738,.T.);
#1225=EDGE_CURVE('',#1350,#1342,#1739,.T.);
#1226=EDGE_CURVE('',#1347,#1344,#1740,.T.);
#1227=EDGE_CURVE('',#1337,#1270,#1741,.T.);
#1228=EDGE_CURVE('',#1338,#1269,#1742,.T.);
#1229=EDGE_CURVE('',#1461,#1321,#1743,.T.);
#1230=EDGE_CURVE('',#1462,#1322,#1744,.T.);
#1231=EDGE_CURVE('',#1466,#1454,#1745,.T.);
#1232=EDGE_CURVE('',#1467,#1455,#1746,.T.);
#1233=EDGE_CURVE('',#1276,#1251,#1747,.T.);
#1234=EDGE_CURVE('',#1275,#1252,#1748,.T.);
#1235=EDGE_CURVE('',#1282,#1464,#1749,.T.);
#1236=EDGE_CURVE('',#1279,#1465,#1750,.T.);
#1237=EDGE_CURVE('',#1259,#1247,#116,.T.);
#1238=EDGE_CURVE('',#1260,#1246,#117,.T.);
#1239=EDGE_CURVE('',#1261,#1368,#118,.T.);
#1240=EDGE_CURVE('',#1262,#1367,#119,.T.);
#1241=EDGE_CURVE('',#1469,#1366,#120,.T.);
#1242=EDGE_CURVE('',#1371,#1475,#121,.T.);
#1243=EDGE_CURVE('',#1372,#1474,#122,.T.);
#1244=EDGE_CURVE('',#1468,#1429,#123,.T.);
#1245=VERTEX_POINT('',#3520);
#1246=VERTEX_POINT('',#3521);
#1247=VERTEX_POINT('',#3523);
#1248=VERTEX_POINT('',#3525);
#1249=VERTEX_POINT('',#3529);
#1250=VERTEX_POINT('',#3530);
#1251=VERTEX_POINT('',#3532);
#1252=VERTEX_POINT('',#3534);
#1253=VERTEX_POINT('',#3536);
#1254=VERTEX_POINT('',#3538);
#1255=VERTEX_POINT('',#3540);
#1256=VERTEX_POINT('',#3542);
#1257=VERTEX_POINT('',#3546);
#1258=VERTEX_POINT('',#3547);
#1259=VERTEX_POINT('',#3549);
#1260=VERTEX_POINT('',#3551);
#1261=VERTEX_POINT('',#3553);
#1262=VERTEX_POINT('',#3555);
#1263=VERTEX_POINT('',#3557);
#1264=VERTEX_POINT('',#3559);
#1265=VERTEX_POINT('',#3561);
#1266=VERTEX_POINT('',#3563);
#1267=VERTEX_POINT('',#3565);
#1268=VERTEX_POINT('',#3567);
#1269=VERTEX_POINT('',#3569);
#1270=VERTEX_POINT('',#3571);
#1271=VERTEX_POINT('',#3573);
#1272=VERTEX_POINT('',#3575);
#1273=VERTEX_POINT('',#3577);
#1274=VERTEX_POINT('',#3579);
#1275=VERTEX_POINT('',#3582);
#1276=VERTEX_POINT('',#3583);
#1277=VERTEX_POINT('',#3585);
#1278=VERTEX_POINT('',#3587);
#1279=VERTEX_POINT('',#3590);
#1280=VERTEX_POINT('',#3591);
#1281=VERTEX_POINT('',#3593);
#1282=VERTEX_POINT('',#3595);
#1283=VERTEX_POINT('',#3599);
#1284=VERTEX_POINT('',#3600);
#1285=VERTEX_POINT('',#3602);
#1286=VERTEX_POINT('',#3604);
#1287=VERTEX_POINT('',#3607);
#1288=VERTEX_POINT('',#3608);
#1289=VERTEX_POINT('',#3610);
#1290=VERTEX_POINT('',#3612);
#1291=VERTEX_POINT('',#3614);
#1292=VERTEX_POINT('',#3616);
#1293=VERTEX_POINT('',#3618);
#1294=VERTEX_POINT('',#3620);
#1295=VERTEX_POINT('',#3622);
#1296=VERTEX_POINT('',#3624);
#1297=VERTEX_POINT('',#3626);
#1298=VERTEX_POINT('',#3628);
#1299=VERTEX_POINT('',#3630);
#1300=VERTEX_POINT('',#3632);
#1301=VERTEX_POINT('',#3634);
#1302=VERTEX_POINT('',#3636);
#1303=VERTEX_POINT('',#3638);
#1304=VERTEX_POINT('',#3640);
#1305=VERTEX_POINT('',#3642);
#1306=VERTEX_POINT('',#3644);
#1307=VERTEX_POINT('',#3649);
#1308=VERTEX_POINT('',#3651);
#1309=VERTEX_POINT('',#3653);
#1310=VERTEX_POINT('',#3655);
#1311=VERTEX_POINT('',#3657);
#1312=VERTEX_POINT('',#3659);
#1313=VERTEX_POINT('',#3661);
#1314=VERTEX_POINT('',#3663);
#1315=VERTEX_POINT('',#3665);
#1316=VERTEX_POINT('',#3667);
#1317=VERTEX_POINT('',#3669);
#1318=VERTEX_POINT('',#3671);
#1319=VERTEX_POINT('',#3673);
#1320=VERTEX_POINT('',#3675);
#1321=VERTEX_POINT('',#3679);
#1322=VERTEX_POINT('',#3683);
#1323=VERTEX_POINT('',#3687);
#1324=VERTEX_POINT('',#3689);
#1325=VERTEX_POINT('',#3691);
#1326=VERTEX_POINT('',#3693);
#1327=VERTEX_POINT('',#3695);
#1328=VERTEX_POINT('',#3696);
#1329=VERTEX_POINT('',#3699);
#1330=VERTEX_POINT('',#3701);
#1331=VERTEX_POINT('',#3704);
#1332=VERTEX_POINT('',#3706);
#1333=VERTEX_POINT('',#3709);
#1334=VERTEX_POINT('',#3711);
#1335=VERTEX_POINT('',#3713);
#1336=VERTEX_POINT('',#3715);
#1337=VERTEX_POINT('',#3719);
#1338=VERTEX_POINT('',#3721);
#1339=VERTEX_POINT('',#3724);
#1340=VERTEX_POINT('',#3726);
#1341=VERTEX_POINT('',#3729);
#1342=VERTEX_POINT('',#3730);
#1343=VERTEX_POINT('',#3732);
#1344=VERTEX_POINT('',#3734);
#1345=VERTEX_POINT('',#3738);
#1346=VERTEX_POINT('',#3740);
#1347=VERTEX_POINT('',#3742);
#1348=VERTEX_POINT('',#3743);
#1349=VERTEX_POINT('',#3745);
#1350=VERTEX_POINT('',#3747);
#1351=VERTEX_POINT('',#3751);
#1352=VERTEX_POINT('',#3753);
#1353=VERTEX_POINT('',#3755);
#1354=VERTEX_POINT('',#3757);
#1355=VERTEX_POINT('',#3759);
#1356=VERTEX_POINT('',#3760);
#1357=VERTEX_POINT('',#3762);
#1358=VERTEX_POINT('',#3764);
#1359=VERTEX_POINT('',#3766);
#1360=VERTEX_POINT('',#3769);
#1361=VERTEX_POINT('',#3771);
#1362=VERTEX_POINT('',#3773);
#1363=VERTEX_POINT('',#3775);
#1364=VERTEX_POINT('',#3777);
#1365=VERTEX_POINT('',#3781);
#1366=VERTEX_POINT('',#3782);
#1367=VERTEX_POINT('',#3784);
#1368=VERTEX_POINT('',#3786);
#1369=VERTEX_POINT('',#3788);
#1370=VERTEX_POINT('',#3792);
#1371=VERTEX_POINT('',#3793);
#1372=VERTEX_POINT('',#3795);
#1373=VERTEX_POINT('',#3797);
#1374=VERTEX_POINT('',#3801);
#1375=VERTEX_POINT('',#3803);
#1376=VERTEX_POINT('',#3807);
#1377=VERTEX_POINT('',#3808);
#1378=VERTEX_POINT('',#3810);
#1379=VERTEX_POINT('',#3814);
#1380=VERTEX_POINT('',#3815);
#1381=VERTEX_POINT('',#3817);
#1382=VERTEX_POINT('',#3819);
#1383=VERTEX_POINT('',#3826);
#1384=VERTEX_POINT('',#3827);
#1385=VERTEX_POINT('',#3829);
#1386=VERTEX_POINT('',#3831);
#1387=VERTEX_POINT('',#3833);
#1388=VERTEX_POINT('',#3835);
#1389=VERTEX_POINT('',#3837);
#1390=VERTEX_POINT('',#3839);
#1391=VERTEX_POINT('',#3841);
#1392=VERTEX_POINT('',#3843);
#1393=VERTEX_POINT('',#3845);
#1394=VERTEX_POINT('',#3847);
#1395=VERTEX_POINT('',#3849);
#1396=VERTEX_POINT('',#3851);
#1397=VERTEX_POINT('',#3855);
#1398=VERTEX_POINT('',#3856);
#1399=VERTEX_POINT('',#3858);
#1400=VERTEX_POINT('',#3860);
#1401=VERTEX_POINT('',#3862);
#1402=VERTEX_POINT('',#3864);
#1403=VERTEX_POINT('',#3866);
#1404=VERTEX_POINT('',#3868);
#1405=VERTEX_POINT('',#3870);
#1406=VERTEX_POINT('',#3872);
#1407=VERTEX_POINT('',#3874);
#1408=VERTEX_POINT('',#3876);
#1409=VERTEX_POINT('',#3878);
#1410=VERTEX_POINT('',#3880);
#1411=VERTEX_POINT('',#3884);
#1412=VERTEX_POINT('',#3885);
#1413=VERTEX_POINT('',#3887);
#1414=VERTEX_POINT('',#3889);
#1415=VERTEX_POINT('',#3892);
#1416=VERTEX_POINT('',#3893);
#1417=VERTEX_POINT('',#3895);
#1418=VERTEX_POINT('',#3898);
#1419=VERTEX_POINT('',#3908);
#1420=VERTEX_POINT('',#3909);
#1421=VERTEX_POINT('',#3911);
#1422=VERTEX_POINT('',#3913);
#1423=VERTEX_POINT('',#3916);
#1424=VERTEX_POINT('',#3918);
#1425=VERTEX_POINT('',#3920);
#1426=VERTEX_POINT('',#3922);
#1427=VERTEX_POINT('',#3926);
#1428=VERTEX_POINT('',#3927);
#1429=VERTEX_POINT('',#3929);
#1430=VERTEX_POINT('',#3933);
#1431=VERTEX_POINT('',#3935);
#1432=VERTEX_POINT('',#3940);
#1433=VERTEX_POINT('',#3942);
#1434=VERTEX_POINT('',#3946);
#1435=VERTEX_POINT('',#3949);
#1436=VERTEX_POINT('',#3951);
#1437=VERTEX_POINT('',#3954);
#1438=VERTEX_POINT('',#3956);
#1439=VERTEX_POINT('',#3962);
#1440=VERTEX_POINT('',#3966);
#1441=VERTEX_POINT('',#3970);
#1442=VERTEX_POINT('',#3971);
#1443=VERTEX_POINT('',#3976);
#1444=VERTEX_POINT('',#3978);
#1445=VERTEX_POINT('',#3991);
#1446=VERTEX_POINT('',#3995);
#1447=VERTEX_POINT('',#3999);
#1448=VERTEX_POINT('',#4003);
#1449=VERTEX_POINT('',#4007);
#1450=VERTEX_POINT('',#4009);
#1451=VERTEX_POINT('',#4033);
#1452=VERTEX_POINT('',#4034);
#1453=VERTEX_POINT('',#4046);
#1454=VERTEX_POINT('',#4060);
#1455=VERTEX_POINT('',#4062);
#1456=VERTEX_POINT('',#4072);
#1457=VERTEX_POINT('',#4074);
#1458=VERTEX_POINT('',#4077);
#1459=VERTEX_POINT('',#4079);
#1460=VERTEX_POINT('',#4083);
#1461=VERTEX_POINT('',#4087);
#1462=VERTEX_POINT('',#4089);
#1463=VERTEX_POINT('',#4092);
#1464=VERTEX_POINT('',#4098);
#1465=VERTEX_POINT('',#4100);
#1466=VERTEX_POINT('',#4113);
#1467=VERTEX_POINT('',#4115);
#1468=VERTEX_POINT('',#4129);
#1469=VERTEX_POINT('',#4135);
#1470=VERTEX_POINT('',#4144);
#1471=VERTEX_POINT('',#4148);
#1472=VERTEX_POINT('',#4152);
#1473=VERTEX_POINT('',#4156);
#1474=VERTEX_POINT('',#4170);
#1475=VERTEX_POINT('',#4172);
#1476=VERTEX_POINT('',#4201);
#1477=VERTEX_POINT('',#4203);
#1478=VERTEX_POINT('',#4207);
#1479=VERTEX_POINT('',#4209);
#1480=VERTEX_POINT('',#4218);
#1481=VERTEX_POINT('',#4220);
#1482=VERTEX_POINT('',#4224);
#1483=VERTEX_POINT('',#4226);
#1484=VERTEX_POINT('',#4235);
#1485=VERTEX_POINT('',#4237);
#1486=VERTEX_POINT('',#4241);
#1487=VERTEX_POINT('',#4243);
#1488=LINE('',#3519,#1751);
#1489=LINE('',#3522,#1752);
#1490=LINE('',#3524,#1753);
#1491=LINE('',#3526,#1754);
#1492=LINE('',#3528,#1755);
#1493=LINE('',#3531,#1756);
#1494=LINE('',#3533,#1757);
#1495=LINE('',#3535,#1758);
#1496=LINE('',#3537,#1759);
#1497=LINE('',#3539,#1760);
#1498=LINE('',#3541,#1761);
#1499=LINE('',#3543,#1762);
#1500=LINE('',#3545,#1763);
#1501=LINE('',#3550,#1764);
#1502=LINE('',#3554,#1765);
#1503=LINE('',#3556,#1766);
#1504=LINE('',#3558,#1767);
#1505=LINE('',#3560,#1768);
#1506=LINE('',#3562,#1769);
#1507=LINE('',#3564,#1770);
#1508=LINE('',#3566,#1771);
#1509=LINE('',#3568,#1772);
#1510=LINE('',#3570,#1773);
#1511=LINE('',#3572,#1774);
#1512=LINE('',#3574,#1775);
#1513=LINE('',#3576,#1776);
#1514=LINE('',#3578,#1777);
#1515=LINE('',#3580,#1778);
#1516=LINE('',#3581,#1779);
#1517=LINE('',#3584,#1780);
#1518=LINE('',#3586,#1781);
#1519=LINE('',#3588,#1782);
#1520=LINE('',#3589,#1783);
#1521=LINE('',#3592,#1784);
#1522=LINE('',#3594,#1785);
#1523=LINE('',#3596,#1786);
#1524=LINE('',#3598,#1787);
#1525=LINE('',#3601,#1788);
#1526=LINE('',#3603,#1789);
#1527=LINE('',#3605,#1790);
#1528=LINE('',#3606,#1791);
#1529=LINE('',#3609,#1792);
#1530=LINE('',#3611,#1793);
#1531=LINE('',#3613,#1794);
#1532=LINE('',#3615,#1795);
#1533=LINE('',#3617,#1796);
#1534=LINE('',#3619,#1797);
#1535=LINE('',#3621,#1798);
#1536=LINE('',#3623,#1799);
#1537=LINE('',#3625,#1800);
#1538=LINE('',#3627,#1801);
#1539=LINE('',#3629,#1802);
#1540=LINE('',#3631,#1803);
#1541=LINE('',#3633,#1804);
#1542=LINE('',#3635,#1805);
#1543=LINE('',#3637,#1806);
#1544=LINE('',#3639,#1807);
#1545=LINE('',#3641,#1808);
#1546=LINE('',#3643,#1809);
#1547=LINE('',#3650,#1810);
#1548=LINE('',#3652,#1811);
#1549=LINE('',#3654,#1812);
#1550=LINE('',#3656,#1813);
#1551=LINE('',#3658,#1814);
#1552=LINE('',#3660,#1815);
#1553=LINE('',#3662,#1816);
#1554=LINE('',#3664,#1817);
#1555=LINE('',#3666,#1818);
#1556=LINE('',#3668,#1819);
#1557=LINE('',#3670,#1820);
#1558=LINE('',#3672,#1821);
#1559=LINE('',#3674,#1822);
#1560=LINE('',#3676,#1823);
#1561=LINE('',#3678,#1824);
#1562=LINE('',#3680,#1825);
#1563=LINE('',#3681,#1826);
#1564=LINE('',#3682,#1827);
#1565=LINE('',#3684,#1828);
#1566=LINE('',#3694,#1829);
#1567=LINE('',#3697,#1830);
#1568=LINE('',#3700,#1831);
#1569=LINE('',#3705,#1832);
#1570=LINE('',#3708,#1833);
#1571=LINE('',#3710,#1834);
#1572=LINE('',#3712,#1835);
#1573=LINE('',#3716,#1836);
#1574=LINE('',#3718,#1837);
#1575=LINE('',#3720,#1838);
#1576=LINE('',#3722,#1839);
#1577=LINE('',#3723,#1840);
#1578=LINE('',#3725,#1841);
#1579=LINE('',#3727,#1842);
#1580=LINE('',#3728,#1843);
#1581=LINE('',#3731,#1844);
#1582=LINE('',#3733,#1845);
#1583=LINE('',#3735,#1846);
#1584=LINE('',#3744,#1847);
#1585=LINE('',#3748,#1848);
#1586=LINE('',#3758,#1849);
#1587=LINE('',#3761,#1850);
#1588=LINE('',#3765,#1851);
#1589=LINE('',#3770,#1852);
#1590=LINE('',#3774,#1853);
#1591=LINE('',#3776,#1854);
#1592=LINE('',#3780,#1855);
#1593=LINE('',#3785,#1856);
#1594=LINE('',#3787,#1857);
#1595=LINE('',#3789,#1858);
#1596=LINE('',#3791,#1859);
#1597=LINE('',#3794,#1860);
#1598=LINE('',#3796,#1861);
#1599=LINE('',#3798,#1862);
#1600=LINE('',#3802,#1863);
#1601=LINE('',#3806,#1864);
#1602=LINE('',#3809,#1865);
#1603=LINE('',#3811,#1866);
#1604=LINE('',#3813,#1867);
#1605=LINE('',#3816,#1868);
#1606=LINE('',#3818,#1869);
#1607=LINE('',#3820,#1870);
#1608=LINE('',#3822,#1871);
#1609=LINE('',#3823,#1872);
#1610=LINE('',#3825,#1873);
#1611=LINE('',#3830,#1874);
#1612=LINE('',#3832,#1875);
#1613=LINE('',#3834,#1876);
#1614=LINE('',#3838,#1877);
#1615=LINE('',#3842,#1878);
#1616=LINE('',#3846,#1879);
#1617=LINE('',#3850,#1880);
#1618=LINE('',#3854,#1881);
#1619=LINE('',#3859,#1882);
#1620=LINE('',#3863,#1883);
#1621=LINE('',#3867,#1884);
#1622=LINE('',#3871,#1885);
#1623=LINE('',#3875,#1886);
#1624=LINE('',#3879,#1887);
#1625=LINE('',#3881,#1888);
#1626=LINE('',#3883,#1889);
#1627=LINE('',#3886,#1890);
#1628=LINE('',#3888,#1891);
#1629=LINE('',#3890,#1892);
#1630=LINE('',#3891,#1893);
#1631=LINE('',#3894,#1894);
#1632=LINE('',#3896,#1895);
#1633=LINE('',#3897,#1896);
#1634=LINE('',#3899,#1897);
#1635=LINE('',#3901,#1898);
#1636=LINE('',#3902,#1899);
#1637=LINE('',#3904,#1900);
#1638=LINE('',#3905,#1901);
#1639=LINE('',#3907,#1902);
#1640=LINE('',#3910,#1903);
#1641=LINE('',#3912,#1904);
#1642=LINE('',#3914,#1905);
#1643=LINE('',#3915,#1906);
#1644=LINE('',#3917,#1907);
#1645=LINE('',#3919,#1908);
#1646=LINE('',#3921,#1909);
#1647=LINE('',#3923,#1910);
#1648=LINE('',#3930,#1911);
#1649=LINE('',#3934,#1912);
#1650=LINE('',#3941,#1913);
#1651=LINE('',#3947,#1914);
#1652=LINE('',#3948,#1915);
#1653=LINE('',#3952,#1916);
#1654=LINE('',#3953,#1917);
#1655=LINE('',#3957,#1918);
#1656=LINE('',#3958,#1919);
#1657=LINE('',#3959,#1920);
#1658=LINE('',#3961,#1921);
#1659=LINE('',#3963,#1922);
#1660=LINE('',#3964,#1923);
#1661=LINE('',#3965,#1924);
#1662=LINE('',#3967,#1925);
#1663=LINE('',#3969,#1926);
#1664=LINE('',#3972,#1927);
#1665=LINE('',#3973,#1928);
#1666=LINE('',#3975,#1929);
#1667=LINE('',#3977,#1930);
#1668=LINE('',#3979,#1931);
#1669=LINE('',#3981,#1932);
#1670=LINE('',#3982,#1933);
#1671=LINE('',#3984,#1934);
#1672=LINE('',#3985,#1935);
#1673=LINE('',#3987,#1936);
#1674=LINE('',#3988,#1937);
#1675=LINE('',#4006,#1938);
#1676=LINE('',#4008,#1939);
#1677=LINE('',#4010,#1940);
#1678=LINE('',#4037,#1941);
#1679=LINE('',#4039,#1942);
#1680=LINE('',#4041,#1943);
#1681=LINE('',#4053,#1944);
#1682=LINE('',#4056,#1945);
#1683=LINE('',#4059,#1946);
#1684=LINE('',#4061,#1947);
#1685=LINE('',#4063,#1948);
#1686=LINE('',#4071,#1949);
#1687=LINE('',#4073,#1950);
#1688=LINE('',#4075,#1951);
#1689=LINE('',#4076,#1952);
#1690=LINE('',#4078,#1953);
#1691=LINE('',#4080,#1954);
#1692=LINE('',#4082,#1955);
#1693=LINE('',#4084,#1956);
#1694=LINE('',#4086,#1957);
#1695=LINE('',#4088,#1958);
#1696=LINE('',#4090,#1959);
#1697=LINE('',#4091,#1960);
#1698=LINE('',#4093,#1961);
#1699=LINE('',#4095,#1962);
#1700=LINE('',#4097,#1963);
#1701=LINE('',#4099,#1964);
#1702=LINE('',#4101,#1965);
#1703=LINE('',#4103,#1966);
#1704=LINE('',#4104,#1967);
#1705=LINE('',#4106,#1968);
#1706=LINE('',#4107,#1969);
#1707=LINE('',#4108,#1970);
#1708=LINE('',#4110,#1971);
#1709=LINE('',#4112,#1972);
#1710=LINE('',#4114,#1973);
#1711=LINE('',#4116,#1974);
#1712=LINE('',#4171,#1975);
#1713=LINE('',#4200,#1976);
#1714=LINE('',#4202,#1977);
#1715=LINE('',#4204,#1978);
#1716=LINE('',#4206,#1979);
#1717=LINE('',#4208,#1980);
#1718=LINE('',#4210,#1981);
#1719=LINE('',#4212,#1982);
#1720=LINE('',#4213,#1983);
#1721=LINE('',#4217,#1984);
#1722=LINE('',#4219,#1985);
#1723=LINE('',#4221,#1986);
#1724=LINE('',#4223,#1987);
#1725=LINE('',#4225,#1988);
#1726=LINE('',#4227,#1989);
#1727=LINE('',#4229,#1990);
#1728=LINE('',#4230,#1991);
#1729=LINE('',#4234,#1992);
#1730=LINE('',#4236,#1993);
#1731=LINE('',#4238,#1994);
#1732=LINE('',#4240,#1995);
#1733=LINE('',#4242,#1996);
#1734=LINE('',#4244,#1997);
#1735=LINE('',#4246,#1998);
#1736=LINE('',#4247,#1999);
#1737=LINE('',#4253,#2000);
#1738=LINE('',#4254,#2001);
#1739=LINE('',#4256,#2002);
#1740=LINE('',#4258,#2003);
#1741=LINE('',#4261,#2004);
#1742=LINE('',#4263,#2005);
#1743=LINE('',#4266,#2006);
#1744=LINE('',#4268,#2007);
#1745=LINE('',#4271,#2008);
#1746=LINE('',#4273,#2009);
#1747=LINE('',#4276,#2010);
#1748=LINE('',#4278,#2011);
#1749=LINE('',#4281,#2012);
#1750=LINE('',#4283,#2013);
#1751=VECTOR('',#2814,1.);
#1752=VECTOR('',#2815,1.);
#1753=VECTOR('',#2816,1.);
#1754=VECTOR('',#2817,1.);
#1755=VECTOR('',#2820,1.);
#1756=VECTOR('',#2821,1.);
#1757=VECTOR('',#2822,1.);
#1758=VECTOR('',#2823,1.);
#1759=VECTOR('',#2824,1.);
#1760=VECTOR('',#2825,1.);
#1761=VECTOR('',#2826,1.);
#1762=VECTOR('',#2827,1.);
#1763=VECTOR('',#2830,1.);
#1764=VECTOR('',#2833,1.);
#1765=VECTOR('',#2836,1.);
#1766=VECTOR('',#2837,1.);
#1767=VECTOR('',#2838,1.);
#1768=VECTOR('',#2839,1.);
#1769=VECTOR('',#2840,1.);
#1770=VECTOR('',#2841,1.);
#1771=VECTOR('',#2842,1.);
#1772=VECTOR('',#2843,1.);
#1773=VECTOR('',#2844,1.);
#1774=VECTOR('',#2845,1.);
#1775=VECTOR('',#2846,1.);
#1776=VECTOR('',#2847,1.);
#1777=VECTOR('',#2848,1.);
#1778=VECTOR('',#2849,1.);
#1779=VECTOR('',#2850,1.);
#1780=VECTOR('',#2851,1.);
#1781=VECTOR('',#2852,1.);
#1782=VECTOR('',#2853,1.);
#1783=VECTOR('',#2854,1.);
#1784=VECTOR('',#2855,1.);
#1785=VECTOR('',#2856,1.);
#1786=VECTOR('',#2857,1.);
#1787=VECTOR('',#2860,1.);
#1788=VECTOR('',#2861,1.);
#1789=VECTOR('',#2862,1.);
#1790=VECTOR('',#2863,1.);
#1791=VECTOR('',#2864,1.);
#1792=VECTOR('',#2865,1.);
#1793=VECTOR('',#2866,1.);
#1794=VECTOR('',#2867,1.);
#1795=VECTOR('',#2868,1.);
#1796=VECTOR('',#2869,1.);
#1797=VECTOR('',#2870,1.);
#1798=VECTOR('',#2871,1.);
#1799=VECTOR('',#2872,1.);
#1800=VECTOR('',#2873,1.);
#1801=VECTOR('',#2874,1.);
#1802=VECTOR('',#2875,1.);
#1803=VECTOR('',#2876,1.);
#1804=VECTOR('',#2877,1.);
#1805=VECTOR('',#2878,1.);
#1806=VECTOR('',#2879,1.);
#1807=VECTOR('',#2880,1.);
#1808=VECTOR('',#2881,1.);
#1809=VECTOR('',#2882,1.);
#1810=VECTOR('',#2883,1.);
#1811=VECTOR('',#2884,1.);
#1812=VECTOR('',#2885,1.);
#1813=VECTOR('',#2886,1.);
#1814=VECTOR('',#2887,1.);
#1815=VECTOR('',#2888,1.);
#1816=VECTOR('',#2889,1.);
#1817=VECTOR('',#2890,1.);
#1818=VECTOR('',#2891,1.);
#1819=VECTOR('',#2892,1.);
#1820=VECTOR('',#2893,1.);
#1821=VECTOR('',#2894,1.);
#1822=VECTOR('',#2895,1.);
#1823=VECTOR('',#2896,1.);
#1824=VECTOR('',#2899,1.);
#1825=VECTOR('',#2900,1.);
#1826=VECTOR('',#2901,1.);
#1827=VECTOR('',#2902,1.);
#1828=VECTOR('',#2903,1.);
#1829=VECTOR('',#2914,1.);
#1830=VECTOR('',#2915,1.);
#1831=VECTOR('',#2918,1.);
#1832=VECTOR('',#2923,1.);
#1833=VECTOR('',#2926,1.);
#1834=VECTOR('',#2927,1.);
#1835=VECTOR('',#2928,1.);
#1836=VECTOR('',#2931,1.);
#1837=VECTOR('',#2934,1.);
#1838=VECTOR('',#2935,1.);
#1839=VECTOR('',#2936,1.);
#1840=VECTOR('',#2937,1.);
#1841=VECTOR('',#2938,1.);
#1842=VECTOR('',#2939,1.);
#1843=VECTOR('',#2940,1.);
#1844=VECTOR('',#2941,1.);
#1845=VECTOR('',#2942,1.);
#1846=VECTOR('',#2943,1.);
#1847=VECTOR('',#2952,1.);
#1848=VECTOR('',#2955,1.);
#1849=VECTOR('',#2966,1.);
#1850=VECTOR('',#2967,1.);
#1851=VECTOR('',#2970,1.);
#1852=VECTOR('',#2975,1.);
#1853=VECTOR('',#2978,1.);
#1854=VECTOR('',#2979,1.);
#1855=VECTOR('',#2984,1.);
#1856=VECTOR('',#2987,1.);
#1857=VECTOR('',#2988,1.);
#1858=VECTOR('',#2989,1.);
#1859=VECTOR('',#2992,1.);
#1860=VECTOR('',#2993,1.);
#1861=VECTOR('',#2994,1.);
#1862=VECTOR('',#2995,1.);
#1863=VECTOR('',#3000,1.);
#1864=VECTOR('',#3005,1.);
#1865=VECTOR('',#3006,1.);
#1866=VECTOR('',#3007,1.);
#1867=VECTOR('',#3010,1.);
#1868=VECTOR('',#3011,1.);
#1869=VECTOR('',#3012,1.);
#1870=VECTOR('',#3013,1.);
#1871=VECTOR('',#3016,1.);
#1872=VECTOR('',#3017,1.);
#1873=VECTOR('',#3020,1.);
#1874=VECTOR('',#3023,1.);
#1875=VECTOR('',#3024,1.);
#1876=VECTOR('',#3025,1.);
#1877=VECTOR('',#3028,1.);
#1878=VECTOR('',#3031,1.);
#1879=VECTOR('',#3034,1.);
#1880=VECTOR('',#3037,1.);
#1881=VECTOR('',#3042,1.);
#1882=VECTOR('',#3045,1.);
#1883=VECTOR('',#3048,1.);
#1884=VECTOR('',#3051,1.);
#1885=VECTOR('',#3054,1.);
#1886=VECTOR('',#3057,1.);
#1887=VECTOR('',#3060,1.);
#1888=VECTOR('',#3061,1.);
#1889=VECTOR('',#3064,1.);
#1890=VECTOR('',#3065,1.);
#1891=VECTOR('',#3066,1.);
#1892=VECTOR('',#3067,1.);
#1893=VECTOR('',#3068,1.);
#1894=VECTOR('',#3069,1.);
#1895=VECTOR('',#3070,1.);
#1896=VECTOR('',#3071,1.);
#1897=VECTOR('',#3072,1.);
#1898=VECTOR('',#3075,1.);
#1899=VECTOR('',#3076,1.);
#1900=VECTOR('',#3079,1.);
#1901=VECTOR('',#3080,1.);
#1902=VECTOR('',#3083,1.);
#1903=VECTOR('',#3084,1.);
#1904=VECTOR('',#3085,1.);
#1905=VECTOR('',#3086,1.);
#1906=VECTOR('',#3087,1.);
#1907=VECTOR('',#3088,1.);
#1908=VECTOR('',#3089,1.);
#1909=VECTOR('',#3090,1.);
#1910=VECTOR('',#3091,1.);
#1911=VECTOR('',#3098,1.);
#1912=VECTOR('',#3103,1.);
#1913=VECTOR('',#3112,1.);
#1914=VECTOR('',#3119,1.);
#1915=VECTOR('',#3120,1.);
#1916=VECTOR('',#3123,1.);
#1917=VECTOR('',#3124,1.);
#1918=VECTOR('',#3127,1.);
#1919=VECTOR('',#3128,1.);
#1920=VECTOR('',#3129,1.);
#1921=VECTOR('',#3132,1.);
#1922=VECTOR('',#3133,1.);
#1923=VECTOR('',#3134,1.);
#1924=VECTOR('',#3135,1.);
#1925=VECTOR('',#3136,1.);
#1926=VECTOR('',#3139,1.);
#1927=VECTOR('',#3140,1.);
#1928=VECTOR('',#3141,1.);
#1929=VECTOR('',#3144,1.);
#1930=VECTOR('',#3145,1.);
#1931=VECTOR('',#3146,1.);
#1932=VECTOR('',#3149,1.);
#1933=VECTOR('',#3150,1.);
#1934=VECTOR('',#3153,1.);
#1935=VECTOR('',#3154,1.);
#1936=VECTOR('',#3157,1.);
#1937=VECTOR('',#3158,1.);
#1938=VECTOR('',#3185,1.);
#1939=VECTOR('',#3186,1.);
#1940=VECTOR('',#3187,1.);
#1941=VECTOR('',#3212,1.);
#1942=VECTOR('',#3215,1.);
#1943=VECTOR('',#3218,1.);
#1944=VECTOR('',#3227,1.);
#1945=VECTOR('',#3232,1.);
#1946=VECTOR('',#3237,1.);
#1947=VECTOR('',#3238,1.);
#1948=VECTOR('',#3239,1.);
#1949=VECTOR('',#3254,1.);
#1950=VECTOR('',#3255,1.);
#1951=VECTOR('',#3256,1.);
#1952=VECTOR('',#3257,1.);
#1953=VECTOR('',#3258,1.);
#1954=VECTOR('',#3259,1.);
#1955=VECTOR('',#3262,1.);
#1956=VECTOR('',#3263,1.);
#1957=VECTOR('',#3266,1.);
#1958=VECTOR('',#3267,1.);
#1959=VECTOR('',#3268,1.);
#1960=VECTOR('',#3269,1.);
#1961=VECTOR('',#3270,1.);
#1962=VECTOR('',#3273,1.);
#1963=VECTOR('',#3276,1.);
#1964=VECTOR('',#3277,1.);
#1965=VECTOR('',#3278,1.);
#1966=VECTOR('',#3281,1.);
#1967=VECTOR('',#3282,1.);
#1968=VECTOR('',#3285,1.);
#1969=VECTOR('',#3286,1.);
#1970=VECTOR('',#3287,1.);
#1971=VECTOR('',#3290,1.);
#1972=VECTOR('',#3293,1.);
#1973=VECTOR('',#3294,1.);
#1974=VECTOR('',#3295,1.);
#1975=VECTOR('',#3352,1.);
#1976=VECTOR('',#3387,1.);
#1977=VECTOR('',#3388,1.);
#1978=VECTOR('',#3389,1.);
#1979=VECTOR('',#3392,1.);
#1980=VECTOR('',#3393,1.);
#1981=VECTOR('',#3394,1.);
#1982=VECTOR('',#3397,1.);
#1983=VECTOR('',#3398,1.);
#1984=VECTOR('',#3405,1.);
#1985=VECTOR('',#3406,1.);
#1986=VECTOR('',#3407,1.);
#1987=VECTOR('',#3410,1.);
#1988=VECTOR('',#3411,1.);
#1989=VECTOR('',#3412,1.);
#1990=VECTOR('',#3415,1.);
#1991=VECTOR('',#3416,1.);
#1992=VECTOR('',#3423,1.);
#1993=VECTOR('',#3424,1.);
#1994=VECTOR('',#3425,1.);
#1995=VECTOR('',#3428,1.);
#1996=VECTOR('',#3429,1.);
#1997=VECTOR('',#3430,1.);
#1998=VECTOR('',#3433,1.);
#1999=VECTOR('',#3434,1.);
#2000=VECTOR('',#3445,1.);
#2001=VECTOR('',#3446,1.);
#2002=VECTOR('',#3449,1.);
#2003=VECTOR('',#3452,1.);
#2004=VECTOR('',#3457,1.);
#2005=VECTOR('',#3460,1.);
#2006=VECTOR('',#3465,1.);
#2007=VECTOR('',#3468,1.);
#2008=VECTOR('',#3473,1.);
#2009=VECTOR('',#3476,1.);
#2010=VECTOR('',#3481,1.);
#2011=VECTOR('',#3484,1.);
#2012=VECTOR('',#3489,1.);
#2013=VECTOR('',#3492,1.);
#2014=EDGE_LOOP('',(#159,#160,#161,#162));
#2015=EDGE_LOOP('',(#163,#164,#165,#166,#167,#168,#169,#170));
#2016=EDGE_LOOP('',(#171,#172,#173,#174,#175,#176,#177,#178,#179,#180,#181,
#182,#183,#184,#185,#186,#187,#188));
#2017=EDGE_LOOP('',(#189,#190,#191,#192));
#2018=EDGE_LOOP('',(#193,#194,#195,#196));
#2019=EDGE_LOOP('',(#197,#198,#199,#200));
#2020=EDGE_LOOP('',(#201,#202,#203,#204,#205,#206,#207,#208,#209,#210,#211,
#212,#213,#214,#215,#216,#217,#218,#219,#220,#221,#222,#223,#224,#225,#226,
#227,#228,#229,#230,#231,#232,#233,#234));
#2021=EDGE_LOOP('',(#235,#236,#237,#238,#239,#240,#241,#242));
#2022=EDGE_LOOP('',(#243));
#2023=EDGE_LOOP('',(#244));
#2024=EDGE_LOOP('',(#245));
#2025=EDGE_LOOP('',(#246));
#2026=EDGE_LOOP('',(#247,#248,#249,#250,#251,#252,#253,#254,#255,#256,#257,
#258,#259,#260,#261,#262));
#2027=EDGE_LOOP('',(#263,#264,#265,#266,#267,#268,#269,#270));
#2028=EDGE_LOOP('',(#271,#272,#273,#274));
#2029=EDGE_LOOP('',(#275));
#2030=EDGE_LOOP('',(#276));
#2031=EDGE_LOOP('',(#277,#278,#279,#280));
#2032=EDGE_LOOP('',(#281));
#2033=EDGE_LOOP('',(#282));
#2034=EDGE_LOOP('',(#283));
#2035=EDGE_LOOP('',(#284));
#2036=EDGE_LOOP('',(#285,#286,#287,#288,#289,#290,#291,#292,#293,#294,#295,
#296));
#2037=EDGE_LOOP('',(#297));
#2038=EDGE_LOOP('',(#298,#299,#300,#301,#302));
#2039=EDGE_LOOP('',(#303,#304,#305,#306));
#2040=EDGE_LOOP('',(#307,#308,#309,#310));
#2041=EDGE_LOOP('',(#311,#312,#313));
#2042=EDGE_LOOP('',(#314,#315,#316,#317));
#2043=EDGE_LOOP('',(#318,#319,#320,#321));
#2044=EDGE_LOOP('',(#322,#323,#324,#325,#326,#327,#328,#329,#330,#331,#332,
#333,#334,#335));
#2045=EDGE_LOOP('',(#336,#337,#338,#339,#340,#341,#342,#343,#344,#345,#346,
#347,#348,#349));
#2046=EDGE_LOOP('',(#350,#351,#352,#353));
#2047=EDGE_LOOP('',(#354,#355,#356,#357,#358,#359));
#2048=EDGE_LOOP('',(#360,#361,#362,#363));
#2049=EDGE_LOOP('',(#364,#365,#366,#367));
#2050=EDGE_LOOP('',(#368,#369,#370,#371));
#2051=EDGE_LOOP('',(#372,#373,#374,#375,#376,#377));
#2052=EDGE_LOOP('',(#378,#379,#380));
#2053=EDGE_LOOP('',(#381,#382,#383,#384,#385,#386,#387,#388,#389,#390,#391,
#392));
#2054=EDGE_LOOP('',(#393));
#2055=EDGE_LOOP('',(#394,#395,#396,#397,#398,#399,#400,#401,#402,#403));
#2056=EDGE_LOOP('',(#404,#405,#406,#407));
#2057=EDGE_LOOP('',(#408,#409,#410,#411,#412,#413,#414,#415,#416,#417,#418,
#419));
#2058=EDGE_LOOP('',(#420,#421,#422,#423));
#2059=EDGE_LOOP('',(#424,#425,#426,#427));
#2060=EDGE_LOOP('',(#428,#429,#430,#431));
#2061=EDGE_LOOP('',(#432,#433,#434,#435));
#2062=EDGE_LOOP('',(#436,#437,#438,#439));
#2063=EDGE_LOOP('',(#440));
#2064=EDGE_LOOP('',(#441));
#2065=EDGE_LOOP('',(#442));
#2066=EDGE_LOOP('',(#443));
#2067=EDGE_LOOP('',(#444));
#2068=EDGE_LOOP('',(#445));
#2069=EDGE_LOOP('',(#446));
#2070=EDGE_LOOP('',(#447));
#2071=EDGE_LOOP('',(#448));
#2072=EDGE_LOOP('',(#449));
#2073=EDGE_LOOP('',(#450));
#2074=EDGE_LOOP('',(#451));
#2075=EDGE_LOOP('',(#452,#453,#454,#455));
#2076=EDGE_LOOP('',(#456,#457,#458,#459));
#2077=EDGE_LOOP('',(#460,#461,#462,#463));
#2078=EDGE_LOOP('',(#464,#465,#466,#467));
#2079=EDGE_LOOP('',(#468,#469,#470,#471));
#2080=EDGE_LOOP('',(#472,#473,#474,#475));
#2081=EDGE_LOOP('',(#476,#477,#478,#479));
#2082=EDGE_LOOP('',(#480,#481,#482,#483));
#2083=EDGE_LOOP('',(#484,#485,#486,#487));
#2084=EDGE_LOOP('',(#488,#489));
#2085=EDGE_LOOP('',(#490));
#2086=EDGE_LOOP('',(#491,#492));
#2087=EDGE_LOOP('',(#493,#494,#495,#496,#497,#498));
#2088=EDGE_LOOP('',(#499,#500,#501,#502,#503,#504));
#2089=EDGE_LOOP('',(#505,#506,#507,#508,#509,#510,#511,#512,#513));
#2090=EDGE_LOOP('',(#514,#515,#516,#517,#518,#519));
#2091=EDGE_LOOP('',(#520,#521,#522,#523,#524,#525,#526,#527));
#2092=EDGE_LOOP('',(#528,#529,#530,#531,#532,#533));
#2093=EDGE_LOOP('',(#534,#535,#536,#537,#538,#539));
#2094=EDGE_LOOP('',(#540,#541,#542,#543,#544,#545,#546,#547));
#2095=EDGE_LOOP('',(#548,#549,#550,#551));
#2096=EDGE_LOOP('',(#552,#553,#554,#555,#556,#557,#558,#559));
#2097=EDGE_LOOP('',(#560,#561,#562,#563));
#2098=EDGE_LOOP('',(#564,#565,#566,#567,#568,#569,#570,#571));
#2099=EDGE_LOOP('',(#572,#573,#574,#575));
#2100=EDGE_LOOP('',(#576,#577,#578,#579,#580,#581,#582,#583));
#2101=EDGE_LOOP('',(#584,#585,#586,#587));
#2102=EDGE_LOOP('',(#588,#589,#590,#591,#592,#593,#594,#595));
#2103=EDGE_LOOP('',(#596,#597,#598,#599,#600));
#2104=EDGE_LOOP('',(#601,#602,#603,#604));
#2105=EDGE_LOOP('',(#605,#606,#607,#608,#609));
#2106=EDGE_LOOP('',(#610,#611,#612,#613));
#2107=EDGE_LOOP('',(#614,#615,#616,#617));
#2108=EDGE_LOOP('',(#618,#619,#620,#621,#622));
#2109=EDGE_LOOP('',(#623,#624,#625,#626));
#2110=EDGE_LOOP('',(#627));
#2111=EDGE_LOOP('',(#628));
#2112=EDGE_LOOP('',(#629));
#2113=EDGE_LOOP('',(#630));
#2114=EDGE_LOOP('',(#631));
#2115=EDGE_LOOP('',(#632));
#2116=EDGE_LOOP('',(#633));
#2117=EDGE_LOOP('',(#634));
#2118=EDGE_LOOP('',(#635));
#2119=EDGE_LOOP('',(#636));
#2120=EDGE_LOOP('',(#637));
#2121=EDGE_LOOP('',(#638));
#2122=EDGE_LOOP('',(#639,#640,#641,#642,#643));
#2123=EDGE_LOOP('',(#644,#645,#646,#647,#648));
#2124=EDGE_LOOP('',(#649,#650,#651,#652));
#2125=EDGE_LOOP('',(#653,#654,#655,#656));
#2126=EDGE_LOOP('',(#657,#658,#659,#660,#661,#662,#663,#664));
#2127=EDGE_LOOP('',(#665,#666,#667,#668));
#2128=EDGE_LOOP('',(#669,#670,#671,#672,#673,#674));
#2129=EDGE_LOOP('',(#675,#676,#677));
#2130=EDGE_LOOP('',(#678,#679,#680,#681,#682,#683,#684));
#2131=EDGE_LOOP('',(#685,#686,#687,#688,#689,#690));
#2132=EDGE_LOOP('',(#691,#692,#693));
#2133=EDGE_LOOP('',(#694,#695,#696,#697,#698));
#2134=EDGE_LOOP('',(#699,#700,#701,#702));
#2135=EDGE_LOOP('',(#703,#704,#705,#706));
#2136=EDGE_LOOP('',(#707,#708,#709,#710));
#2137=EDGE_LOOP('',(#711,#712,#713,#714));
#2138=EDGE_LOOP('',(#715,#716,#717,#718));
#2139=EDGE_LOOP('',(#719,#720,#721,#722));
#2140=EDGE_LOOP('',(#723,#724,#725,#726));
#2141=EDGE_LOOP('',(#727,#728,#729,#730));
#2142=EDGE_LOOP('',(#731,#732,#733,#734));
#2143=EDGE_LOOP('',(#735,#736,#737,#738));
#2144=EDGE_LOOP('',(#739,#740,#741,#742));
#2145=EDGE_LOOP('',(#743,#744,#745,#746));
#2146=EDGE_LOOP('',(#747,#748,#749,#750));
#2147=EDGE_LOOP('',(#751,#752,#753,#754));
#2148=EDGE_LOOP('',(#755,#756,#757,#758));
#2149=EDGE_LOOP('',(#759,#760,#761,#762));
#2150=EDGE_LOOP('',(#763,#764,#765,#766));
#2151=EDGE_LOOP('',(#767));
#2152=EDGE_LOOP('',(#768,#769));
#2153=EDGE_LOOP('',(#770,#771,#772,#773));
#2154=EDGE_LOOP('',(#774,#775,#776,#777));
#2155=EDGE_LOOP('',(#778,#779,#780,#781));
#2156=EDGE_LOOP('',(#782,#783,#784,#785));
#2157=EDGE_LOOP('',(#786,#787,#788,#789));
#2158=EDGE_LOOP('',(#790,#791,#792,#793));
#2159=EDGE_LOOP('',(#794,#795,#796,#797));
#2160=EDGE_LOOP('',(#798,#799,#800,#801));
#2161=EDGE_LOOP('',(#802,#803,#804,#805));
#2162=EDGE_LOOP('',(#806,#807,#808,#809));
#2163=EDGE_LOOP('',(#810,#811,#812,#813));
#2164=EDGE_LOOP('',(#814,#815,#816,#817));
#2165=EDGE_LOOP('',(#818,#819,#820,#821));
#2166=EDGE_LOOP('',(#822,#823,#824,#825));
#2167=EDGE_LOOP('',(#826,#827,#828,#829));
#2168=EDGE_LOOP('',(#830,#831,#832,#833));
#2169=EDGE_LOOP('',(#834,#835,#836,#837));
#2170=EDGE_LOOP('',(#838,#839,#840,#841));
#2171=EDGE_LOOP('',(#842,#843,#844,#845));
#2172=EDGE_LOOP('',(#846,#847,#848,#849));
#2173=EDGE_LOOP('',(#850,#851,#852,#853));
#2174=EDGE_LOOP('',(#854,#855,#856,#857));
#2175=EDGE_LOOP('',(#858,#859,#860,#861));
#2176=EDGE_LOOP('',(#862,#863,#864,#865));
#2177=EDGE_LOOP('',(#866,#867,#868,#869));
#2178=EDGE_LOOP('',(#870,#871,#872,#873));
#2179=EDGE_LOOP('',(#874,#875,#876,#877));
#2180=EDGE_LOOP('',(#878,#879,#880,#881,#882));
#2181=FACE_BOUND('',#2014,.T.);
#2182=FACE_BOUND('',#2015,.T.);
#2183=FACE_BOUND('',#2016,.T.);
#2184=FACE_BOUND('',#2017,.T.);
#2185=FACE_BOUND('',#2018,.T.);
#2186=FACE_BOUND('',#2019,.T.);
#2187=FACE_BOUND('',#2020,.T.);
#2188=FACE_BOUND('',#2021,.T.);
#2189=FACE_BOUND('',#2022,.T.);
#2190=FACE_BOUND('',#2023,.T.);
#2191=FACE_BOUND('',#2024,.T.);
#2192=FACE_BOUND('',#2025,.T.);
#2193=FACE_BOUND('',#2026,.T.);
#2194=FACE_BOUND('',#2027,.T.);
#2195=FACE_BOUND('',#2028,.T.);
#2196=FACE_BOUND('',#2029,.T.);
#2197=FACE_BOUND('',#2030,.T.);
#2198=FACE_BOUND('',#2031,.T.);
#2199=FACE_BOUND('',#2032,.T.);
#2200=FACE_BOUND('',#2033,.T.);
#2201=FACE_BOUND('',#2034,.T.);
#2202=FACE_BOUND('',#2035,.T.);
#2203=FACE_BOUND('',#2036,.T.);
#2204=FACE_BOUND('',#2037,.T.);
#2205=FACE_BOUND('',#2038,.T.);
#2206=FACE_BOUND('',#2039,.T.);
#2207=FACE_BOUND('',#2040,.T.);
#2208=FACE_BOUND('',#2041,.T.);
#2209=FACE_BOUND('',#2042,.T.);
#2210=FACE_BOUND('',#2043,.T.);
#2211=FACE_BOUND('',#2044,.T.);
#2212=FACE_BOUND('',#2045,.T.);
#2213=FACE_BOUND('',#2046,.T.);
#2214=FACE_BOUND('',#2047,.T.);
#2215=FACE_BOUND('',#2048,.T.);
#2216=FACE_BOUND('',#2049,.T.);
#2217=FACE_BOUND('',#2050,.T.);
#2218=FACE_BOUND('',#2051,.T.);
#2219=FACE_BOUND('',#2052,.T.);
#2220=FACE_BOUND('',#2053,.T.);
#2221=FACE_BOUND('',#2054,.T.);
#2222=FACE_BOUND('',#2055,.T.);
#2223=FACE_BOUND('',#2056,.T.);
#2224=FACE_BOUND('',#2057,.T.);
#2225=FACE_BOUND('',#2058,.T.);
#2226=FACE_BOUND('',#2059,.T.);
#2227=FACE_BOUND('',#2060,.T.);
#2228=FACE_BOUND('',#2061,.T.);
#2229=FACE_BOUND('',#2062,.T.);
#2230=FACE_BOUND('',#2063,.T.);
#2231=FACE_BOUND('',#2064,.T.);
#2232=FACE_BOUND('',#2065,.T.);
#2233=FACE_BOUND('',#2066,.T.);
#2234=FACE_BOUND('',#2067,.T.);
#2235=FACE_BOUND('',#2068,.T.);
#2236=FACE_BOUND('',#2069,.T.);
#2237=FACE_BOUND('',#2070,.T.);
#2238=FACE_BOUND('',#2071,.T.);
#2239=FACE_BOUND('',#2072,.T.);
#2240=FACE_BOUND('',#2073,.T.);
#2241=FACE_BOUND('',#2074,.T.);
#2242=FACE_BOUND('',#2075,.T.);
#2243=FACE_BOUND('',#2076,.T.);
#2244=FACE_BOUND('',#2077,.T.);
#2245=FACE_BOUND('',#2078,.T.);
#2246=FACE_BOUND('',#2079,.T.);
#2247=FACE_BOUND('',#2080,.T.);
#2248=FACE_BOUND('',#2081,.T.);
#2249=FACE_BOUND('',#2082,.T.);
#2250=FACE_BOUND('',#2083,.T.);
#2251=FACE_BOUND('',#2084,.T.);
#2252=FACE_BOUND('',#2085,.T.);
#2253=FACE_BOUND('',#2086,.T.);
#2254=FACE_BOUND('',#2087,.T.);
#2255=FACE_BOUND('',#2088,.T.);
#2256=FACE_BOUND('',#2089,.T.);
#2257=FACE_BOUND('',#2090,.T.);
#2258=FACE_BOUND('',#2091,.T.);
#2259=FACE_BOUND('',#2092,.T.);
#2260=FACE_BOUND('',#2093,.T.);
#2261=FACE_BOUND('',#2094,.T.);
#2262=FACE_BOUND('',#2095,.T.);
#2263=FACE_BOUND('',#2096,.T.);
#2264=FACE_BOUND('',#2097,.T.);
#2265=FACE_BOUND('',#2098,.T.);
#2266=FACE_BOUND('',#2099,.T.);
#2267=FACE_BOUND('',#2100,.T.);
#2268=FACE_BOUND('',#2101,.T.);
#2269=FACE_BOUND('',#2102,.T.);
#2270=FACE_BOUND('',#2103,.T.);
#2271=FACE_BOUND('',#2104,.T.);
#2272=FACE_BOUND('',#2105,.T.);
#2273=FACE_BOUND('',#2106,.T.);
#2274=FACE_BOUND('',#2107,.T.);
#2275=FACE_BOUND('',#2108,.T.);
#2276=FACE_BOUND('',#2109,.T.);
#2277=FACE_BOUND('',#2110,.T.);
#2278=FACE_BOUND('',#2111,.T.);
#2279=FACE_BOUND('',#2112,.T.);
#2280=FACE_BOUND('',#2113,.T.);
#2281=FACE_BOUND('',#2114,.T.);
#2282=FACE_BOUND('',#2115,.T.);
#2283=FACE_BOUND('',#2116,.T.);
#2284=FACE_BOUND('',#2117,.T.);
#2285=FACE_BOUND('',#2118,.T.);
#2286=FACE_BOUND('',#2119,.T.);
#2287=FACE_BOUND('',#2120,.T.);
#2288=FACE_BOUND('',#2121,.T.);
#2289=FACE_BOUND('',#2122,.T.);
#2290=FACE_BOUND('',#2123,.T.);
#2291=FACE_BOUND('',#2124,.T.);
#2292=FACE_BOUND('',#2125,.T.);
#2293=FACE_BOUND('',#2126,.T.);
#2294=FACE_BOUND('',#2127,.T.);
#2295=FACE_BOUND('',#2128,.T.);
#2296=FACE_BOUND('',#2129,.T.);
#2297=FACE_BOUND('',#2130,.T.);
#2298=FACE_BOUND('',#2131,.T.);
#2299=FACE_BOUND('',#2132,.T.);
#2300=FACE_BOUND('',#2133,.T.);
#2301=FACE_BOUND('',#2134,.T.);
#2302=FACE_BOUND('',#2135,.T.);
#2303=FACE_BOUND('',#2136,.T.);
#2304=FACE_BOUND('',#2137,.T.);
#2305=FACE_BOUND('',#2138,.T.);
#2306=FACE_BOUND('',#2139,.T.);
#2307=FACE_BOUND('',#2140,.T.);
#2308=FACE_BOUND('',#2141,.T.);
#2309=FACE_BOUND('',#2142,.T.);
#2310=FACE_BOUND('',#2143,.T.);
#2311=FACE_BOUND('',#2144,.T.);
#2312=FACE_BOUND('',#2145,.T.);
#2313=FACE_BOUND('',#2146,.T.);
#2314=FACE_BOUND('',#2147,.T.);
#2315=FACE_BOUND('',#2148,.T.);
#2316=FACE_BOUND('',#2149,.T.);
#2317=FACE_BOUND('',#2150,.T.);
#2318=FACE_BOUND('',#2151,.T.);
#2319=FACE_BOUND('',#2152,.T.);
#2320=FACE_BOUND('',#2153,.T.);
#2321=FACE_BOUND('',#2154,.T.);
#2322=FACE_BOUND('',#2155,.T.);
#2323=FACE_BOUND('',#2156,.T.);
#2324=FACE_BOUND('',#2157,.T.);
#2325=FACE_BOUND('',#2158,.T.);
#2326=FACE_BOUND('',#2159,.T.);
#2327=FACE_BOUND('',#2160,.T.);
#2328=FACE_BOUND('',#2161,.T.);
#2329=FACE_BOUND('',#2162,.T.);
#2330=FACE_BOUND('',#2163,.T.);
#2331=FACE_BOUND('',#2164,.T.);
#2332=FACE_BOUND('',#2165,.T.);
#2333=FACE_BOUND('',#2166,.T.);
#2334=FACE_BOUND('',#2167,.T.);
#2335=FACE_BOUND('',#2168,.T.);
#2336=FACE_BOUND('',#2169,.T.);
#2337=FACE_BOUND('',#2170,.T.);
#2338=FACE_BOUND('',#2171,.T.);
#2339=FACE_BOUND('',#2172,.T.);
#2340=FACE_BOUND('',#2173,.T.);
#2341=FACE_BOUND('',#2174,.T.);
#2342=FACE_BOUND('',#2175,.T.);
#2343=FACE_BOUND('',#2176,.T.);
#2344=FACE_BOUND('',#2177,.T.);
#2345=FACE_BOUND('',#2178,.T.);
#2346=FACE_BOUND('',#2179,.T.);
#2347=FACE_BOUND('',#2180,.T.);
#2348=PLANE('',#2589);
#2349=PLANE('',#2590);
#2350=PLANE('',#2591);
#2351=PLANE('',#2594);
#2352=PLANE('',#2595);
#2353=PLANE('',#2596);
#2354=PLANE('',#2606);
#2355=PLANE('',#2612);
#2356=PLANE('',#2622);
#2357=PLANE('',#2624);
#2358=PLANE('',#2625);
#2359=PLANE('',#2628);
#2360=PLANE('',#2629);
#2361=PLANE('',#2631);
#2362=PLANE('',#2638);
#2363=PLANE('',#2645);
#2364=PLANE('',#2646);
#2365=PLANE('',#2647);
#2366=PLANE('',#2648);
#2367=PLANE('',#2649);
#2368=PLANE('',#2652);
#2369=PLANE('',#2659);
#2370=PLANE('',#2663);
#2371=PLANE('',#2664);
#2372=PLANE('',#2665);
#2373=PLANE('',#2666);
#2374=PLANE('',#2667);
#2375=PLANE('',#2668);
#2376=PLANE('',#2671);
#2377=PLANE('',#2674);
#2378=PLANE('',#2677);
#2379=PLANE('',#2680);
#2380=PLANE('',#2681);
#2381=PLANE('',#2693);
#2382=PLANE('',#2694);
#2383=PLANE('',#2695);
#2384=PLANE('',#2696);
#2385=PLANE('',#2700);
#2386=PLANE('',#2703);
#2387=PLANE('',#2704);
#2388=PLANE('',#2707);
#2389=PLANE('',#2710);
#2390=PLANE('',#2711);
#2391=PLANE('',#2712);
#2392=PLANE('',#2713);
#2393=PLANE('',#2714);
#2394=PLANE('',#2715);
#2395=PLANE('',#2716);
#2396=PLANE('',#2717);
#2397=PLANE('',#2718);
#2398=PLANE('',#2730);
#2399=PLANE('',#2733);
#2400=PLANE('',#2736);
#2401=PLANE('',#2739);
#2402=PLANE('',#2763);
#2403=PLANE('',#2764);
#2404=PLANE('',#2765);
#2405=PLANE('',#2766);
#2406=PLANE('',#2767);
#2407=PLANE('',#2768);
#2408=PLANE('',#2769);
#2409=PLANE('',#2770);
#2410=PLANE('',#2771);
#2411=PLANE('',#2772);
#2412=PLANE('',#2773);
#2413=PLANE('',#2774);
#2414=PLANE('',#2775);
#2415=PLANE('',#2776);
#2416=PLANE('',#2777);
#2417=PLANE('',#2778);
#2418=PLANE('',#2779);
#2419=PLANE('',#2780);
#2420=PLANE('',#2781);
#2421=PLANE('',#2782);
#2422=PLANE('',#2783);
#2423=PLANE('',#2784);
#2424=PLANE('',#2785);
#2425=PLANE('',#2786);
#2426=PLANE('',#2787);
#2427=PLANE('',#2788);
#2428=PLANE('',#2789);
#2429=PLANE('',#2790);
#2430=PLANE('',#2791);
#2431=PLANE('',#2792);
#2432=PLANE('',#2793);
#2433=PLANE('',#2794);
#2434=PLANE('',#2795);
#2435=PLANE('',#2796);
#2436=PLANE('',#2797);
#2437=PLANE('',#2798);
#2438=ADVANCED_FACE('',(#2181),#2348,.F.);
#2439=ADVANCED_FACE('',(#2182),#2349,.T.);
#2440=ADVANCED_FACE('',(#2183,#2184,#2185),#2350,.T.);
#2441=ADVANCED_FACE('',(#2186,#2187),#2351,.T.);
#2442=ADVANCED_FACE('',(#2188),#2352,.F.);
#2443=ADVANCED_FACE('',(#2189,#2190,#2191,#2192,#2193),#2353,.T.);
#2444=ADVANCED_FACE('',(#2194,#2195),#2354,.T.);
#2445=ADVANCED_FACE('',(#2196,#2197,#2198),#20,.F.);
#2446=ADVANCED_FACE('',(#2199,#2200,#2201,#2202,#2203),#2355,.T.);
#2447=ADVANCED_FACE('',(#2204,#2205),#2356,.F.);
#2448=ADVANCED_FACE('',(#2206),#2357,.T.);
#2449=ADVANCED_FACE('',(#2207),#2358,.F.);
#2450=ADVANCED_FACE('',(#2208),#2359,.F.);
#2451=ADVANCED_FACE('',(#2209),#2360,.F.);
#2452=ADVANCED_FACE('',(#2210),#21,.F.);
#2453=ADVANCED_FACE('',(#2211),#2361,.T.);
#2454=ADVANCED_FACE('',(#2212),#2362,.F.);
#2455=ADVANCED_FACE('',(#2213,#2214),#2363,.F.);
#2456=ADVANCED_FACE('',(#2215),#2364,.F.);
#2457=ADVANCED_FACE('',(#2216),#2365,.F.);
#2458=ADVANCED_FACE('',(#2217,#2218),#2366,.T.);
#2459=ADVANCED_FACE('',(#2219),#2367,.F.);
#2460=ADVANCED_FACE('',(#2220),#2368,.F.);
#2461=ADVANCED_FACE('',(#2221,#2222,#2223),#2369,.F.);
#2462=ADVANCED_FACE('',(#2224),#2370,.T.);
#2463=ADVANCED_FACE('',(#2225),#2371,.T.);
#2464=ADVANCED_FACE('',(#2226),#2372,.F.);
#2465=ADVANCED_FACE('',(#2227),#2373,.T.);
#2466=ADVANCED_FACE('',(#2228),#2374,.T.);
#2467=ADVANCED_FACE('',(#2229),#2375,.T.);
#2468=ADVANCED_FACE('',(#2230,#2231),#22,.F.);
#2469=ADVANCED_FACE('',(#2232),#2376,.T.);
#2470=ADVANCED_FACE('',(#2233,#2234),#23,.F.);
#2471=ADVANCED_FACE('',(#2235),#2377,.T.);
#2472=ADVANCED_FACE('',(#2236,#2237),#24,.F.);
#2473=ADVANCED_FACE('',(#2238),#2378,.T.);
#2474=ADVANCED_FACE('',(#2239,#2240),#25,.F.);
#2475=ADVANCED_FACE('',(#2241),#2379,.T.);
#2476=ADVANCED_FACE('',(#2242),#2380,.T.);
#2477=ADVANCED_FACE('',(#2243),#26,.T.);
#2478=ADVANCED_FACE('',(#2244),#27,.T.);
#2479=ADVANCED_FACE('',(#2245),#28,.F.);
#2480=ADVANCED_FACE('',(#2246),#29,.F.);
#2481=ADVANCED_FACE('',(#2247),#30,.F.);
#2482=ADVANCED_FACE('',(#2248),#31,.F.);
#2483=ADVANCED_FACE('',(#2249),#32,.F.);
#2484=ADVANCED_FACE('',(#2250),#33,.T.);
#2485=ADVANCED_FACE('',(#2251,#2252),#34,.F.);
#2486=ADVANCED_FACE('',(#2253),#2381,.T.);
#2487=ADVANCED_FACE('',(#2254),#2382,.T.);
#2488=ADVANCED_FACE('',(#2255),#2383,.T.);
#2489=ADVANCED_FACE('',(#2256),#2384,.F.);
#2490=ADVANCED_FACE('',(#2257),#2385,.T.);
#2491=ADVANCED_FACE('',(#2258),#2386,.T.);
#2492=ADVANCED_FACE('',(#2259),#2387,.F.);
#2493=ADVANCED_FACE('',(#2260),#2388,.T.);
#2494=ADVANCED_FACE('',(#2261),#2389,.T.);
#2495=ADVANCED_FACE('',(#2262),#2390,.F.);
#2496=ADVANCED_FACE('',(#2263),#2391,.F.);
#2497=ADVANCED_FACE('',(#2264),#2392,.T.);
#2498=ADVANCED_FACE('',(#2265),#2393,.T.);
#2499=ADVANCED_FACE('',(#2266),#2394,.T.);
#2500=ADVANCED_FACE('',(#2267),#2395,.F.);
#2501=ADVANCED_FACE('',(#2268),#2396,.F.);
#2502=ADVANCED_FACE('',(#2269),#2397,.T.);
#2503=ADVANCED_FACE('',(#2270),#35,.T.);
#2504=ADVANCED_FACE('',(#2271),#36,.T.);
#2505=ADVANCED_FACE('',(#2272),#37,.T.);
#2506=ADVANCED_FACE('',(#2273),#38,.T.);
#2507=ADVANCED_FACE('',(#2274),#39,.T.);
#2508=ADVANCED_FACE('',(#2275),#40,.T.);
#2509=ADVANCED_FACE('',(#2276),#41,.T.);
#2510=ADVANCED_FACE('',(#2277,#2278),#42,.T.);
#2511=ADVANCED_FACE('',(#2279),#2398,.T.);
#2512=ADVANCED_FACE('',(#2280,#2281),#43,.T.);
#2513=ADVANCED_FACE('',(#2282),#2399,.T.);
#2514=ADVANCED_FACE('',(#2283,#2284),#44,.T.);
#2515=ADVANCED_FACE('',(#2285),#2400,.T.);
#2516=ADVANCED_FACE('',(#2286,#2287),#45,.T.);
#2517=ADVANCED_FACE('',(#2288),#2401,.T.);
#2518=ADVANCED_FACE('',(#2289),#46,.T.);
#2519=ADVANCED_FACE('',(#2290),#47,.T.);
#2520=ADVANCED_FACE('',(#2291),#48,.T.);
#2521=ADVANCED_FACE('',(#2292),#49,.T.);
#2522=ADVANCED_FACE('',(#2293),#50,.T.);
#2523=ADVANCED_FACE('',(#2294),#51,.T.);
#2524=ADVANCED_FACE('',(#2295),#52,.T.);
#2525=ADVANCED_FACE('',(#2296),#18,.T.);
#2526=ADVANCED_FACE('',(#2297),#53,.T.);
#2527=ADVANCED_FACE('',(#2298),#54,.T.);
#2528=ADVANCED_FACE('',(#2299),#19,.T.);
#2529=ADVANCED_FACE('',(#2300),#55,.T.);
#2530=ADVANCED_FACE('',(#2301),#56,.T.);
#2531=ADVANCED_FACE('',(#2302),#2402,.T.);
#2532=ADVANCED_FACE('',(#2303),#2403,.T.);
#2533=ADVANCED_FACE('',(#2304),#2404,.T.);
#2534=ADVANCED_FACE('',(#2305),#2405,.F.);
#2535=ADVANCED_FACE('',(#2306),#2406,.T.);
#2536=ADVANCED_FACE('',(#2307),#2407,.T.);
#2537=ADVANCED_FACE('',(#2308),#2408,.T.);
#2538=ADVANCED_FACE('',(#2309),#2409,.T.);
#2539=ADVANCED_FACE('',(#2310),#2410,.F.);
#2540=ADVANCED_FACE('',(#2311),#2411,.T.);
#2541=ADVANCED_FACE('',(#2312),#2412,.T.);
#2542=ADVANCED_FACE('',(#2313),#2413,.T.);
#2543=ADVANCED_FACE('',(#2314),#2414,.T.);
#2544=ADVANCED_FACE('',(#2315),#2415,.F.);
#2545=ADVANCED_FACE('',(#2316),#2416,.T.);
#2546=ADVANCED_FACE('',(#2317),#2417,.F.);
#2547=ADVANCED_FACE('',(#2318,#2319),#2418,.F.);
#2548=ADVANCED_FACE('',(#2320),#2419,.T.);
#2549=ADVANCED_FACE('',(#2321),#2420,.F.);
#2550=ADVANCED_FACE('',(#2322),#2421,.F.);
#2551=ADVANCED_FACE('',(#2323),#2422,.T.);
#2552=ADVANCED_FACE('',(#2324),#2423,.F.);
#2553=ADVANCED_FACE('',(#2325),#2424,.F.);
#2554=ADVANCED_FACE('',(#2326),#2425,.T.);
#2555=ADVANCED_FACE('',(#2327),#2426,.F.);
#2556=ADVANCED_FACE('',(#2328),#2427,.F.);
#2557=ADVANCED_FACE('',(#2329),#2428,.T.);
#2558=ADVANCED_FACE('',(#2330),#2429,.F.);
#2559=ADVANCED_FACE('',(#2331),#2430,.F.);
#2560=ADVANCED_FACE('',(#2332),#2431,.T.);
#2561=ADVANCED_FACE('',(#2333),#2432,.T.);
#2562=ADVANCED_FACE('',(#2334),#2433,.F.);
#2563=ADVANCED_FACE('',(#2335),#2434,.T.);
#2564=ADVANCED_FACE('',(#2336),#2435,.F.);
#2565=ADVANCED_FACE('',(#2337),#2436,.F.);
#2566=ADVANCED_FACE('',(#2338),#2437,.T.);
#2567=ADVANCED_FACE('',(#2339),#12,.F.);
#2568=ADVANCED_FACE('',(#2340),#57,.F.);
#2569=ADVANCED_FACE('',(#2341),#13,.F.);
#2570=ADVANCED_FACE('',(#2342),#58,.F.);
#2571=ADVANCED_FACE('',(#2343),#14,.F.);
#2572=ADVANCED_FACE('',(#2344),#15,.F.);
#2573=ADVANCED_FACE('',(#2345),#59,.F.);
#2574=ADVANCED_FACE('',(#2346),#16,.F.);
#2575=ADVANCED_FACE('',(#2347),#17,.F.);
#2576=CLOSED_SHELL('',(#2438,#2439,#2440,#2441,#2442,#2443,#2444,#2445,
#2446,#2447,#2448,#2449,#2450,#2451,#2452,#2453,#2454,#2455,#2456,#2457,
#2458,#2459,#2460,#2461,#2462,#2463,#2464,#2465,#2466,#2467,#2468,#2469,
#2470,#2471,#2472,#2473,#2474,#2475,#2476,#2477,#2478,#2479,#2480,#2481,
#2482,#2483,#2484,#2485,#2486,#2487,#2488,#2489,#2490,#2491,#2492,#2493,
#2494,#2495,#2496,#2497,#2498,#2499,#2500,#2501,#2502,#2503,#2504,#2505,
#2506,#2507,#2508,#2509,#2510,#2511,#2512,#2513,#2514,#2515,#2516,#2517,
#2518,#2519,#2520,#2521,#2522,#2523,#2524,#2525,#2526,#2527,#2528,#2529,
#2530,#2531,#2532,#2533,#2534,#2535,#2536,#2537,#2538,#2539,#2540,#2541,
#2542,#2543,#2544,#2545,#2546,#2547,#2548,#2549,#2550,#2551,#2552,#2553,
#2554,#2555,#2556,#2557,#2558,#2559,#2560,#2561,#2562,#2563,#2564,#2565,
#2566,#2567,#2568,#2569,#2570,#2571,#2572,#2573,#2574,#2575));
#2577=STYLED_ITEM('',(#2578),#2585);
#2578=PRESENTATION_STYLE_ASSIGNMENT((#2579));
#2579=SURFACE_STYLE_USAGE(.BOTH.,#2580);
#2580=SURFACE_SIDE_STYLE('',(#2581));
#2581=SURFACE_STYLE_FILL_AREA(#2582);
#2582=FILL_AREA_STYLE('',(#2583));
#2583=FILL_AREA_STYLE_COLOUR('',#2584);
#2584=COLOUR_RGB('',0.262745098039216,0.282352941176471,0.301960784313725);
#2585=MANIFOLD_SOLID_BREP('Part 1',#2576);
#2586=SHAPE_DEFINITION_REPRESENTATION(#4380,#2587);
#2587=SHAPE_REPRESENTATION('Part 1',(#2588),#4375);
#2588=AXIS2_PLACEMENT_3D('',#3517,#2810,#2811);
#2589=AXIS2_PLACEMENT_3D('',#3518,#2812,#2813);
#2590=AXIS2_PLACEMENT_3D('',#3527,#2818,#2819);
#2591=AXIS2_PLACEMENT_3D('',#3544,#2828,#2829);
#2592=AXIS2_PLACEMENT_3D('',#3548,#2831,#2832);
#2593=AXIS2_PLACEMENT_3D('',#3552,#2834,#2835);
#2594=AXIS2_PLACEMENT_3D('',#3597,#2858,#2859);
#2595=AXIS2_PLACEMENT_3D('',#3677,#2897,#2898);
#2596=AXIS2_PLACEMENT_3D('',#3685,#2904,#2905);
#2597=AXIS2_PLACEMENT_3D('',#3686,#2906,#2907);
#2598=AXIS2_PLACEMENT_3D('',#3688,#2908,#2909);
#2599=AXIS2_PLACEMENT_3D('',#3690,#2910,#2911);
#2600=AXIS2_PLACEMENT_3D('',#3692,#2912,#2913);
#2601=AXIS2_PLACEMENT_3D('',#3698,#2916,#2917);
#2602=AXIS2_PLACEMENT_3D('',#3702,#2919,#2920);
#2603=AXIS2_PLACEMENT_3D('',#3703,#2921,#2922);
#2604=AXIS2_PLACEMENT_3D('',#3707,#2924,#2925);
#2605=AXIS2_PLACEMENT_3D('',#3714,#2929,#2930);
#2606=AXIS2_PLACEMENT_3D('',#3717,#2932,#2933);
#2607=AXIS2_PLACEMENT_3D('',#3736,#2944,#2945);
#2608=AXIS2_PLACEMENT_3D('',#3737,#2946,#2947);
#2609=AXIS2_PLACEMENT_3D('',#3739,#2948,#2949);
#2610=AXIS2_PLACEMENT_3D('',#3741,#2950,#2951);
#2611=AXIS2_PLACEMENT_3D('',#3746,#2953,#2954);
#2612=AXIS2_PLACEMENT_3D('',#3749,#2956,#2957);
#2613=AXIS2_PLACEMENT_3D('',#3750,#2958,#2959);
#2614=AXIS2_PLACEMENT_3D('',#3752,#2960,#2961);
#2615=AXIS2_PLACEMENT_3D('',#3754,#2962,#2963);
#2616=AXIS2_PLACEMENT_3D('',#3756,#2964,#2965);
#2617=AXIS2_PLACEMENT_3D('',#3763,#2968,#2969);
#2618=AXIS2_PLACEMENT_3D('',#3767,#2971,#2972);
#2619=AXIS2_PLACEMENT_3D('',#3768,#2973,#2974);
#2620=AXIS2_PLACEMENT_3D('',#3772,#2976,#2977);
#2621=AXIS2_PLACEMENT_3D('',#3778,#2980,#2981);
#2622=AXIS2_PLACEMENT_3D('',#3779,#2982,#2983);
#2623=AXIS2_PLACEMENT_3D('',#3783,#2985,#2986);
#2624=AXIS2_PLACEMENT_3D('',#3790,#2990,#2991);
#2625=AXIS2_PLACEMENT_3D('',#3799,#2996,#2997);
#2626=AXIS2_PLACEMENT_3D('',#3800,#2998,#2999);
#2627=AXIS2_PLACEMENT_3D('',#3804,#3001,#3002);
#2628=AXIS2_PLACEMENT_3D('',#3805,#3003,#3004);
#2629=AXIS2_PLACEMENT_3D('',#3812,#3008,#3009);
#2630=AXIS2_PLACEMENT_3D('',#3821,#3014,#3015);
#2631=AXIS2_PLACEMENT_3D('',#3824,#3018,#3019);
#2632=AXIS2_PLACEMENT_3D('',#3828,#3021,#3022);
#2633=AXIS2_PLACEMENT_3D('',#3836,#3026,#3027);
#2634=AXIS2_PLACEMENT_3D('',#3840,#3029,#3030);
#2635=AXIS2_PLACEMENT_3D('',#3844,#3032,#3033);
#2636=AXIS2_PLACEMENT_3D('',#3848,#3035,#3036);
#2637=AXIS2_PLACEMENT_3D('',#3852,#3038,#3039);
#2638=AXIS2_PLACEMENT_3D('',#3853,#3040,#3041);
#2639=AXIS2_PLACEMENT_3D('',#3857,#3043,#3044);
#2640=AXIS2_PLACEMENT_3D('',#3861,#3046,#3047);
#2641=AXIS2_PLACEMENT_3D('',#3865,#3049,#3050);
#2642=AXIS2_PLACEMENT_3D('',#3869,#3052,#3053);
#2643=AXIS2_PLACEMENT_3D('',#3873,#3055,#3056);
#2644=AXIS2_PLACEMENT_3D('',#3877,#3058,#3059);
#2645=AXIS2_PLACEMENT_3D('',#3882,#3062,#3063);
#2646=AXIS2_PLACEMENT_3D('',#3900,#3073,#3074);
#2647=AXIS2_PLACEMENT_3D('',#3903,#3077,#3078);
#2648=AXIS2_PLACEMENT_3D('',#3906,#3081,#3082);
#2649=AXIS2_PLACEMENT_3D('',#3924,#3092,#3093);
#2650=AXIS2_PLACEMENT_3D('',#3925,#3094,#3095);
#2651=AXIS2_PLACEMENT_3D('',#3928,#3096,#3097);
#2652=AXIS2_PLACEMENT_3D('',#3931,#3099,#3100);
#2653=AXIS2_PLACEMENT_3D('',#3932,#3101,#3102);
#2654=AXIS2_PLACEMENT_3D('',#3936,#3104,#3105);
#2655=AXIS2_PLACEMENT_3D('',#3937,#3106,#3107);
#2656=AXIS2_PLACEMENT_3D('',#3938,#3108,#3109);
#2657=AXIS2_PLACEMENT_3D('',#3939,#3110,#3111);
#2658=AXIS2_PLACEMENT_3D('',#3943,#3113,#3114);
#2659=AXIS2_PLACEMENT_3D('',#3944,#3115,#3116);
#2660=AXIS2_PLACEMENT_3D('',#3945,#3117,#3118);
#2661=AXIS2_PLACEMENT_3D('',#3950,#3121,#3122);
#2662=AXIS2_PLACEMENT_3D('',#3955,#3125,#3126);
#2663=AXIS2_PLACEMENT_3D('',#3960,#3130,#3131);
#2664=AXIS2_PLACEMENT_3D('',#3968,#3137,#3138);
#2665=AXIS2_PLACEMENT_3D('',#3974,#3142,#3143);
#2666=AXIS2_PLACEMENT_3D('',#3980,#3147,#3148);
#2667=AXIS2_PLACEMENT_3D('',#3983,#3151,#3152);
#2668=AXIS2_PLACEMENT_3D('',#3986,#3155,#3156);
#2669=AXIS2_PLACEMENT_3D('',#3989,#3159,#3160);
#2670=AXIS2_PLACEMENT_3D('',#3990,#3161,#3162);
#2671=AXIS2_PLACEMENT_3D('',#3992,#3163,#3164);
#2672=AXIS2_PLACEMENT_3D('',#3993,#3165,#3166);
#2673=AXIS2_PLACEMENT_3D('',#3994,#3167,#3168);
#2674=AXIS2_PLACEMENT_3D('',#3996,#3169,#3170);
#2675=AXIS2_PLACEMENT_3D('',#3997,#3171,#3172);
#2676=AXIS2_PLACEMENT_3D('',#3998,#3173,#3174);
#2677=AXIS2_PLACEMENT_3D('',#4000,#3175,#3176);
#2678=AXIS2_PLACEMENT_3D('',#4001,#3177,#3178);
#2679=AXIS2_PLACEMENT_3D('',#4002,#3179,#3180);
#2680=AXIS2_PLACEMENT_3D('',#4004,#3181,#3182);
#2681=AXIS2_PLACEMENT_3D('',#4005,#3183,#3184);
#2682=AXIS2_PLACEMENT_3D('',#4011,#3188,#3189);
#2683=AXIS2_PLACEMENT_3D('',#4018,#3190,#3191);
#2684=AXIS2_PLACEMENT_3D('',#4025,#3192,#3193);
#2685=AXIS2_PLACEMENT_3D('',#4026,#3194,#3195);
#2686=AXIS2_PLACEMENT_3D('',#4027,#3196,#3197);
#2687=AXIS2_PLACEMENT_3D('',#4028,#3198,#3199);
#2688=AXIS2_PLACEMENT_3D('',#4029,#3200,#3201);
#2689=AXIS2_PLACEMENT_3D('',#4030,#3202,#3203);
#2690=AXIS2_PLACEMENT_3D('',#4031,#3204,#3205);
#2691=AXIS2_PLACEMENT_3D('',#4032,#3206,#3207);
#2692=AXIS2_PLACEMENT_3D('',#4035,#3208,#3209);
#2693=AXIS2_PLACEMENT_3D('',#4036,#3210,#3211);
#2694=AXIS2_PLACEMENT_3D('',#4038,#3213,#3214);
#2695=AXIS2_PLACEMENT_3D('',#4040,#3216,#3217);
#2696=AXIS2_PLACEMENT_3D('',#4042,#3219,#3220);
#2697=AXIS2_PLACEMENT_3D('',#4043,#3221,#3222);
#2698=AXIS2_PLACEMENT_3D('',#4044,#3223,#3224);
#2699=AXIS2_PLACEMENT_3D('',#4045,#3225,#3226);
#2700=AXIS2_PLACEMENT_3D('',#4054,#3228,#3229);
#2701=AXIS2_PLACEMENT_3D('',#4055,#3230,#3231);
#2702=AXIS2_PLACEMENT_3D('',#4057,#3233,#3234);
#2703=AXIS2_PLACEMENT_3D('',#4058,#3235,#3236);
#2704=AXIS2_PLACEMENT_3D('',#4064,#3240,#3241);
#2705=AXIS2_PLACEMENT_3D('',#4065,#3242,#3243);
#2706=AXIS2_PLACEMENT_3D('',#4066,#3244,#3245);
#2707=AXIS2_PLACEMENT_3D('',#4067,#3246,#3247);
#2708=AXIS2_PLACEMENT_3D('',#4068,#3248,#3249);
#2709=AXIS2_PLACEMENT_3D('',#4069,#3250,#3251);
#2710=AXIS2_PLACEMENT_3D('',#4070,#3252,#3253);
#2711=AXIS2_PLACEMENT_3D('',#4081,#3260,#3261);
#2712=AXIS2_PLACEMENT_3D('',#4085,#3264,#3265);
#2713=AXIS2_PLACEMENT_3D('',#4094,#3271,#3272);
#2714=AXIS2_PLACEMENT_3D('',#4096,#3274,#3275);
#2715=AXIS2_PLACEMENT_3D('',#4102,#3279,#3280);
#2716=AXIS2_PLACEMENT_3D('',#4105,#3283,#3284);
#2717=AXIS2_PLACEMENT_3D('',#4109,#3288,#3289);
#2718=AXIS2_PLACEMENT_3D('',#4111,#3291,#3292);
#2719=AXIS2_PLACEMENT_3D('',#4117,#3296,#3297);
#2720=AXIS2_PLACEMENT_3D('',#4122,#3298,#3299);
#2721=AXIS2_PLACEMENT_3D('',#4123,#3300,#3301);
#2722=AXIS2_PLACEMENT_3D('',#4130,#3302,#3303);
#2723=AXIS2_PLACEMENT_3D('',#4131,#3304,#3305);
#2724=AXIS2_PLACEMENT_3D('',#4132,#3306,#3307);
#2725=AXIS2_PLACEMENT_3D('',#4133,#3308,#3309);
#2726=AXIS2_PLACEMENT_3D('',#4134,#3310,#3311);
#2727=AXIS2_PLACEMENT_3D('',#4141,#3312,#3313);
#2728=AXIS2_PLACEMENT_3D('',#4142,#3314,#3315);
#2729=AXIS2_PLACEMENT_3D('',#4143,#3316,#3317);
#2730=AXIS2_PLACEMENT_3D('',#4145,#3318,#3319);
#2731=AXIS2_PLACEMENT_3D('',#4146,#3320,#3321);
#2732=AXIS2_PLACEMENT_3D('',#4147,#3322,#3323);
#2733=AXIS2_PLACEMENT_3D('',#4149,#3324,#3325);
#2734=AXIS2_PLACEMENT_3D('',#4150,#3326,#3327);
#2735=AXIS2_PLACEMENT_3D('',#4151,#3328,#3329);
#2736=AXIS2_PLACEMENT_3D('',#4153,#3330,#3331);
#2737=AXIS2_PLACEMENT_3D('',#4154,#3332,#3333);
#2738=AXIS2_PLACEMENT_3D('',#4155,#3334,#3335);
#2739=AXIS2_PLACEMENT_3D('',#4157,#3336,#3337);
#2740=AXIS2_PLACEMENT_3D('',#4158,#3338,#3339);
#2741=AXIS2_PLACEMENT_3D('',#4159,#3340,#3341);
#2742=AXIS2_PLACEMENT_3D('',#4160,#3342,#3343);
#2743=AXIS2_PLACEMENT_3D('',#4161,#3344,#3345);
#2744=AXIS2_PLACEMENT_3D('',#4162,#3346,#3347);
#2745=AXIS2_PLACEMENT_3D('',#4163,#3348,#3349);
#2746=AXIS2_PLACEMENT_3D('',#4164,#3350,#3351);
#2747=AXIS2_PLACEMENT_3D('',#4178,#3353,#3354);
#2748=AXIS2_PLACEMENT_3D('',#4179,#3355,#3356);
#2749=AXIS2_PLACEMENT_3D('',#4180,#3357,#3358);
#2750=AXIS2_PLACEMENT_3D('',#4181,#3359,#3360);
#2751=AXIS2_PLACEMENT_3D('',#4182,#3361,#3362);
#2752=AXIS2_PLACEMENT_3D('',#4188,#3363,#3364);
#2753=AXIS2_PLACEMENT_3D('',#4189,#3365,#3366);
#2754=AXIS2_PLACEMENT_3D('',#4190,#3367,#3368);
#2755=AXIS2_PLACEMENT_3D('',#4191,#3369,#3370);
#2756=AXIS2_PLACEMENT_3D('',#4192,#3371,#3372);
#2757=AXIS2_PLACEMENT_3D('',#4193,#3373,#3374);
#2758=AXIS2_PLACEMENT_3D('',#4194,#3375,#3376);
#2759=AXIS2_PLACEMENT_3D('',#4195,#3377,#3378);
#2760=AXIS2_PLACEMENT_3D('',#4196,#3379,#3380);
#2761=AXIS2_PLACEMENT_3D('',#4197,#3381,#3382);
#2762=AXIS2_PLACEMENT_3D('',#4198,#3383,#3384);
#2763=AXIS2_PLACEMENT_3D('',#4199,#3385,#3386);
#2764=AXIS2_PLACEMENT_3D('',#4205,#3390,#3391);
#2765=AXIS2_PLACEMENT_3D('',#4211,#3395,#3396);
#2766=AXIS2_PLACEMENT_3D('',#4214,#3399,#3400);
#2767=AXIS2_PLACEMENT_3D('',#4215,#3401,#3402);
#2768=AXIS2_PLACEMENT_3D('',#4216,#3403,#3404);
#2769=AXIS2_PLACEMENT_3D('',#4222,#3408,#3409);
#2770=AXIS2_PLACEMENT_3D('',#4228,#3413,#3414);
#2771=AXIS2_PLACEMENT_3D('',#4231,#3417,#3418);
#2772=AXIS2_PLACEMENT_3D('',#4232,#3419,#3420);
#2773=AXIS2_PLACEMENT_3D('',#4233,#3421,#3422);
#2774=AXIS2_PLACEMENT_3D('',#4239,#3426,#3427);
#2775=AXIS2_PLACEMENT_3D('',#4245,#3431,#3432);
#2776=AXIS2_PLACEMENT_3D('',#4248,#3435,#3436);
#2777=AXIS2_PLACEMENT_3D('',#4249,#3437,#3438);
#2778=AXIS2_PLACEMENT_3D('',#4250,#3439,#3440);
#2779=AXIS2_PLACEMENT_3D('',#4251,#3441,#3442);
#2780=AXIS2_PLACEMENT_3D('',#4252,#3443,#3444);
#2781=AXIS2_PLACEMENT_3D('',#4255,#3447,#3448);
#2782=AXIS2_PLACEMENT_3D('',#4257,#3450,#3451);
#2783=AXIS2_PLACEMENT_3D('',#4259,#3453,#3454);
#2784=AXIS2_PLACEMENT_3D('',#4260,#3455,#3456);
#2785=AXIS2_PLACEMENT_3D('',#4262,#3458,#3459);
#2786=AXIS2_PLACEMENT_3D('',#4264,#3461,#3462);
#2787=AXIS2_PLACEMENT_3D('',#4265,#3463,#3464);
#2788=AXIS2_PLACEMENT_3D('',#4267,#3466,#3467);
#2789=AXIS2_PLACEMENT_3D('',#4269,#3469,#3470);
#2790=AXIS2_PLACEMENT_3D('',#4270,#3471,#3472);
#2791=AXIS2_PLACEMENT_3D('',#4272,#3474,#3475);
#2792=AXIS2_PLACEMENT_3D('',#4274,#3477,#3478);
#2793=AXIS2_PLACEMENT_3D('',#4275,#3479,#3480);
#2794=AXIS2_PLACEMENT_3D('',#4277,#3482,#3483);
#2795=AXIS2_PLACEMENT_3D('',#4279,#3485,#3486);
#2796=AXIS2_PLACEMENT_3D('',#4280,#3487,#3488);
#2797=AXIS2_PLACEMENT_3D('',#4282,#3490,#3491);
#2798=AXIS2_PLACEMENT_3D('',#4284,#3493,#3494);
#2799=AXIS2_PLACEMENT_3D('',#4297,#3495,#3496);
#2800=AXIS2_PLACEMENT_3D('',#4298,#3497,#3498);
#2801=AXIS2_PLACEMENT_3D('',#4299,#3499,#3500);
#2802=AXIS2_PLACEMENT_3D('',#4312,#3501,#3502);
#2803=AXIS2_PLACEMENT_3D('',#4313,#3503,#3504);
#2804=AXIS2_PLACEMENT_3D('',#4314,#3505,#3506);
#2805=AXIS2_PLACEMENT_3D('',#4327,#3507,#3508);
#2806=AXIS2_PLACEMENT_3D('',#4343,#3509,#3510);
#2807=AXIS2_PLACEMENT_3D('',#4344,#3511,#3512);
#2808=AXIS2_PLACEMENT_3D('',#4345,#3513,#3514);
#2809=AXIS2_PLACEMENT_3D('',#4361,#3515,#3516);
#2810=DIRECTION('',(0.,0.,1.));
#2811=DIRECTION('',(1.,0.,0.));
#2812=DIRECTION('',(0.66911446048699,-0.228660969050701,0.707106781186546));
#2813=DIRECTION('',(-0.323375443616876,-0.946270744800656,0.));
#2814=DIRECTION('',(-0.323375443616876,-0.946270744800656,8.12941988208176E-18));
#2815=DIRECTION('',(-0.726350629254048,-8.09483783036598E-17,0.687324350930657));
#2816=DIRECTION('',(0.323375443616876,0.946270744800656,-8.12941988208176E-18));
#2817=DIRECTION('',(-0.726350629254048,0.,0.687324350930657));
#2818=DIRECTION('',(0.,1.,0.));
#2819=DIRECTION('',(1.,0.,0.));
#2820=DIRECTION('',(1.,0.,0.));
#2821=DIRECTION('',(0.,0.,-1.));
#2822=DIRECTION('',(1.,0.,0.));
#2823=DIRECTION('',(0.,0.,-1.));
#2824=DIRECTION('',(1.,0.,0.));
#2825=DIRECTION('',(0.,0.,-1.));
#2826=DIRECTION('',(1.,0.,0.));
#2827=DIRECTION('',(0.,0.,-1.));
#2828=DIRECTION('',(1.38777878078145E-16,-1.,0.));
#2829=DIRECTION('',(-1.,-1.38777878078145E-16,0.));
#2830=DIRECTION('',(0.,0.,-1.));
#2831=DIRECTION('',(1.38777878078145E-16,-1.,0.));
#2832=DIRECTION('',(1.,1.38777878078145E-16,0.));
#2833=DIRECTION('',(0.726350629254048,1.00801399068602E-16,-0.687324350930657));
#2834=DIRECTION('',(1.38777878078145E-16,-1.,0.));
#2835=DIRECTION('',(-1.,-1.38777878078145E-16,3.55522847464153E-17));
#2836=DIRECTION('',(0.,0.,-1.));
#2837=DIRECTION('',(-1.,-1.38777878078145E-16,0.));
#2838=DIRECTION('',(0.,0.,1.));
#2839=DIRECTION('',(1.,1.38777878078145E-16,2.04085114820801E-16));
#2840=DIRECTION('',(0.,0.,1.));
#2841=DIRECTION('',(-1.,-1.38777878078145E-16,0.));
#2842=DIRECTION('',(0.,0.,-1.));
#2843=DIRECTION('',(1.,1.38777878078145E-16,0.));
#2844=DIRECTION('',(0.,0.,1.));
#2845=DIRECTION('',(1.,1.38777878078145E-16,0.));
#2846=DIRECTION('',(0.,0.,-1.));
#2847=DIRECTION('',(-1.,-1.38777878078145E-16,0.));
#2848=DIRECTION('',(0.,0.,-1.));
#2849=DIRECTION('',(1.,1.38777878078145E-16,0.));
#2850=DIRECTION('',(-1.,-1.38777878078145E-16,0.));
#2851=DIRECTION('',(0.,0.,1.));
#2852=DIRECTION('',(-1.,-1.38777878078145E-16,0.));
#2853=DIRECTION('',(0.,0.,1.));
#2854=DIRECTION('',(0.,0.,-1.));
#2855=DIRECTION('',(-1.,-1.38777878078145E-16,0.));
#2856=DIRECTION('',(0.,0.,-1.));
#2857=DIRECTION('',(-1.,-1.38777878078145E-16,0.));
#2858=DIRECTION('',(0.,1.,0.));
#2859=DIRECTION('',(1.,0.,0.));
#2860=DIRECTION('',(1.,0.,0.));
#2861=DIRECTION('',(0.,0.,-1.));
#2862=DIRECTION('',(1.,0.,0.));
#2863=DIRECTION('',(0.,0.,-1.));
#2864=DIRECTION('',(1.,0.,0.));
#2865=DIRECTION('',(0.,0.,-1.));
#2866=DIRECTION('',(1.,0.,0.));
#2867=DIRECTION('',(0.,0.,-1.));
#2868=DIRECTION('',(1.,0.,0.));
#2869=DIRECTION('',(0.,0.,-1.));
#2870=DIRECTION('',(1.,0.,0.));
#2871=DIRECTION('',(0.,0.,1.));
#2872=DIRECTION('',(1.,0.,2.04085114820801E-16));
#2873=DIRECTION('',(-2.04085114820801E-16,-2.83224991821653E-32,1.));
#2874=DIRECTION('',(1.,0.,2.23835287222814E-16));
#2875=DIRECTION('',(0.,0.,1.));
#2876=DIRECTION('',(1.,0.,0.));
#2877=DIRECTION('',(0.,0.,1.));
#2878=DIRECTION('',(1.,0.,2.23835287222814E-16));
#2879=DIRECTION('',(-2.04085114820801E-16,-2.83224991821653E-32,1.));
#2880=DIRECTION('',(1.,0.,2.04085114820801E-16));
#2881=DIRECTION('',(0.,0.,1.));
#2882=DIRECTION('',(1.,0.,0.));
#2883=DIRECTION('',(-0.726350629254049,0.,-0.687324350930656));
#2884=DIRECTION('',(1.,0.,0.));
#2885=DIRECTION('',(0.,0.,-1.));
#2886=DIRECTION('',(1.,0.,0.));
#2887=DIRECTION('',(-0.726350629254048,0.,0.687324350930657));
#2888=DIRECTION('',(0.,0.,-1.));
#2889=DIRECTION('',(1.,0.,0.));
#2890=DIRECTION('',(0.,0.,-1.));
#2891=DIRECTION('',(1.,0.,0.));
#2892=DIRECTION('',(0.,0.,-1.));
#2893=DIRECTION('',(1.,0.,0.));
#2894=DIRECTION('',(0.,0.,-1.));
#2895=DIRECTION('',(1.,0.,0.));
#2896=DIRECTION('',(0.,0.,-1.));
#2897=DIRECTION('',(2.04085114820801E-16,2.83224991821653E-32,-1.));
#2898=DIRECTION('',(-1.,0.,-2.04085114820801E-16));
#2899=DIRECTION('',(5.78020049760423E-48,-1.,-2.83224991821653E-32));
#2900=DIRECTION('',(1.38777878078145E-16,-1.,0.));
#2901=DIRECTION('',(1.38777878078145E-16,-1.,0.));
#2902=DIRECTION('',(2.56996070515082E-16,-1.,2.41265733774E-32));
#2903=DIRECTION('',(1.,1.23908819712629E-16,2.04085114820801E-16));
#2904=DIRECTION('',(-1.,0.,0.));
#2905=DIRECTION('',(0.,1.,0.));
#2906=DIRECTION('',(1.,0.,0.));
#2907=DIRECTION('',(0.,1.,0.));
#2908=DIRECTION('',(-1.,0.,0.));
#2909=DIRECTION('',(0.,1.,0.));
#2910=DIRECTION('',(-1.,0.,0.));
#2911=DIRECTION('',(0.,1.,0.));
#2912=DIRECTION('',(1.,0.,0.));
#2913=DIRECTION('',(0.,1.,0.));
#2914=DIRECTION('',(0.,2.31296463463574E-16,-1.));
#2915=DIRECTION('',(1.38777878078145E-16,-1.,0.));
#2916=DIRECTION('',(-1.,0.,0.));
#2917=DIRECTION('',(0.,1.,0.));
#2918=DIRECTION('',(0.,1.,0.));
#2919=DIRECTION('',(-1.,0.,0.));
#2920=DIRECTION('',(0.,1.,0.));
#2921=DIRECTION('',(-1.,0.,0.));
#2922=DIRECTION('',(0.,1.,0.));
#2923=DIRECTION('',(0.,1.,0.));
#2924=DIRECTION('',(-1.,0.,0.));
#2925=DIRECTION('',(0.,1.,0.));
#2926=DIRECTION('',(1.38777878078145E-16,-1.,0.));
#2927=DIRECTION('',(0.,2.31296463463574E-16,-1.));
#2928=DIRECTION('',(0.,1.,1.44560289664734E-16));
#2929=DIRECTION('',(-1.,0.,0.));
#2930=DIRECTION('',(0.,1.,0.));
#2931=DIRECTION('',(0.,-1.,0.));
#2932=DIRECTION('',(0.,1.,2.31296463463574E-16));
#2933=DIRECTION('',(0.,-2.31296463463574E-16,1.));
#2934=DIRECTION('',(-1.,0.,0.));
#2935=DIRECTION('',(-3.20988324064539E-32,2.31296463463574E-16,-1.));
#2936=DIRECTION('',(-1.,0.,0.));
#2937=DIRECTION('',(1.,0.,0.));
#2938=DIRECTION('',(2.27637725402763E-32,-2.31296463463574E-16,1.));
#2939=DIRECTION('',(1.,0.,0.));
#2940=DIRECTION('',(0.,-2.31296463463574E-16,1.));
#2941=DIRECTION('',(1.,4.01235405080674E-32,-1.7347234759768E-16));
#2942=DIRECTION('',(8.67361737988404E-17,-2.31296463463574E-16,1.));
#2943=DIRECTION('',(1.,4.01235405080674E-32,-1.7347234759768E-16));
#2944=DIRECTION('',(-1.,0.,0.));
#2945=DIRECTION('',(0.,1.,0.));
#2946=DIRECTION('',(1.,0.,0.));
#2947=DIRECTION('',(0.,-1.,0.));
#2948=DIRECTION('',(0.946270744800656,-0.323375443616875,0.));
#2949=DIRECTION('',(-0.323375443616876,-0.946270744800656,0.));
#2950=DIRECTION('',(-1.,-2.00617702540337E-32,8.67361737988404E-17));
#2951=DIRECTION('',(8.67361737988404E-17,0.,1.));
#2952=DIRECTION('',(-1.,0.,0.));
#2953=DIRECTION('',(-1.,0.,0.));
#2954=DIRECTION('',(0.,1.,0.));
#2955=DIRECTION('',(-1.,0.,0.));
#2956=DIRECTION('',(1.,0.,0.));
#2957=DIRECTION('',(0.,-1.,0.));
#2958=DIRECTION('',(-1.,0.,0.));
#2959=DIRECTION('',(0.,-1.,0.));
#2960=DIRECTION('',(1.,0.,0.));
#2961=DIRECTION('',(0.,-1.,0.));
#2962=DIRECTION('',(1.,0.,0.));
#2963=DIRECTION('',(0.,-1.,0.));
#2964=DIRECTION('',(-1.,0.,0.));
#2965=DIRECTION('',(0.,-1.,0.));
#2966=DIRECTION('',(0.,-1.,-1.44560289664734E-16));
#2967=DIRECTION('',(0.,0.,-1.));
#2968=DIRECTION('',(1.,0.,0.));
#2969=DIRECTION('',(0.,-1.,0.));
#2970=DIRECTION('',(0.,-1.,0.));
#2971=DIRECTION('',(1.,0.,0.));
#2972=DIRECTION('',(0.,-1.,0.));
#2973=DIRECTION('',(1.,0.,0.));
#2974=DIRECTION('',(0.,-1.,0.));
#2975=DIRECTION('',(0.,-1.,0.));
#2976=DIRECTION('',(1.,0.,0.));
#2977=DIRECTION('',(0.,-1.,0.));
#2978=DIRECTION('',(0.,0.,-1.));
#2979=DIRECTION('',(0.,1.,0.));
#2980=DIRECTION('',(1.,0.,0.));
#2981=DIRECTION('',(0.,-1.,0.));
#2982=DIRECTION('',(0.946270744800656,-0.323375443616875,0.));
#2983=DIRECTION('',(-0.323375443616876,-0.946270744800656,0.));
#2984=DIRECTION('',(0.323375443616876,0.946270744800656,1.14967358514655E-17));
#2985=DIRECTION('',(0.946270744800656,-0.323375443616875,0.));
#2986=DIRECTION('',(-0.323375443616876,-0.946270744800656,0.));
#2987=DIRECTION('',(0.,0.,-1.));
#2988=DIRECTION('',(0.323375443616876,0.946270744800656,-1.14967358514655E-17));
#2989=DIRECTION('',(0.,0.,-1.));
#2990=DIRECTION('',(0.,0.,1.));
#2991=DIRECTION('',(1.,0.,0.));
#2992=DIRECTION('',(-1.,-1.38777878078145E-16,0.));
#2993=DIRECTION('',(0.323375443616876,0.946270744800656,0.));
#2994=DIRECTION('',(1.,0.,0.));
#2995=DIRECTION('',(1.38777878078145E-16,-1.,0.));
#2996=DIRECTION('',(0.946270744800656,-0.323375443616875,0.));
#2997=DIRECTION('',(-0.323375443616876,-0.946270744800656,0.));
#2998=DIRECTION('',(0.946270744800656,-0.323375443616875,0.));
#2999=DIRECTION('',(-0.104571677534411,-0.306000721881582,0.946270744800657));
#3000=DIRECTION('',(0.323375443616876,0.946270744800656,-1.14967358514655E-17));
#3001=DIRECTION('',(0.946270744800656,-0.323375443616875,0.));
#3002=DIRECTION('',(-0.323375443616876,-0.946270744800656,0.));
#3003=DIRECTION('',(0.,0.,1.));
#3004=DIRECTION('',(1.,0.,0.));
#3005=DIRECTION('',(1.38777878078145E-16,-1.,0.));
#3006=DIRECTION('',(1.,0.,0.));
#3007=DIRECTION('',(-0.323375443616876,-0.946270744800656,1.14967358514655E-17));
#3008=DIRECTION('',(0.66911446048699,-0.228660969050701,0.707106781186546));
#3009=DIRECTION('',(-0.323375443616876,-0.946270744800656,0.));
#3010=DIRECTION('',(0.323375443616876,0.946270744800656,-8.12941988208176E-18));
#3011=DIRECTION('',(1.32045404468575E-16,-0.951487414977056,-0.307687664914081));
#3012=DIRECTION('',(-0.323375443616876,-0.946270744800656,8.12941988208176E-18));
#3013=DIRECTION('',(0.726350629254048,1.28464349640844E-17,-0.687324350930657));
#3014=DIRECTION('',(1.,0.,0.));
#3015=DIRECTION('',(0.,-1.,0.));
#3016=DIRECTION('',(1.,0.,0.));
#3017=DIRECTION('',(1.,0.,0.));
#3018=DIRECTION('',(0.,0.,1.));
#3019=DIRECTION('',(1.,0.,0.));
#3020=DIRECTION('',(1.,2.42861286636753E-16,0.));
#3021=DIRECTION('',(0.,0.,1.));
#3022=DIRECTION('',(0.,-1.,0.));
#3023=DIRECTION('',(0.,1.,0.));
#3024=DIRECTION('',(1.,-5.23717788068061E-16,0.));
#3025=DIRECTION('',(0.323375443616875,0.946270744800657,0.));
#3026=DIRECTION('',(0.,0.,1.));
#3027=DIRECTION('',(0.,-1.,0.));
#3028=DIRECTION('',(1.,1.83699305660193E-16,0.));
#3029=DIRECTION('',(0.,0.,1.));
#3030=DIRECTION('',(0.,-1.,0.));
#3031=DIRECTION('',(0.,-1.,0.));
#3032=DIRECTION('',(0.,0.,1.));
#3033=DIRECTION('',(0.,-1.,0.));
#3034=DIRECTION('',(-1.,-3.58454558680479E-16,0.));
#3035=DIRECTION('',(0.,0.,1.));
#3036=DIRECTION('',(0.,-1.,0.));
#3037=DIRECTION('',(0.323375443616875,0.946270744800657,0.));
#3038=DIRECTION('',(0.,0.,1.));
#3039=DIRECTION('',(0.,-1.,0.));
#3040=DIRECTION('',(0.,0.,1.));
#3041=DIRECTION('',(1.,0.,0.));
#3042=DIRECTION('',(0.,1.,0.));
#3043=DIRECTION('',(0.,0.,1.));
#3044=DIRECTION('',(0.,-1.,0.));
#3045=DIRECTION('',(1.,2.42861286636753E-16,0.));
#3046=DIRECTION('',(0.,0.,1.));
#3047=DIRECTION('',(0.,-1.,0.));
#3048=DIRECTION('',(0.323375443616875,0.946270744800657,0.));
#3049=DIRECTION('',(0.,0.,1.));
#3050=DIRECTION('',(0.,-1.,0.));
#3051=DIRECTION('',(-1.,-3.58454558680479E-16,0.));
#3052=DIRECTION('',(0.,0.,1.));
#3053=DIRECTION('',(0.,-1.,0.));
#3054=DIRECTION('',(0.,-1.,0.));
#3055=DIRECTION('',(0.,0.,1.));
#3056=DIRECTION('',(0.,-1.,0.));
#3057=DIRECTION('',(1.,1.83699305660193E-16,0.));
#3058=DIRECTION('',(0.,0.,1.));
#3059=DIRECTION('',(0.,-1.,0.));
#3060=DIRECTION('',(0.323375443616875,0.946270744800657,0.));
#3061=DIRECTION('',(1.,-5.23717788068061E-16,0.));
#3062=DIRECTION('',(0.,0.,1.));
#3063=DIRECTION('',(1.,0.,0.));
#3064=DIRECTION('',(1.,0.,0.));
#3065=DIRECTION('',(0.,-1.,0.));
#3066=DIRECTION('',(1.,0.,0.));
#3067=DIRECTION('',(0.,-1.,0.));
#3068=DIRECTION('',(1.,0.,0.));
#3069=DIRECTION('',(-0.323375443616876,-0.946270744800656,0.));
#3070=DIRECTION('',(1.,0.,0.));
#3071=DIRECTION('',(-1.,-9.84181608287376E-17,0.));
#3072=DIRECTION('',(0.323375443616875,0.946270744800657,0.));
#3073=DIRECTION('',(-2.42861286636753E-16,1.,0.));
#3074=DIRECTION('',(1.,2.42861286636753E-16,0.));
#3075=DIRECTION('',(0.,0.,-1.));
#3076=DIRECTION('',(0.,0.,-1.));
#3077=DIRECTION('',(-1.,0.,0.));
#3078=DIRECTION('',(0.,1.,0.));
#3079=DIRECTION('',(0.,0.,-1.));
#3080=DIRECTION('',(0.,0.,-1.));
#3081=DIRECTION('',(0.,0.,1.));
#3082=DIRECTION('',(1.,0.,0.));
#3083=DIRECTION('',(0.,-1.,0.));
#3084=DIRECTION('',(1.,0.,0.));
#3085=DIRECTION('',(0.,-1.,0.));
#3086=DIRECTION('',(1.,0.,0.));
#3087=DIRECTION('',(1.,0.,0.));
#3088=DIRECTION('',(-0.323375443616876,-0.946270744800656,0.));
#3089=DIRECTION('',(1.,0.,0.));
#3090=DIRECTION('',(0.323375443616875,0.946270744800657,0.));
#3091=DIRECTION('',(-1.,-9.84181608287376E-17,0.));
#3092=DIRECTION('',(0.946270744800656,-0.323375443616875,0.));
#3093=DIRECTION('',(-0.323375443616876,-0.946270744800656,0.));
#3094=DIRECTION('',(0.946270744800656,-0.323375443616875,0.));
#3095=DIRECTION('',(-0.104571677534411,-0.306000721881583,-0.946270744800657));
#3096=DIRECTION('',(0.946270744800656,-0.323375443616875,0.));
#3097=DIRECTION('',(0.323375443616876,0.946270744800656,0.));
#3098=DIRECTION('',(0.323375443616876,0.946270744800656,1.14967358514655E-17));
#3099=DIRECTION('',(0.,1.,0.));
#3100=DIRECTION('',(1.,0.,0.));
#3101=DIRECTION('',(0.,1.,0.));
#3102=DIRECTION('',(-1.,0.,0.));
#3103=DIRECTION('',(-0.726350629254049,0.,-0.687324350930656));
#3104=DIRECTION('',(0.,1.,0.));
#3105=DIRECTION('',(-1.,0.,-3.55522847464152E-17));
#3106=DIRECTION('',(0.,1.,0.));
#3107=DIRECTION('',(-1.,0.,3.55522847464153E-17));
#3108=DIRECTION('',(0.,1.,0.));
#3109=DIRECTION('',(1.,0.,0.));
#3110=DIRECTION('',(0.,1.,0.));
#3111=DIRECTION('',(1.,0.,0.));
#3112=DIRECTION('',(0.,0.,-1.));
#3113=DIRECTION('',(0.,1.,0.));
#3114=DIRECTION('',(-1.,0.,0.));
#3115=DIRECTION('',(-0.946270744800656,0.323375443616875,0.));
#3116=DIRECTION('',(0.323375443616875,0.946270744800657,0.));
#3117=DIRECTION('',(0.946270744800656,-0.323375443616875,0.));
#3118=DIRECTION('',(-0.323375443616875,-0.946270744800656,0.));
#3119=DIRECTION('',(0.,0.,1.));
#3120=DIRECTION('',(0.,0.,1.));
#3121=DIRECTION('',(-0.946270744800656,0.323375443616875,0.));
#3122=DIRECTION('',(-0.323375443616875,-0.946270744800656,0.));
#3123=DIRECTION('',(0.323375443616875,0.946270744800657,0.));
#3124=DIRECTION('',(0.323375443616875,0.946270744800657,0.));
#3125=DIRECTION('',(-0.946270744800656,0.323375443616875,0.));
#3126=DIRECTION('',(0.323375443616875,0.946270744800656,0.));
#3127=DIRECTION('',(0.,0.,-1.));
#3128=DIRECTION('',(0.,0.,-1.));
#3129=DIRECTION('',(0.,0.,1.));
#3130=DIRECTION('',(9.84181608287376E-17,-1.,0.));
#3131=DIRECTION('',(-1.,-9.84181608287376E-17,0.));
#3132=DIRECTION('',(-1.,-9.84181608287376E-17,-1.73472347597681E-16));
#3133=DIRECTION('',(-1.,-9.84181608287376E-17,0.));
#3134=DIRECTION('',(-1.,-9.84181608287376E-17,0.));
#3135=DIRECTION('',(-1.,-9.84181608287376E-17,-1.73472347597681E-16));
#3136=DIRECTION('',(0.,0.,-1.));
#3137=DIRECTION('',(0.,0.,1.));
#3138=DIRECTION('',(1.,0.,0.));
#3139=DIRECTION('',(1.38777878078145E-16,-1.,0.));
#3140=DIRECTION('',(1.,0.,0.));
#3141=DIRECTION('',(-1.,-1.38777878078145E-16,0.));
#3142=DIRECTION('',(0.,0.,1.));
#3143=DIRECTION('',(1.,0.,0.));
#3144=DIRECTION('',(1.,0.,0.));
#3145=DIRECTION('',(1.38777878078145E-16,-1.,0.));
#3146=DIRECTION('',(-1.,-1.38777878078145E-16,0.));
#3147=DIRECTION('',(1.83699305660193E-16,-1.,0.));
#3148=DIRECTION('',(-1.,-1.83699305660193E-16,0.));
#3149=DIRECTION('',(0.,0.,1.));
#3150=DIRECTION('',(0.,0.,1.));
#3151=DIRECTION('',(-3.58454558680479E-16,1.,0.));
#3152=DIRECTION('',(1.,3.58454558680479E-16,0.));
#3153=DIRECTION('',(0.,0.,1.));
#3154=DIRECTION('',(0.,0.,1.));
#3155=DIRECTION('',(-1.,0.,0.));
#3156=DIRECTION('',(0.,1.,0.));
#3157=DIRECTION('',(0.,0.,1.));
#3158=DIRECTION('',(0.,0.,1.));
#3159=DIRECTION('',(1.,0.,0.));
#3160=DIRECTION('',(0.,-1.,0.));
#3161=DIRECTION('',(1.,0.,0.));
#3162=DIRECTION('',(0.,-1.,0.));
#3163=DIRECTION('',(1.,0.,0.));
#3164=DIRECTION('',(0.,0.,-1.));
#3165=DIRECTION('',(1.,0.,0.));
#3166=DIRECTION('',(0.,-1.,0.));
#3167=DIRECTION('',(1.,0.,0.));
#3168=DIRECTION('',(0.,-1.,0.));
#3169=DIRECTION('',(1.,0.,0.));
#3170=DIRECTION('',(0.,0.,-1.));
#3171=DIRECTION('',(1.,0.,0.));
#3172=DIRECTION('',(0.,-1.,0.));
#3173=DIRECTION('',(-1.,0.,0.));
#3174=DIRECTION('',(0.,-1.,0.));
#3175=DIRECTION('',(1.,0.,0.));
#3176=DIRECTION('',(0.,0.,-1.));
#3177=DIRECTION('',(1.,0.,0.));
#3178=DIRECTION('',(0.,-1.,0.));
#3179=DIRECTION('',(-1.,0.,0.));
#3180=DIRECTION('',(0.,-1.,0.));
#3181=DIRECTION('',(1.,0.,0.));
#3182=DIRECTION('',(0.,0.,-1.));
#3183=DIRECTION('',(-0.66911446048699,0.228660969050701,0.707106781186547));
#3184=DIRECTION('',(0.323375443616876,0.946270744800656,0.));
#3185=DIRECTION('',(-0.323375443616876,-0.946270744800656,0.));
#3186=DIRECTION('',(-0.726350629254049,0.,-0.687324350930656));
#3187=DIRECTION('',(0.323375443616876,0.946270744800656,2.7755575615629E-17));
#3188=DIRECTION('',(0.323375443616875,0.946270744800657,0.));
#3189=DIRECTION('',(0.946270744800656,-0.323375443616875,0.));
#3190=DIRECTION('',(-0.323375443616875,-0.946270744800657,0.));
#3191=DIRECTION('',(-0.946270744800656,0.323375443616875,0.));
#3192=DIRECTION('',(0.,0.,1.));
#3193=DIRECTION('',(0.,-1.,0.));
#3194=DIRECTION('',(0.,0.,1.));
#3195=DIRECTION('',(0.,-1.,0.));
#3196=DIRECTION('',(0.,0.,1.));
#3197=DIRECTION('',(0.,-1.,0.));
#3198=DIRECTION('',(0.,0.,-1.));
#3199=DIRECTION('',(0.,1.,0.));
#3200=DIRECTION('',(0.,0.,-1.));
#3201=DIRECTION('',(0.,1.,0.));
#3202=DIRECTION('',(0.,0.,-1.));
#3203=DIRECTION('',(0.,1.,0.));
#3204=DIRECTION('',(0.946270744800656,-0.323375443616875,0.));
#3205=DIRECTION('',(-0.323375443616875,-0.946270744800657,0.));
#3206=DIRECTION('',(0.946270744800656,-0.323375443616875,0.));
#3207=DIRECTION('',(-0.323375443616875,-0.946270744800656,0.));
#3208=DIRECTION('',(1.,0.,0.));
#3209=DIRECTION('',(0.,-1.,0.));
#3210=DIRECTION('',(0.946270744800656,-0.323375443616875,0.));
#3211=DIRECTION('',(0.,0.,-1.));
#3212=DIRECTION('',(0.,0.,1.));
#3213=DIRECTION('',(0.,-1.44560289664734E-16,1.));
#3214=DIRECTION('',(0.,-1.,-1.44560289664734E-16));
#3215=DIRECTION('',(9.84181608287376E-17,-1.,0.));
#3216=DIRECTION('',(0.,0.,-1.));
#3217=DIRECTION('',(0.,1.,0.));
#3218=DIRECTION('',(9.84181608287376E-17,-1.,0.));
#3219=DIRECTION('',(-1.,-1.38777878078145E-16,0.));
#3220=DIRECTION('',(-1.38777878078145E-16,1.,0.));
#3221=DIRECTION('',(-1.,-1.38777878078145E-16,0.));
#3222=DIRECTION('',(-1.38777878078145E-16,1.,0.));
#3223=DIRECTION('',(-1.,-1.38777878078145E-16,0.));
#3224=DIRECTION('',(1.38777878078145E-16,-1.,1.21495205411718E-17));
#3225=DIRECTION('',(-1.,-1.38777878078145E-16,0.));
#3226=DIRECTION('',(-1.38777878078145E-16,1.,0.));
#3227=DIRECTION('',(1.38777878078145E-16,-1.,0.));
#3228=DIRECTION('',(-1.,-1.38777878078145E-16,0.));
#3229=DIRECTION('',(-1.38777878078145E-16,1.,0.));
#3230=DIRECTION('',(-1.,-1.38777878078145E-16,0.));
#3231=DIRECTION('',(-1.38777878078145E-16,1.,0.));
#3232=DIRECTION('',(1.38777878078145E-16,-1.,0.));
#3233=DIRECTION('',(-1.,-1.38777878078145E-16,0.));
#3234=DIRECTION('',(-1.38777878078145E-16,1.,0.));
#3235=DIRECTION('',(0.,0.,-1.));
#3236=DIRECTION('',(0.,1.,0.));
#3237=DIRECTION('',(-6.42490176287706E-17,-1.,0.));
#3238=DIRECTION('',(0.,-1.,0.));
#3239=DIRECTION('',(-1.,0.,0.));
#3240=DIRECTION('',(1.,1.38777878078145E-16,0.));
#3241=DIRECTION('',(1.38777878078145E-16,-1.,0.));
#3242=DIRECTION('',(1.,1.38777878078145E-16,0.));
#3243=DIRECTION('',(1.38777878078145E-16,-1.,0.));
#3244=DIRECTION('',(1.,1.38777878078145E-16,0.));
#3245=DIRECTION('',(1.38777878078145E-16,-1.,0.));
#3246=DIRECTION('',(1.,1.38777878078145E-16,0.));
#3247=DIRECTION('',(1.38777878078145E-16,-1.,0.));
#3248=DIRECTION('',(1.,1.38777878078145E-16,0.));
#3249=DIRECTION('',(1.38777878078145E-16,-1.,0.));
#3250=DIRECTION('',(1.,1.38777878078145E-16,0.));
#3251=DIRECTION('',(1.38777878078145E-16,-1.,0.));
#3252=DIRECTION('',(0.,0.,1.));
#3253=DIRECTION('',(0.,-1.,0.));
#3254=DIRECTION('',(0.,1.,0.));
#3255=DIRECTION('',(1.,0.,0.));
#3256=DIRECTION('',(0.,1.,0.));
#3257=DIRECTION('',(0.,1.,0.));
#3258=DIRECTION('',(1.,0.,0.));
#3259=DIRECTION('',(0.,1.,0.));
#3260=DIRECTION('',(-1.,0.,0.));
#3261=DIRECTION('',(0.,1.,0.));
#3262=DIRECTION('',(0.,1.,0.));
#3263=DIRECTION('',(0.,0.,1.));
#3264=DIRECTION('',(-2.23835287222814E-16,0.,1.));
#3265=DIRECTION('',(1.,0.,2.23835287222814E-16));
#3266=DIRECTION('',(0.,-1.,0.));
#3267=DIRECTION('',(1.,1.23908819712629E-16,2.23835287222814E-16));
#3268=DIRECTION('',(2.56996070515082E-16,-1.,5.7524789258878E-32));
#3269=DIRECTION('',(0.,1.,0.));
#3270=DIRECTION('',(1.,0.,2.23835287222814E-16));
#3271=DIRECTION('',(-1.,0.,0.));
#3272=DIRECTION('',(0.,1.,0.));
#3273=DIRECTION('',(0.,0.,1.));
#3274=DIRECTION('',(0.,1.,0.));
#3275=DIRECTION('',(1.,0.,0.));
#3276=DIRECTION('',(0.,0.,1.));
#3277=DIRECTION('',(0.,0.,1.));
#3278=DIRECTION('',(1.,0.,0.));
#3279=DIRECTION('',(1.,0.,0.));
#3280=DIRECTION('',(0.,-1.,0.));
#3281=DIRECTION('',(0.,1.,0.));
#3282=DIRECTION('',(0.,1.,0.));
#3283=DIRECTION('',(0.,0.,1.));
#3284=DIRECTION('',(0.,-1.,0.));
#3285=DIRECTION('',(0.,1.,0.));
#3286=DIRECTION('',(0.,1.,0.));
#3287=DIRECTION('',(0.,1.,0.));
#3288=DIRECTION('',(1.,0.,0.));
#3289=DIRECTION('',(0.,-1.,0.));
#3290=DIRECTION('',(0.,1.,0.));
#3291=DIRECTION('',(0.,0.,1.));
#3292=DIRECTION('',(0.,-1.,0.));
#3293=DIRECTION('',(6.42490176287706E-17,1.,0.));
#3294=DIRECTION('',(1.,0.,0.));
#3295=DIRECTION('',(0.,1.,0.));
#3296=DIRECTION('',(-1.,0.,0.));
#3297=DIRECTION('',(0.,1.,0.));
#3298=DIRECTION('',(-1.,0.,0.));
#3299=DIRECTION('',(0.,1.,0.));
#3300=DIRECTION('',(1.,0.,0.));
#3301=DIRECTION('',(0.,-1.,0.));
#3302=DIRECTION('',(-0.916757453740676,0.399444327799148,0.));
#3303=DIRECTION('',(0.399444327799148,0.916757453740676,0.));
#3304=DIRECTION('',(1.,0.,0.));
#3305=DIRECTION('',(0.,-1.,0.));
#3306=DIRECTION('',(-1.,-1.38777878078145E-16,0.));
#3307=DIRECTION('',(-1.38777878078145E-16,1.,0.));
#3308=DIRECTION('',(-1.,-1.38777878078145E-16,0.));
#3309=DIRECTION('',(-1.38777878078145E-16,1.,0.));
#3310=DIRECTION('',(-0.916757453740676,0.399444327799148,0.));
#3311=DIRECTION('',(-0.399444327799148,-0.916757453740676,0.));
#3312=DIRECTION('',(1.,1.38777878078145E-16,0.));
#3313=DIRECTION('',(1.38777878078145E-16,-1.,0.));
#3314=DIRECTION('',(1.,0.,0.));
#3315=DIRECTION('',(0.,-1.,0.));
#3316=DIRECTION('',(-1.,0.,0.));
#3317=DIRECTION('',(0.,1.,0.));
#3318=DIRECTION('',(-1.,0.,0.));
#3319=DIRECTION('',(0.,0.,1.));
#3320=DIRECTION('',(1.,0.,0.));
#3321=DIRECTION('',(0.,-1.,0.));
#3322=DIRECTION('',(1.,0.,0.));
#3323=DIRECTION('',(0.,1.,0.));
#3324=DIRECTION('',(-1.,0.,0.));
#3325=DIRECTION('',(0.,0.,1.));
#3326=DIRECTION('',(1.,0.,0.));
#3327=DIRECTION('',(0.,-1.,0.));
#3328=DIRECTION('',(-1.,0.,0.));
#3329=DIRECTION('',(0.,1.,0.));
#3330=DIRECTION('',(-1.,0.,0.));
#3331=DIRECTION('',(0.,0.,1.));
#3332=DIRECTION('',(1.,0.,0.));
#3333=DIRECTION('',(0.,-1.,0.));
#3334=DIRECTION('',(1.,0.,0.));
#3335=DIRECTION('',(0.,1.,0.));
#3336=DIRECTION('',(-1.,0.,0.));
#3337=DIRECTION('',(0.,0.,1.));
#3338=DIRECTION('',(1.,9.84181608287376E-17,0.));
#3339=DIRECTION('',(9.84181608287376E-17,-1.,0.));
#3340=DIRECTION('',(-1.,-9.84181608287376E-17,0.));
#3341=DIRECTION('',(-9.84181608287376E-17,1.,0.));
#3342=DIRECTION('',(1.,0.,0.));
#3343=DIRECTION('',(0.,-1.,0.));
#3344=DIRECTION('',(1.,0.,0.));
#3345=DIRECTION('',(0.,-1.,0.));
#3346=DIRECTION('',(-1.,0.,0.));
#3347=DIRECTION('',(0.,1.,0.));
#3348=DIRECTION('',(-1.,0.,0.));
#3349=DIRECTION('',(0.,1.,0.));
#3350=DIRECTION('',(-0.323375443616876,-0.946270744800656,-1.14967358514655E-17));
#3351=DIRECTION('',(-0.946270744800656,0.323375443616876,0.));
#3352=DIRECTION('',(-0.323375443616876,-0.946270744800656,-1.14967358514655E-17));
#3353=DIRECTION('',(-0.667956087441164,-0.602125945703553,-0.437354559551966));
#3354=DIRECTION('',(0.32576142192945,-0.76495653912062,0.555626663542263));
#3355=DIRECTION('',(-0.323375443616876,-0.946270744800656,0.));
#3356=DIRECTION('',(-0.946270744800656,0.323375443616876,0.));
#3357=DIRECTION('',(0.323375443616875,0.946270744800657,-1.51836533207743E-16));
#3358=DIRECTION('',(0.946270744800657,-0.323375443616875,0.));
#3359=DIRECTION('',(-0.726350629254049,0.,-0.687324350930656));
#3360=DIRECTION('',(-0.687324350930656,0.,0.726350629254049));
#3361=DIRECTION('',(0.726350629254049,0.,0.687324350930656));
#3362=DIRECTION('',(0.687324350930656,0.,-0.726350629254049));
#3363=DIRECTION('',(-0.66911446048699,0.228660969050701,0.707106781186547));
#3364=DIRECTION('',(0.726350629254049,0.,0.687324350930656));
#3365=DIRECTION('',(0.323375443616875,0.946270744800656,0.));
#3366=DIRECTION('',(0.946270744800656,-0.323375443616876,0.));
#3367=DIRECTION('',(-0.0815256332804288,0.996671245255036,0.));
#3368=DIRECTION('',(0.996671245255036,0.0815256332804288,0.));
#3369=DIRECTION('',(0.323375443616875,0.946270744800656,0.));
#3370=DIRECTION('',(0.946270744800656,-0.323375443616875,0.));
#3371=DIRECTION('',(-0.323375443616876,-0.946270744800656,1.14967358514655E-17));
#3372=DIRECTION('',(-0.946270744800656,0.323375443616876,0.));
#3373=DIRECTION('',(-0.667956087441164,-0.602125945703553,0.437354559551966));
#3374=DIRECTION('',(0.325761421929449,-0.76495653912062,-0.555626663542263));
#3375=DIRECTION('',(-0.66911446048699,0.228660969050701,-0.707106781186546));
#3376=DIRECTION('',(-0.726350629254048,0.,0.687324350930657));
#3377=DIRECTION('',(-0.726350629254048,0.,0.687324350930656));
#3378=DIRECTION('',(0.687324350930656,0.,0.726350629254048));
#3379=DIRECTION('',(-0.726350629254048,0.,0.687324350930657));
#3380=DIRECTION('',(0.687324350930657,0.,0.726350629254048));
#3381=DIRECTION('',(-0.323375443616876,-0.946270744800656,1.14967358514655E-17));
#3382=DIRECTION('',(-0.946270744800656,0.323375443616876,0.));
#3383=DIRECTION('',(-0.0815256332804291,0.996671245255036,2.89842252851765E-18));
#3384=DIRECTION('',(-0.996671245255036,-0.0815256332804291,0.));
#3385=DIRECTION('',(0.,0.948683298050514,-0.316227766016838));
#3386=DIRECTION('',(0.,0.316227766016838,0.948683298050514));
#3387=DIRECTION('',(0.,0.316227766016838,0.948683298050514));
#3388=DIRECTION('',(0.,0.316227766016838,0.948683298050514));
#3389=DIRECTION('',(1.,0.,0.));
#3390=DIRECTION('',(0.,0.,1.));
#3391=DIRECTION('',(0.,-1.,0.));
#3392=DIRECTION('',(0.,-1.,0.));
#3393=DIRECTION('',(0.,-1.,0.));
#3394=DIRECTION('',(1.,0.,0.));
#3395=DIRECTION('',(0.,-0.948683298050514,-0.316227766016838));
#3396=DIRECTION('',(0.,0.316227766016838,-0.948683298050514));
#3397=DIRECTION('',(0.,0.316227766016838,-0.948683298050514));
#3398=DIRECTION('',(0.,0.316227766016838,-0.948683298050514));
#3399=DIRECTION('',(1.,0.,0.));
#3400=DIRECTION('',(0.,0.,-1.));
#3401=DIRECTION('',(1.,0.,0.));
#3402=DIRECTION('',(0.,0.,-1.));
#3403=DIRECTION('',(0.,-0.948683298050514,0.316227766016838));
#3404=DIRECTION('',(0.,-0.316227766016838,-0.948683298050514));
#3405=DIRECTION('',(0.,-0.316227766016838,-0.948683298050514));
#3406=DIRECTION('',(0.,-0.316227766016838,-0.948683298050514));
#3407=DIRECTION('',(1.,0.,0.));
#3408=DIRECTION('',(0.,0.,-1.));
#3409=DIRECTION('',(0.,1.,0.));
#3410=DIRECTION('',(0.,1.,0.));
#3411=DIRECTION('',(0.,1.,0.));
#3412=DIRECTION('',(1.,0.,0.));
#3413=DIRECTION('',(0.,0.948683298050514,0.316227766016838));
#3414=DIRECTION('',(0.,-0.316227766016838,0.948683298050514));
#3415=DIRECTION('',(0.,-0.316227766016838,0.948683298050514));
#3416=DIRECTION('',(0.,-0.316227766016838,0.948683298050514));
#3417=DIRECTION('',(1.,0.,0.));
#3418=DIRECTION('',(0.,0.,-1.));
#3419=DIRECTION('',(1.,0.,0.));
#3420=DIRECTION('',(0.,0.,-1.));
#3421=DIRECTION('',(0.,-0.316227766016837,-0.948683298050514));
#3422=DIRECTION('',(0.,0.948683298050514,-0.316227766016837));
#3423=DIRECTION('',(0.,0.948683298050514,-0.316227766016837));
#3424=DIRECTION('',(0.,0.948683298050514,-0.316227766016837));
#3425=DIRECTION('',(1.,0.,0.));
#3426=DIRECTION('',(0.,1.,0.));
#3427=DIRECTION('',(1.,0.,0.));
#3428=DIRECTION('',(0.,0.,1.));
#3429=DIRECTION('',(0.,0.,1.));
#3430=DIRECTION('',(1.,0.,0.));
#3431=DIRECTION('',(0.,-0.316227766016837,0.948683298050514));
#3432=DIRECTION('',(0.,-0.948683298050514,-0.316227766016837));
#3433=DIRECTION('',(0.,-0.948683298050514,-0.316227766016837));
#3434=DIRECTION('',(0.,-0.948683298050514,-0.316227766016837));
#3435=DIRECTION('',(1.,0.,0.));
#3436=DIRECTION('',(0.,0.,-1.));
#3437=DIRECTION('',(1.,0.,0.));
#3438=DIRECTION('',(0.,0.,-1.));
#3439=DIRECTION('',(-1.,-9.84181608287376E-17,0.));
#3440=DIRECTION('',(-9.84181608287376E-17,1.,0.));
#3441=DIRECTION('',(1.,0.,0.));
#3442=DIRECTION('',(0.,0.,-1.));
#3443=DIRECTION('',(1.7347234759768E-16,-2.31296463463574E-16,1.));
#3444=DIRECTION('',(0.,-1.,-2.31296463463574E-16));
#3445=DIRECTION('',(0.,1.,2.31296463463574E-16));
#3446=DIRECTION('',(0.,1.,2.31296463463574E-16));
#3447=DIRECTION('',(-1.,0.,0.));
#3448=DIRECTION('',(0.,1.,0.));
#3449=DIRECTION('',(0.,1.,2.31296463463574E-16));
#3450=DIRECTION('',(1.73472347597681E-16,-2.31296463463574E-16,1.));
#3451=DIRECTION('',(0.,-1.,-2.31296463463574E-16));
#3452=DIRECTION('',(0.,1.,2.31296463463574E-16));
#3453=DIRECTION('',(-1.,-2.00617702540337E-32,8.67361737988404E-17));
#3454=DIRECTION('',(8.67361737988404E-17,0.,1.));
#3455=DIRECTION('',(0.,0.,-1.));
#3456=DIRECTION('',(0.,1.,0.));
#3457=DIRECTION('',(1.38777878078145E-16,-1.,0.));
#3458=DIRECTION('',(1.,1.38777878078145E-16,0.));
#3459=DIRECTION('',(1.38777878078145E-16,-1.,0.));
#3460=DIRECTION('',(1.38777878078145E-16,-1.,0.));
#3461=DIRECTION('',(0.,0.,-1.));
#3462=DIRECTION('',(0.,1.,0.));
#3463=DIRECTION('',(-1.,0.,-2.04085114820801E-16));
#3464=DIRECTION('',(-2.04085114820801E-16,0.,1.));
#3465=DIRECTION('',(-2.04085114820801E-16,-2.83224991821653E-32,1.));
#3466=DIRECTION('',(1.23908819712629E-16,-1.,-3.03455348380341E-33));
#3467=DIRECTION('',(-1.,-1.23908819712629E-16,0.));
#3468=DIRECTION('',(-2.04085114820801E-16,-2.83224991821653E-32,1.));
#3469=DIRECTION('',(-1.,-2.56996070515082E-16,-2.04085114820801E-16));
#3470=DIRECTION('',(-2.56996070515082E-16,1.,0.));
#3471=DIRECTION('',(1.,-6.42490176287706E-17,0.));
#3472=DIRECTION('',(-6.42490176287706E-17,-1.,0.));
#3473=DIRECTION('',(0.,0.,-1.));
#3474=DIRECTION('',(0.,-1.,0.));
#3475=DIRECTION('',(-1.,0.,0.));
#3476=DIRECTION('',(0.,0.,-1.));
#3477=DIRECTION('',(1.,0.,0.));
#3478=DIRECTION('',(0.,-1.,0.));
#3479=DIRECTION('',(1.,0.,0.));
#3480=DIRECTION('',(0.,-1.,0.));
#3481=DIRECTION('',(0.,1.,0.));
#3482=DIRECTION('',(1.,0.,0.));
#3483=DIRECTION('',(0.,-1.,0.));
#3484=DIRECTION('',(0.,1.,0.));
#3485=DIRECTION('',(0.,0.,1.));
#3486=DIRECTION('',(0.,-1.,0.));
#3487=DIRECTION('',(-1.,0.,0.));
#3488=DIRECTION('',(0.,1.,0.));
#3489=DIRECTION('',(0.,1.,0.));
#3490=DIRECTION('',(0.,0.,1.));
#3491=DIRECTION('',(0.,-1.,0.));
#3492=DIRECTION('',(0.,1.,0.));
#3493=DIRECTION('',(-1.,0.,0.));
#3494=DIRECTION('',(0.,1.,0.));
#3495=DIRECTION('',(0.726350629254049,0.,-0.687324350930656));
#3496=DIRECTION('',(-0.687324350930656,0.,-0.726350629254049));
#3497=DIRECTION('',(-0.726350629254048,-9.55309133693922E-17,0.687324350930657));
#3498=DIRECTION('',(0.687324350930657,0.,0.726350629254048));
#3499=DIRECTION('',(0.726350629254049,0.,-0.687324350930656));
#3500=DIRECTION('',(-0.687324350930656,0.,-0.726350629254049));
#3501=DIRECTION('',(0.,0.,-1.));
#3502=DIRECTION('',(0.,1.,0.));
#3503=DIRECTION('',(0.,0.,-1.));
#3504=DIRECTION('',(0.,1.,0.));
#3505=DIRECTION('',(0.,0.,-1.));
#3506=DIRECTION('',(0.,1.,0.));
#3507=DIRECTION('',(-0.229828519810528,-0.672530981898553,-0.703477739426252));
#3508=DIRECTION('',(0.,0.722826994180284,-0.691029041708303));
#3509=DIRECTION('',(-0.323375443616879,-0.946270744800655,0.));
#3510=DIRECTION('',(-0.946270744800655,0.323375443616879,0.));
#3511=DIRECTION('',(-0.323375443616876,-0.946270744800656,-1.14967358514655E-17));
#3512=DIRECTION('',(-0.946270744800656,0.323375443616876,0.));
#3513=DIRECTION('',(-0.323375443616881,-0.946270744800655,0.));
#3514=DIRECTION('',(-0.946270744800654,0.323375443616881,0.));
#3515=DIRECTION('',(-0.22982851981053,-0.672530981898554,0.703477739426251));
#3516=DIRECTION('',(0.,-0.722826994180283,-0.691029041708305));
#3517=CARTESIAN_POINT('',(0.,0.,0.));
#3518=CARTESIAN_POINT('',(-0.042941176859972,-0.03,-0.0265));
#3519=CARTESIAN_POINT('',(-0.0235920460756866,0.0220188504692039,-0.0279878975515724));
#3520=CARTESIAN_POINT('',(-0.0593099733417618,-0.0825,-0.0279878975515724));
#3521=CARTESIAN_POINT('',(-0.0240141899527535,0.0207835606262361,-0.0279878975515724));
#3522=CARTESIAN_POINT('',(-0.023277104484096,0.0207835606262361,-0.0286853799669806));
#3523=CARTESIAN_POINT('',(-0.0234602207005753,0.0207835606262361,-0.0285121024484277));
#3524=CARTESIAN_POINT('',(-0.0585915776357149,-0.0820188504692038,-0.0285121024484277));
#3525=CARTESIAN_POINT('',(-0.0587560040895837,-0.0825,-0.0285121024484277));
#3526=CARTESIAN_POINT('',(-0.0514168536810747,-0.0825,-0.0354569257716915));
#3527=CARTESIAN_POINT('',(0.,0.0255,-0.000175));
#3528=CARTESIAN_POINT('',(-0.059,0.0255,-0.025));
#3529=CARTESIAN_POINT('',(-0.092,0.0255,-0.025));
#3530=CARTESIAN_POINT('',(-0.084,0.0255,-0.025));
#3531=CARTESIAN_POINT('',(-0.084,0.0255,-0.027));
#3532=CARTESIAN_POINT('',(-0.084,0.0255,-0.029));
#3533=CARTESIAN_POINT('',(-0.059,0.0255,-0.029));
#3534=CARTESIAN_POINT('',(-0.034,0.0255,-0.029));
#3535=CARTESIAN_POINT('',(-0.034,0.0255,-0.027));
#3536=CARTESIAN_POINT('',(-0.034,0.0255,-0.025));
#3537=CARTESIAN_POINT('',(-0.059,0.0255,-0.025));
#3538=CARTESIAN_POINT('',(-0.026,0.0255,-0.025));
#3539=CARTESIAN_POINT('',(-0.026,0.0255,-0.032875));
#3540=CARTESIAN_POINT('',(-0.026,0.0255,-0.04075));
#3541=CARTESIAN_POINT('',(-0.059,0.0255,-0.04075));
#3542=CARTESIAN_POINT('',(-0.092,0.0255,-0.04075));
#3543=CARTESIAN_POINT('',(-0.092,0.0255,-0.032875));
#3544=CARTESIAN_POINT('',(-0.0625,0.0225,0.03));
#3545=CARTESIAN_POINT('',(-0.023,0.0225,-0.034375));
#3546=CARTESIAN_POINT('',(-0.023,0.0225,-0.0305168320862682));
#3547=CARTESIAN_POINT('',(-0.023,0.0225,-0.04375));
#3548=CARTESIAN_POINT('',(-0.0195549945082493,0.0225,-0.02492));
#3549=CARTESIAN_POINT('',(-0.0243949736018756,0.0225,-0.0294999306217453));
#3550=CARTESIAN_POINT('',(-0.0246394770072141,0.0225,-0.0292685642022692));
#3551=CARTESIAN_POINT('',(-0.0249489428540537,0.0225,-0.02897572572489));
#3552=CARTESIAN_POINT('',(-0.0201089637604276,0.0225,-0.0243957951031447));
#3553=CARTESIAN_POINT('',(-0.0269537278362359,0.0225,-0.0243957951031447));
#3554=CARTESIAN_POINT('',(-0.0269537278362359,0.0225,0.03));
#3555=CARTESIAN_POINT('',(-0.0269537278362359,0.0225,0.01992));
#3556=CARTESIAN_POINT('',(-0.0625,0.0225,0.01992));
#3557=CARTESIAN_POINT('',(-0.027,0.0225,0.01992));
#3558=CARTESIAN_POINT('',(-0.027,0.0225,0.0342));
#3559=CARTESIAN_POINT('',(-0.027,0.0225,0.0434));
#3560=CARTESIAN_POINT('',(-0.061,0.0225,0.0434));
#3561=CARTESIAN_POINT('',(-0.095,0.0225,0.0434));
#3562=CARTESIAN_POINT('',(-0.095,0.0225,0.0342));
#3563=CARTESIAN_POINT('',(-0.095,0.0225,0.01992));
#3564=CARTESIAN_POINT('',(-0.0625,0.0225,0.01992));
#3565=CARTESIAN_POINT('',(-0.1,0.0225,0.01992));
#3566=CARTESIAN_POINT('',(-0.1,0.0225,0.03));
#3567=CARTESIAN_POINT('',(-0.1,0.0225,0.008));
#3568=CARTESIAN_POINT('',(-0.096,0.0225,0.008));
#3569=CARTESIAN_POINT('',(-0.092,0.0225,0.008));
#3570=CARTESIAN_POINT('',(-0.092,0.0225,0.));
#3571=CARTESIAN_POINT('',(-0.092,0.0225,-0.008));
#3572=CARTESIAN_POINT('',(-0.096,0.0225,-0.008));
#3573=CARTESIAN_POINT('',(-0.1,0.0225,-0.008));
#3574=CARTESIAN_POINT('',(-0.1,0.0225,0.03));
#3575=CARTESIAN_POINT('',(-0.1,0.0225,-0.01992));
#3576=CARTESIAN_POINT('',(-0.095,0.0225,-0.01992));
#3577=CARTESIAN_POINT('',(-0.095,0.0225,-0.01992));
#3578=CARTESIAN_POINT('',(-0.095,0.0225,-0.034375));
#3579=CARTESIAN_POINT('',(-0.095,0.0225,-0.04375));
#3580=CARTESIAN_POINT('',(-0.059,0.0225,-0.04375));
#3581=CARTESIAN_POINT('',(-0.0625,0.0225,-0.029));
#3582=CARTESIAN_POINT('',(-0.034,0.0225,-0.029));
#3583=CARTESIAN_POINT('',(-0.084,0.0225,-0.029));
#3584=CARTESIAN_POINT('',(-0.084,0.0225,0.03));
#3585=CARTESIAN_POINT('',(-0.084,0.0225,-0.025));
#3586=CARTESIAN_POINT('',(-0.0625,0.0225,-0.025));
#3587=CARTESIAN_POINT('',(-0.034,0.0225,-0.025));
#3588=CARTESIAN_POINT('',(-0.034,0.0225,0.03));
#3589=CARTESIAN_POINT('',(-0.038,0.0225,0.03));
#3590=CARTESIAN_POINT('',(-0.038,0.0225,0.029));
#3591=CARTESIAN_POINT('',(-0.038,0.0225,0.025));
#3592=CARTESIAN_POINT('',(-0.0625,0.0225,0.025));
#3593=CARTESIAN_POINT('',(-0.084,0.0225,0.025));
#3594=CARTESIAN_POINT('',(-0.084,0.0225,0.03));
#3595=CARTESIAN_POINT('',(-0.084,0.0225,0.029));
#3596=CARTESIAN_POINT('',(-0.0625,0.0225,0.029));
#3597=CARTESIAN_POINT('',(0.,0.0825,0.03));
#3598=CARTESIAN_POINT('',(0.0492,0.0825,0.004));
#3599=CARTESIAN_POINT('',(0.0492,0.0825,0.004));
#3600=CARTESIAN_POINT('',(0.0746,0.0825,0.004));
#3601=CARTESIAN_POINT('',(0.0492,0.0825,0.03));
#3602=CARTESIAN_POINT('',(0.0492,0.0825,-0.004));
#3603=CARTESIAN_POINT('',(0.0492,0.0825,-0.004));
#3604=CARTESIAN_POINT('',(0.0746,0.0825,-0.004));
#3605=CARTESIAN_POINT('',(0.0746,0.0825,0.03));
#3606=CARTESIAN_POINT('',(-0.059,0.0825,-0.04075));
#3607=CARTESIAN_POINT('',(-0.092,0.0825,-0.04075));
#3608=CARTESIAN_POINT('',(-0.089,0.0825,-0.04075));
#3609=CARTESIAN_POINT('',(-0.089,0.0825,-0.03875));
#3610=CARTESIAN_POINT('',(-0.089,0.0825,-0.04375));
#3611=CARTESIAN_POINT('',(-0.059,0.0825,-0.04375));
#3612=CARTESIAN_POINT('',(-0.095,0.0825,-0.04375));
#3613=CARTESIAN_POINT('',(-0.095,0.0825,-0.034375));
#3614=CARTESIAN_POINT('',(-0.095,0.0825,-0.01992));
#3615=CARTESIAN_POINT('',(-0.1,0.0825,-0.01992));
#3616=CARTESIAN_POINT('',(-0.1,0.0825,-0.01992));
#3617=CARTESIAN_POINT('',(-0.1,0.0825,0.03));
#3618=CARTESIAN_POINT('',(-0.1,0.0825,0.01992));
#3619=CARTESIAN_POINT('',(0.,0.0825,0.01992));
#3620=CARTESIAN_POINT('',(-0.095,0.0825,0.01992));
#3621=CARTESIAN_POINT('',(-0.095,0.0825,0.0342));
#3622=CARTESIAN_POINT('',(-0.095,0.0825,0.0434));
#3623=CARTESIAN_POINT('',(-0.061,0.0825,0.0434));
#3624=CARTESIAN_POINT('',(-0.089,0.0825,0.0434));
#3625=CARTESIAN_POINT('',(-0.089,0.0825,0.0384));
#3626=CARTESIAN_POINT('',(-0.089,0.0825,0.0404));
#3627=CARTESIAN_POINT('',(-0.061,0.0825,0.0404));
#3628=CARTESIAN_POINT('',(-0.092,0.0825,0.0404));
#3629=CARTESIAN_POINT('',(-0.092,0.0825,0.0327));
#3630=CARTESIAN_POINT('',(-0.092,0.0825,0.025));
#3631=CARTESIAN_POINT('',(-0.061,0.0825,0.025));
#3632=CARTESIAN_POINT('',(-0.03,0.0825,0.025));
#3633=CARTESIAN_POINT('',(-0.03,0.0825,0.0327));
#3634=CARTESIAN_POINT('',(-0.03,0.0825,0.0404));
#3635=CARTESIAN_POINT('',(-0.061,0.0825,0.0404));
#3636=CARTESIAN_POINT('',(-0.033,0.0825,0.0404));
#3637=CARTESIAN_POINT('',(-0.033,0.0825,0.0384));
#3638=CARTESIAN_POINT('',(-0.033,0.0825,0.0434));
#3639=CARTESIAN_POINT('',(-0.061,0.0825,0.0434));
#3640=CARTESIAN_POINT('',(-0.027,0.0825,0.0434));
#3641=CARTESIAN_POINT('',(-0.027,0.0825,0.0342));
#3642=CARTESIAN_POINT('',(-0.027,0.0825,0.01992));
#3643=CARTESIAN_POINT('',(0.,0.0825,0.01992));
#3644=CARTESIAN_POINT('',(-0.00549471336490111,0.0825,0.01992));
#3645=CARTESIAN_POINT('',(-0.00540054767635939,0.0825,0.0201024040876822));
#3646=CARTESIAN_POINT('',(-0.0054315274930246,0.0825,0.0200413918314433));
#3647=CARTESIAN_POINT('',(-0.00546296095547506,0.0825,0.0199806122480232));
#3648=CARTESIAN_POINT('',(-0.0054947133649011,0.0825,0.01992));
#3649=CARTESIAN_POINT('',(-0.00540054767635939,0.0825,0.0201024040876822));
#3650=CARTESIAN_POINT('',(0.0023899622347915,0.0825,0.0274743357036838));
#3651=CARTESIAN_POINT('',(-0.000309408656381902,0.0825,0.02492));
#3652=CARTESIAN_POINT('',(0.,0.0825,0.02492));
#3653=CARTESIAN_POINT('',(0.1,0.0825,0.02492));
#3654=CARTESIAN_POINT('',(0.1,0.0825,0.03));
#3655=CARTESIAN_POINT('',(0.1,0.0825,-0.02492));
#3656=CARTESIAN_POINT('',(-0.000797067865775312,0.0825,-0.02492));
#3657=CARTESIAN_POINT('',(-0.000309408656381903,0.0825,-0.02492));
#3658=CARTESIAN_POINT('',(-0.0275643462532153,0.0825,0.000870550099251008));
#3659=CARTESIAN_POINT('',(-0.00449579787431775,0.0825,-0.0209585423567184));
#3660=CARTESIAN_POINT('',(-0.00449579787431775,0.0825,-0.025));
#3661=CARTESIAN_POINT('',(-0.00449579787431775,0.0825,-0.01992));
#3662=CARTESIAN_POINT('',(-0.023,0.0825,-0.01992));
#3663=CARTESIAN_POINT('',(-0.023,0.0825,-0.01992));
#3664=CARTESIAN_POINT('',(-0.023,0.0825,-0.034375));
#3665=CARTESIAN_POINT('',(-0.023,0.0825,-0.04375));
#3666=CARTESIAN_POINT('',(-0.059,0.0825,-0.04375));
#3667=CARTESIAN_POINT('',(-0.029,0.0825,-0.04375));
#3668=CARTESIAN_POINT('',(-0.029,0.0825,-0.03875));
#3669=CARTESIAN_POINT('',(-0.029,0.0825,-0.04075));
#3670=CARTESIAN_POINT('',(-0.059,0.0825,-0.04075));
#3671=CARTESIAN_POINT('',(-0.026,0.0825,-0.04075));
#3672=CARTESIAN_POINT('',(-0.026,0.0825,-0.032875));
#3673=CARTESIAN_POINT('',(-0.026,0.0825,-0.025));
#3674=CARTESIAN_POINT('',(-0.059,0.0825,-0.025));
#3675=CARTESIAN_POINT('',(-0.092,0.0825,-0.025));
#3676=CARTESIAN_POINT('',(-0.092,0.0825,-0.032875));
#3677=CARTESIAN_POINT('',(-0.061,0.082502,0.0434));
#3678=CARTESIAN_POINT('',(-0.089,0.0555,0.0434));
#3679=CARTESIAN_POINT('',(-0.089,0.0285,0.0434));
#3680=CARTESIAN_POINT('',(-0.095,0.082502,0.0434));
#3681=CARTESIAN_POINT('',(-0.027,0.082502,0.0434));
#3682=CARTESIAN_POINT('',(-0.033,0.0555,0.0434));
#3683=CARTESIAN_POINT('',(-0.033,0.0285,0.0434));
#3684=CARTESIAN_POINT('',(-0.061,0.0285,0.0434));
#3685=CARTESIAN_POINT('',(-0.1,0.0525,0.03));
#3686=CARTESIAN_POINT('',(-0.1,0.07742,0.01992));
#3687=CARTESIAN_POINT('',(-0.1,0.08042,0.01992));
#3688=CARTESIAN_POINT('',(-0.1,0.02758,-0.01992));
#3689=CARTESIAN_POINT('',(-0.1,0.03058,-0.01992));
#3690=CARTESIAN_POINT('',(-0.1,0.07742,-0.01992));
#3691=CARTESIAN_POINT('',(-0.1,0.08042,-0.01992));
#3692=CARTESIAN_POINT('',(-0.1,0.02758,0.01992));
#3693=CARTESIAN_POINT('',(-0.1,0.03058,0.01992));
#3694=CARTESIAN_POINT('',(-0.1,0.0311037241419805,0.03));
#3695=CARTESIAN_POINT('',(-0.1,0.0311037241419805,0.015));
#3696=CARTESIAN_POINT('',(-0.1,0.0311037241419806,0.008));
#3697=CARTESIAN_POINT('',(-0.1,0.0479,0.008));
#3698=CARTESIAN_POINT('',(-0.1,0.02758,0.01992));
#3699=CARTESIAN_POINT('',(-0.1,0.02758,0.025));
#3700=CARTESIAN_POINT('',(-0.1,0.0525,0.025));
#3701=CARTESIAN_POINT('',(-0.1,0.07742,0.025));
#3702=CARTESIAN_POINT('',(-0.1,0.07742,0.01992));
#3703=CARTESIAN_POINT('',(-0.1,0.07742,-0.01992));
#3704=CARTESIAN_POINT('',(-0.1,0.07742,-0.025));
#3705=CARTESIAN_POINT('',(-0.1,0.0525,-0.025));
#3706=CARTESIAN_POINT('',(-0.1,0.02758,-0.025));
#3707=CARTESIAN_POINT('',(-0.1,0.02758,-0.01992));
#3708=CARTESIAN_POINT('',(-0.1,0.0479,-0.008));
#3709=CARTESIAN_POINT('',(-0.1,0.0311037241419806,-0.008));
#3710=CARTESIAN_POINT('',(-0.1,0.0311037241419805,0.03));
#3711=CARTESIAN_POINT('',(-0.1,0.0311037241419805,-0.015));
#3712=CARTESIAN_POINT('',(-0.1,0.0525,-0.015));
#3713=CARTESIAN_POINT('',(-0.1,0.0431037241419805,-0.015));
#3714=CARTESIAN_POINT('',(-0.1,0.0525,0.));
#3715=CARTESIAN_POINT('',(-0.1,0.0431037241419805,0.015));
#3716=CARTESIAN_POINT('',(-0.1,0.0525,0.015));
#3717=CARTESIAN_POINT('',(-0.1414016,0.0311037241419805,-1.7347234759768E-18));
#3718=CARTESIAN_POINT('',(-0.1414016,0.0311037241419805,-0.008));
#3719=CARTESIAN_POINT('',(-0.092,0.0311037241419806,-0.008));
#3720=CARTESIAN_POINT('',(-0.092,0.0311037241419805,-1.73472347597681E-18));
#3721=CARTESIAN_POINT('',(-0.092,0.0311037241419805,0.008));
#3722=CARTESIAN_POINT('',(-0.1414016,0.0311037241419805,0.008));
#3723=CARTESIAN_POINT('',(-0.1414016,0.0311037241419805,0.015));
#3724=CARTESIAN_POINT('',(0.09,0.0311037241419806,0.015));
#3725=CARTESIAN_POINT('',(0.09,0.0311037241419805,-1.73472347597681E-18));
#3726=CARTESIAN_POINT('',(0.09,0.0311037241419805,-0.015));
#3727=CARTESIAN_POINT('',(-0.1414016,0.0311037241419805,-0.015));
#3728=CARTESIAN_POINT('',(-0.022,0.0311037241419805,-8.67361737988404E-19));
#3729=CARTESIAN_POINT('',(-0.022,0.0311037241419805,-0.005));
#3730=CARTESIAN_POINT('',(-0.022,0.0311037241419805,0.005));
#3731=CARTESIAN_POINT('',(-0.012,0.0311037241419805,-0.005));
#3732=CARTESIAN_POINT('',(-0.002,0.0311037241419805,-0.005));
#3733=CARTESIAN_POINT('',(-0.002,0.0311037241419805,-8.67361737988404E-19));
#3734=CARTESIAN_POINT('',(-0.002,0.0311037241419805,0.005));
#3735=CARTESIAN_POINT('',(-0.012,0.0311037241419805,0.005));
#3736=CARTESIAN_POINT('',(0.016562,0.00950843084687703,0.));
#3737=CARTESIAN_POINT('',(0.016562,0.00950843084687703,0.));
#3738=CARTESIAN_POINT('',(0.016562,0.00150843084687703,0.));
#3739=CARTESIAN_POINT('',(-0.0294396959974235,0.00950843084687703,0.));
#3740=CARTESIAN_POINT('',(-0.0321735896141812,0.00150843084687703,0.));
#3741=CARTESIAN_POINT('',(-0.002,0.00950843084687703,0.));
#3742=CARTESIAN_POINT('',(-0.002,0.0157534288452755,0.005));
#3743=CARTESIAN_POINT('',(-0.002,0.0157534288452755,-0.005));
#3744=CARTESIAN_POINT('',(0.016562,0.0157534288452755,-0.005));
#3745=CARTESIAN_POINT('',(-0.022,0.0157534288452755,-0.005));
#3746=CARTESIAN_POINT('',(-0.022,0.00950843084687703,0.));
#3747=CARTESIAN_POINT('',(-0.022,0.0157534288452755,0.005));
#3748=CARTESIAN_POINT('',(0.016562,0.0157534288452755,0.005));
#3749=CARTESIAN_POINT('',(0.1,0.0525,0.03));
#3750=CARTESIAN_POINT('',(0.1,0.07742,-0.02492));
#3751=CARTESIAN_POINT('',(0.1,0.074345,-0.02492));
#3752=CARTESIAN_POINT('',(0.1,0.07742,0.02492));
#3753=CARTESIAN_POINT('',(0.1,0.074345,0.02492));
#3754=CARTESIAN_POINT('',(0.1,0.02758,0.02492));
#3755=CARTESIAN_POINT('',(0.1,0.024505,0.02492));
#3756=CARTESIAN_POINT('',(0.1,0.02758,-0.02492));
#3757=CARTESIAN_POINT('',(0.1,0.024505,-0.02492));
#3758=CARTESIAN_POINT('',(0.1,0.0371037241419805,-0.015));
#3759=CARTESIAN_POINT('',(0.1,0.0431037241419805,-0.015));
#3760=CARTESIAN_POINT('',(0.1,0.0225,-0.015));
#3761=CARTESIAN_POINT('',(0.1,0.0225,0.03));
#3762=CARTESIAN_POINT('',(0.1,0.0225,-0.02492));
#3763=CARTESIAN_POINT('',(0.1,0.02758,-0.02492));
#3764=CARTESIAN_POINT('',(0.1,0.02758,-0.03));
#3765=CARTESIAN_POINT('',(0.1,0.0525,-0.03));
#3766=CARTESIAN_POINT('',(0.1,0.07742,-0.03));
#3767=CARTESIAN_POINT('',(0.1,0.07742,-0.02492));
#3768=CARTESIAN_POINT('',(0.1,0.07742,0.02492));
#3769=CARTESIAN_POINT('',(0.1,0.07742,0.03));
#3770=CARTESIAN_POINT('',(0.1,0.0525,0.03));
#3771=CARTESIAN_POINT('',(0.1,0.02758,0.03));
#3772=CARTESIAN_POINT('',(0.1,0.02758,0.02492));
#3773=CARTESIAN_POINT('',(0.1,0.0225,0.02492));
#3774=CARTESIAN_POINT('',(0.1,0.0225,0.03));
#3775=CARTESIAN_POINT('',(0.1,0.0225,0.015));
#3776=CARTESIAN_POINT('',(0.1,0.0371037241419805,0.015));
#3777=CARTESIAN_POINT('',(0.1,0.0431037241419805,0.015));
#3778=CARTESIAN_POINT('',(0.1,0.0525,0.));
#3779=CARTESIAN_POINT('',(-0.042941176859972,-0.03,0.03));
#3780=CARTESIAN_POINT('',(-0.00458190080060335,0.0822480430818293,0.0243957951031447));
#3781=CARTESIAN_POINT('',(-0.060882353719944,-0.0825,0.0243957951031447));
#3782=CARTESIAN_POINT('',(-0.0250182849421243,0.0224464940639615,0.0243957951031447));
#3783=CARTESIAN_POINT('',(-0.023418358986282,0.0271282445052672,0.01992));
#3784=CARTESIAN_POINT('',(-0.0256317876057495,0.0206512445052672,0.01992));
#3785=CARTESIAN_POINT('',(-0.0256317876057495,0.0206512445052672,0.03));
#3786=CARTESIAN_POINT('',(-0.0256317876057495,0.0206512445052672,-0.0243957951031447));
#3787=CARTESIAN_POINT('',(-0.0608823537199439,-0.0825,-0.0243957951031447));
#3788=CARTESIAN_POINT('',(-0.060882353719944,-0.0825,-0.0243957951031447));
#3789=CARTESIAN_POINT('',(-0.060882353719944,-0.0825,0.03));
#3790=CARTESIAN_POINT('',(1.38777878078145E-17,-2.77555756156289E-17,0.025));
#3791=CARTESIAN_POINT('',(1.00502939304192E-17,0.02758,0.025));
#3792=CARTESIAN_POINT('',(-0.027,0.02758,0.025));
#3793=CARTESIAN_POINT('',(-0.024405394993517,0.02758,0.025));
#3794=CARTESIAN_POINT('',(-0.00724989292345191,0.0777809352958256,0.025));
#3795=CARTESIAN_POINT('',(-0.00737323776111692,0.07742,0.025));
#3796=CARTESIAN_POINT('',(1.38777878078145E-17,0.07742,0.025));
#3797=CARTESIAN_POINT('',(-0.027,0.07742,0.025));
#3798=CARTESIAN_POINT('',(-0.027,0.082502,0.025));
#3799=CARTESIAN_POINT('',(-0.042941176859972,-0.03,0.03));
#3800=CARTESIAN_POINT('',(-0.00623182032095885,0.07742,-0.0193157951031447));
#3801=CARTESIAN_POINT('',(-0.00475609621339184,0.0817383073357981,-0.0243957951031447));
#3802=CARTESIAN_POINT('',(-0.023,0.0283524588893755,-0.0243957951031447));
#3803=CARTESIAN_POINT('',(-0.00541068041452263,0.0798228437724218,-0.0243957951031447));
#3804=CARTESIAN_POINT('',(-0.00623182032095885,0.07742,-0.01992));
#3805=CARTESIAN_POINT('',(1.38777878078145E-17,-2.77555756156289E-17,-0.025));
#3806=CARTESIAN_POINT('',(-0.023,0.082502,-0.025));
#3807=CARTESIAN_POINT('',(-0.023,0.07742,-0.025));
#3808=CARTESIAN_POINT('',(-0.023,0.0282409493923116,-0.025));
#3809=CARTESIAN_POINT('',(-0.00449579787431775,0.07742,-0.025));
#3810=CARTESIAN_POINT('',(-0.00619371343318001,0.07742,-0.025));
#3811=CARTESIAN_POINT('',(-0.00619371343318001,0.07742,-0.025));
#3812=CARTESIAN_POINT('',(-0.042941176859972,-0.03,-0.0265));
#3813=CARTESIAN_POINT('',(-0.0585915776357149,-0.0820188504692038,-0.0285121024484277));
#3814=CARTESIAN_POINT('',(-0.00370851011565582,0.0785815977227776,-0.0285121024484277));
#3815=CARTESIAN_POINT('',(-0.023,0.0221302719913143,-0.0285121024484277));
#3816=CARTESIAN_POINT('',(-0.023,-0.0244756735679296,-0.0435833207688321));
#3817=CARTESIAN_POINT('',(-0.023,0.0237513131284897,-0.0279878975515724));
#3818=CARTESIAN_POINT('',(-0.00317394687628992,0.0817668935510332,-0.0279878975515724));
#3819=CARTESIAN_POINT('',(-0.00426247936783401,0.0785815977227776,-0.0279878975515724));
#3820=CARTESIAN_POINT('',(-0.0254116048405959,0.0785815977227775,-0.00797509883857937));
#3821=CARTESIAN_POINT('',(-0.100002,0.0525,0.));
#3822=CARTESIAN_POINT('',(-0.1414016,0.0431037241419805,-0.015));
#3823=CARTESIAN_POINT('',(-0.1414016,0.0431037241419805,0.015));
#3824=CARTESIAN_POINT('',(1.38777878078145E-17,-4.16333634234433E-17,0.015));
#3825=CARTESIAN_POINT('',(0.0397478989371589,-0.0075,0.015));
#3826=CARTESIAN_POINT('',(0.0179262664071968,-0.0075,0.015));
#3827=CARTESIAN_POINT('',(0.0603028989371589,-0.0075,0.015));
#3828=CARTESIAN_POINT('',(0.0603028989371589,-0.003055,0.015));
#3829=CARTESIAN_POINT('',(0.0647478989371589,-0.003055,0.015));
#3830=CARTESIAN_POINT('',(0.0647478989371589,0.0075,0.015));
#3831=CARTESIAN_POINT('',(0.0647478989371589,0.0225,0.015));
#3832=CARTESIAN_POINT('',(0.0448739494685794,0.0225,0.015));
#3833=CARTESIAN_POINT('',(0.025,0.0225,0.015));
#3834=CARTESIAN_POINT('',(0.0198739494685794,0.0075,0.015));
#3835=CARTESIAN_POINT('',(0.0229469839031149,0.0164924038468771,0.015));
#3836=CARTESIAN_POINT('',(0.0271531573637539,0.015055,0.015));
#3837=CARTESIAN_POINT('',(0.0271531573637539,0.0195,0.015));
#3838=CARTESIAN_POINT('',(0.0428613444154374,0.0195,0.015));
#3839=CARTESIAN_POINT('',(0.0573028989371589,0.0195,0.015));
#3840=CARTESIAN_POINT('',(0.0573028989371589,0.015055,0.015));
#3841=CARTESIAN_POINT('',(0.0617478989371589,0.015055,0.015));
#3842=CARTESIAN_POINT('',(0.0617478989371589,0.0075,0.015));
#3843=CARTESIAN_POINT('',(0.0617478989371589,-5.5000000000009E-5,0.015));
#3844=CARTESIAN_POINT('',(0.0573028989371589,-5.5000000000009E-5,0.015));
#3845=CARTESIAN_POINT('',(0.0573028989371589,-0.0045,0.015));
#3846=CARTESIAN_POINT('',(0.0387605039903009,-0.0045,0.015));
#3847=CARTESIAN_POINT('',(0.0219895157951028,-0.0045,0.015));
#3848=CARTESIAN_POINT('',(0.0219895157951028,-5.5000000000022E-5,0.015));
#3849=CARTESIAN_POINT('',(0.0177833423344639,0.00138240384687699,0.015));
#3850=CARTESIAN_POINT('',(0.0198739494685794,0.0075,0.015));
#3851=CARTESIAN_POINT('',(0.0137200929465579,-0.010507596153123,0.015));
#3852=CARTESIAN_POINT('',(0.0179262664071968,-0.011945,0.015));
#3853=CARTESIAN_POINT('',(1.38777878078145E-17,-4.16333634234433E-17,-0.015));
#3854=CARTESIAN_POINT('',(0.0647478989371589,0.0075,-0.015));
#3855=CARTESIAN_POINT('',(0.0647478989371589,-0.003055,-0.015));
#3856=CARTESIAN_POINT('',(0.0647478989371589,0.0225,-0.015));
#3857=CARTESIAN_POINT('',(0.0603028989371589,-0.003055,-0.015));
#3858=CARTESIAN_POINT('',(0.0603028989371589,-0.0075,-0.015));
#3859=CARTESIAN_POINT('',(0.0397478989371589,-0.0075,-0.015));
#3860=CARTESIAN_POINT('',(0.0179262664071968,-0.0075,-0.015));
#3861=CARTESIAN_POINT('',(0.0179262664071968,-0.011945,-0.015));
#3862=CARTESIAN_POINT('',(0.0137200929465579,-0.010507596153123,-0.015));
#3863=CARTESIAN_POINT('',(0.0198739494685794,0.0075,-0.015));
#3864=CARTESIAN_POINT('',(0.0177833423344639,0.00138240384687699,-0.015));
#3865=CARTESIAN_POINT('',(0.0219895157951028,-5.5000000000022E-5,-0.015));
#3866=CARTESIAN_POINT('',(0.0219895157951028,-0.0045,-0.015));
#3867=CARTESIAN_POINT('',(1.54908333218766E-17,-0.0045,-0.015));
#3868=CARTESIAN_POINT('',(0.0573028989371589,-0.0045,-0.015));
#3869=CARTESIAN_POINT('',(0.0573028989371589,-5.5000000000009E-5,-0.015));
#3870=CARTESIAN_POINT('',(0.0617478989371589,-5.5000000000009E-5,-0.015));
#3871=CARTESIAN_POINT('',(0.0617478989371589,-4.16333634234433E-17,-0.015));
#3872=CARTESIAN_POINT('',(0.0617478989371589,0.015055,-0.015));
#3873=CARTESIAN_POINT('',(0.0573028989371589,0.015055,-0.015));
#3874=CARTESIAN_POINT('',(0.0573028989371589,0.0195,-0.015));
#3875=CARTESIAN_POINT('',(1.02956513474407E-17,0.0195,-0.015));
#3876=CARTESIAN_POINT('',(0.0271531573637539,0.0195,-0.015));
#3877=CARTESIAN_POINT('',(0.0271531573637539,0.015055,-0.015));
#3878=CARTESIAN_POINT('',(0.0229469839031149,0.0164924038468771,-0.015));
#3879=CARTESIAN_POINT('',(0.0198739494685794,0.0075,-0.015));
#3880=CARTESIAN_POINT('',(0.025,0.0225,-0.015));
#3881=CARTESIAN_POINT('',(0.0448739494685794,0.0225,-0.015));
#3882=CARTESIAN_POINT('',(1.38777878078145E-17,-4.16333634234433E-17,-0.03));
#3883=CARTESIAN_POINT('',(0.0492,0.0565,-0.03));
#3884=CARTESIAN_POINT('',(0.0492,0.0565,-0.03));
#3885=CARTESIAN_POINT('',(0.0746,0.0565,-0.03));
#3886=CARTESIAN_POINT('',(0.0492,0.0525,-0.03));
#3887=CARTESIAN_POINT('',(0.0492,0.0485,-0.03));
#3888=CARTESIAN_POINT('',(0.0492,0.0485,-0.03));
#3889=CARTESIAN_POINT('',(0.0746,0.0485,-0.03));
#3890=CARTESIAN_POINT('',(0.0746,0.0525,-0.03));
#3891=CARTESIAN_POINT('',(-0.035882353719944,-0.0825,-0.03));
#3892=CARTESIAN_POINT('',(-0.054959942055367,-0.0825,-0.03));
#3893=CARTESIAN_POINT('',(-0.0155797408307928,-0.0825,-0.03));
#3894=CARTESIAN_POINT('',(-0.000541942777455933,0.0767395518080186,-0.03));
#3895=CARTESIAN_POINT('',(-0.000309408656381905,0.07742,-0.03));
#3896=CARTESIAN_POINT('',(0.1,0.07742,-0.03));
#3897=CARTESIAN_POINT('',(0.0203026128891511,0.02758,-0.03));
#3898=CARTESIAN_POINT('',(0.0220386353357922,0.02758,-0.03));
#3899=CARTESIAN_POINT('',(0.0112945183586651,-0.00385975145563835,-0.03));
#3900=CARTESIAN_POINT('',(0.0397478989371589,-0.0075,0.03));
#3901=CARTESIAN_POINT('',(0.0179262664071968,-0.0075,-0.015));
#3902=CARTESIAN_POINT('',(0.0603028989371589,-0.0075,0.03));
#3903=CARTESIAN_POINT('',(0.0647478989371589,0.0075,0.03));
#3904=CARTESIAN_POINT('',(0.0647478989371589,-0.003055,0.03));
#3905=CARTESIAN_POINT('',(0.0647478989371589,0.0225,0.03));
#3906=CARTESIAN_POINT('',(1.38777878078145E-17,-4.16333634234433E-17,0.03));
#3907=CARTESIAN_POINT('',(0.0492,0.0525,0.03));
#3908=CARTESIAN_POINT('',(0.0492,0.0565,0.03));
#3909=CARTESIAN_POINT('',(0.0492,0.0485,0.03));
#3910=CARTESIAN_POINT('',(0.0492,0.0565,0.03));
#3911=CARTESIAN_POINT('',(0.0746,0.0565,0.03));
#3912=CARTESIAN_POINT('',(0.0746,0.0525,0.03));
#3913=CARTESIAN_POINT('',(0.0746,0.0485,0.03));
#3914=CARTESIAN_POINT('',(0.0492,0.0485,0.03));
#3915=CARTESIAN_POINT('',(1.38777878078145E-17,0.07742,0.03));
#3916=CARTESIAN_POINT('',(-0.000309408656381902,0.07742,0.03));
#3917=CARTESIAN_POINT('',(-0.0239676291622126,0.00819061854692335,0.03));
#3918=CARTESIAN_POINT('',(-0.054959942055367,-0.0825,0.03));
#3919=CARTESIAN_POINT('',(-0.035882353719944,-0.0825,0.03));
#3920=CARTESIAN_POINT('',(-0.0155797408307928,-0.0825,0.03));
#3921=CARTESIAN_POINT('',(0.0207938265393611,0.0239374038468771,0.03));
#3922=CARTESIAN_POINT('',(0.0220386353357922,0.02758,0.03));
#3923=CARTESIAN_POINT('',(1.11634149321579E-17,0.02758,0.03));
#3924=CARTESIAN_POINT('',(-0.042941176859972,-0.03,0.03));
#3925=CARTESIAN_POINT('',(-0.00623182032095884,0.07742,0.0193157951031447));
#3926=CARTESIAN_POINT('',(-0.00475609621339184,0.0817383073357981,0.0243957951031447));
#3927=CARTESIAN_POINT('',(-0.0047198345207164,0.0818444173686192,0.0241831522617319));
#3928=CARTESIAN_POINT('',(-0.00638620175388198,0.0769682445052672,0.01992));
#3929=CARTESIAN_POINT('',(-0.00478627579803976,0.0816499949465729,0.0243957951031447));
#3930=CARTESIAN_POINT('',(-0.00458190080060335,0.0822480430818293,0.0243957951031447));
#3931=CARTESIAN_POINT('',(-0.035882353719944,-0.0825,0.03));
#3932=CARTESIAN_POINT('',(-0.054959942055367,-0.0825,0.02492));
#3933=CARTESIAN_POINT('',(-0.0587560040895836,-0.0825,0.0285121024484277));
#3934=CARTESIAN_POINT('',(-0.0407098554110467,-0.0825,0.0455886449992503));
#3935=CARTESIAN_POINT('',(-0.0593099733417618,-0.0825,0.0279878975515724));
#3936=CARTESIAN_POINT('',(-0.0555139113075452,-0.0825,0.0243957951031447));
#3937=CARTESIAN_POINT('',(-0.0555139113075452,-0.0825,-0.0243957951031447));
#3938=CARTESIAN_POINT('',(-0.054959942055367,-0.0825,-0.02492));
#3939=CARTESIAN_POINT('',(-0.0155797408307928,-0.0825,-0.025555));
#3940=CARTESIAN_POINT('',(-0.010882353719944,-0.0825,-0.025555));
#3941=CARTESIAN_POINT('',(-0.010882353719944,-0.0825,0.03));
#3942=CARTESIAN_POINT('',(-0.010882353719944,-0.0825,0.025555));
#3943=CARTESIAN_POINT('',(-0.0155797408307928,-0.0825,0.025555));
#3944=CARTESIAN_POINT('',(0.00193277260860745,-0.045,0.03));
#3945=CARTESIAN_POINT('',(0.0203651630924147,0.0089374037696987,4.33680868994202E-19));
#3946=CARTESIAN_POINT('',(0.019144420792761,0.00536523170807622,4.33680868994202E-19));
#3947=CARTESIAN_POINT('',(0.0229469839031149,0.0164924038468771,0.03));
#3948=CARTESIAN_POINT('',(0.025,0.0225,0.015));
#3949=CARTESIAN_POINT('',(0.025,0.0225,0.02492));
#3950=CARTESIAN_POINT('',(0.0267360224466411,0.02758,0.02492));
#3951=CARTESIAN_POINT('',(0.0250136160725517,0.022539843752422,0.025555));
#3952=CARTESIAN_POINT('',(-0.010882353719944,-0.0825,0.025555));
#3953=CARTESIAN_POINT('',(0.00193277260860745,-0.045,-0.025555));
#3954=CARTESIAN_POINT('',(0.0250136160725517,0.022539843752422,-0.025555));
#3955=CARTESIAN_POINT('',(0.0267360224466411,0.02758,-0.02492));
#3956=CARTESIAN_POINT('',(0.025,0.0225,-0.02492));
#3957=CARTESIAN_POINT('',(0.025,0.0225,-0.015));
#3958=CARTESIAN_POINT('',(0.0137200929465579,-0.010507596153123,0.015));
#3959=CARTESIAN_POINT('',(0.0177833423344639,0.00138240384687699,0.03));
#3960=CARTESIAN_POINT('',(0.0823739494685794,0.0225,0.03));
#3961=CARTESIAN_POINT('',(0.095,0.0225,0.015));
#3962=CARTESIAN_POINT('',(0.09,0.0225,0.015));
#3963=CARTESIAN_POINT('',(0.0823739494685794,0.0225,0.02492));
#3964=CARTESIAN_POINT('',(0.1,0.0225,-0.02492));
#3965=CARTESIAN_POINT('',(0.095,0.0225,-0.015));
#3966=CARTESIAN_POINT('',(0.09,0.0225,-0.015));
#3967=CARTESIAN_POINT('',(0.09,0.0225,-1.7347234759768E-18));
#3968=CARTESIAN_POINT('',(1.38777878078145E-17,-2.77555756156289E-17,0.025));
#3969=CARTESIAN_POINT('',(-0.095,0.082502,0.025));
#3970=CARTESIAN_POINT('',(-0.095,0.07742,0.025));
#3971=CARTESIAN_POINT('',(-0.095,0.02758,0.025));
#3972=CARTESIAN_POINT('',(1.38777878078145E-17,0.07742,0.025));
#3973=CARTESIAN_POINT('',(1.00502939304192E-17,0.02758,0.025));
#3974=CARTESIAN_POINT('',(1.38777878078145E-17,-2.77555756156289E-17,-0.025));
#3975=CARTESIAN_POINT('',(-0.095,0.07742,-0.025));
#3976=CARTESIAN_POINT('',(-0.095,0.07742,-0.025));
#3977=CARTESIAN_POINT('',(-0.095,0.082502,-0.025));
#3978=CARTESIAN_POINT('',(-0.095,0.02758,-0.025));
#3979=CARTESIAN_POINT('',(-0.1,0.02758,-0.025));
#3980=CARTESIAN_POINT('',(0.0428613444154374,0.0195,-0.066788));
#3981=CARTESIAN_POINT('',(0.0271531573637539,0.0195,-0.066788));
#3982=CARTESIAN_POINT('',(0.0573028989371589,0.0195,0.015));
#3983=CARTESIAN_POINT('',(0.0387605039903009,-0.0045,-0.066788));
#3984=CARTESIAN_POINT('',(0.0219895157951028,-0.0045,-0.066788));
#3985=CARTESIAN_POINT('',(0.0573028989371589,-0.0045,-0.015));
#3986=CARTESIAN_POINT('',(0.0617478989371589,0.0075,-0.066788));
#3987=CARTESIAN_POINT('',(0.0617478989371589,0.015055,-0.015));
#3988=CARTESIAN_POINT('',(0.0617478989371589,-5.5000000000009E-5,0.015));
#3989=CARTESIAN_POINT('',(0.0898,0.02758,0.02492));
#3990=CARTESIAN_POINT('',(0.0898,0.02758,0.02492));
#3991=CARTESIAN_POINT('',(0.0898,0.024505,0.02492));
#3992=CARTESIAN_POINT('',(0.0898,0.0525,0.));
#3993=CARTESIAN_POINT('',(0.0898,0.07742,0.02492));
#3994=CARTESIAN_POINT('',(0.0898,0.07742,0.02492));
#3995=CARTESIAN_POINT('',(0.0898,0.074345,0.02492));
#3996=CARTESIAN_POINT('',(0.0898,0.0525,0.));
#3997=CARTESIAN_POINT('',(0.0898,0.07742,-0.02492));
#3998=CARTESIAN_POINT('',(0.0898,0.07742,-0.02492));
#3999=CARTESIAN_POINT('',(0.0898,0.074345,-0.02492));
#4000=CARTESIAN_POINT('',(0.0898,0.0525,0.));
#4001=CARTESIAN_POINT('',(0.0898,0.02758,-0.02492));
#4002=CARTESIAN_POINT('',(0.0898,0.02758,-0.02492));
#4003=CARTESIAN_POINT('',(0.0898,0.024505,-0.02492));
#4004=CARTESIAN_POINT('',(0.0898,0.0525,0.));
#4005=CARTESIAN_POINT('',(-0.0259587766971731,0.00887106673890475,0.03));
#4006=CARTESIAN_POINT('',(-0.0273667306214865,0.00935221626970091,0.0285121024484277));
#4007=CARTESIAN_POINT('',(-0.00370851011565581,0.0785815977227776,0.0285121024484277));
#4008=CARTESIAN_POINT('',(-0.0147046065705679,0.0785815977227776,0.0181068180661382));
#4009=CARTESIAN_POINT('',(-0.00426247936783401,0.0785815977227776,0.0279878975515724));
#4010=CARTESIAN_POINT('',(-0.0594743997956305,-0.0829811495307962,0.0279878975515724));
#4011=CARTESIAN_POINT('',(-0.00227340085203147,-0.0435625961531231,-0.025555));
#4012=CARTESIAN_POINT('',(0.0250136160725517,0.0225398437524219,-0.025555));
#4013=CARTESIAN_POINT('',(0.025042554896028,0.0226245253897729,-0.0262271396591331));
#4014=CARTESIAN_POINT('',(0.0248674228620342,0.0230662655587435,-0.0275150821846597));
#4015=CARTESIAN_POINT('',(0.0238747237943129,0.0247455847490235,-0.0294432014830263));
#4016=CARTESIAN_POINT('',(0.0227635004633432,0.0264592889290815,-0.03));
#4017=CARTESIAN_POINT('',(0.0220386353357922,0.02758,-0.03));
#4018=CARTESIAN_POINT('',(0.0112945183586651,-0.00385975145563835,0.025555));
#4019=CARTESIAN_POINT('',(0.0250136160725517,0.0225398437524219,0.025555));
#4020=CARTESIAN_POINT('',(0.025042554896028,0.0226245253897729,0.0262271396591331));
#4021=CARTESIAN_POINT('',(0.024867422862039,0.0230662655587465,0.0275150821846597));
#4022=CARTESIAN_POINT('',(0.0238747237942893,0.0247455847490082,0.0294432014830262));
#4023=CARTESIAN_POINT('',(0.0227635004634472,0.0264592889291487,0.03));
#4024=CARTESIAN_POINT('',(0.0220386353357922,0.02758,0.03));
#4025=CARTESIAN_POINT('',(0.0179262664071968,-0.011945,0.03));
#4026=CARTESIAN_POINT('',(0.0271531573637539,0.015055,0.03));
#4027=CARTESIAN_POINT('',(0.0219895157951028,-5.5000000000022E-5,-0.066788));
#4028=CARTESIAN_POINT('',(0.0573028989371589,0.015055,-0.066788));
#4029=CARTESIAN_POINT('',(0.0573028989371589,-5.5000000000009E-5,-0.066788));
#4030=CARTESIAN_POINT('',(0.0603028989371589,-0.003055,0.03));
#4031=CARTESIAN_POINT('',(0.0156338093684115,0.0105542809877831,4.33680868994202E-19));
#4032=CARTESIAN_POINT('',(0.0156338093684115,0.0105542809877831,4.33680868994202E-19));
#4033=CARTESIAN_POINT('',(0.016562,0.0132703797442207,-0.00245191653542884));
#4034=CARTESIAN_POINT('',(0.016562,0.0132703797442207,0.00245191653542884));
#4035=CARTESIAN_POINT('',(0.016562,0.0102370841824288,4.33680868994202E-19));
#4036=CARTESIAN_POINT('',(0.00232746941602473,-0.0283831227819157,0.));
#4037=CARTESIAN_POINT('',(0.016562,0.0132703797442207,0.));
#4038=CARTESIAN_POINT('',(-0.1414016,0.0371037241419805,-0.015));
#4039=CARTESIAN_POINT('',(0.09,0.0479,-0.015));
#4040=CARTESIAN_POINT('',(-0.1414016,0.0371037241419805,0.015));
#4041=CARTESIAN_POINT('',(0.09,0.0479,0.015));
#4042=CARTESIAN_POINT('',(-0.023,0.082502,-0.034375));
#4043=CARTESIAN_POINT('',(-0.023,0.07742,-0.01992));
#4044=CARTESIAN_POINT('',(-0.023,0.0126431646301038,-0.0243957951031447));
#4045=CARTESIAN_POINT('',(-0.023,0.0110221234929284,-0.02492));
#4046=CARTESIAN_POINT('',(-0.023,0.0208212057215891,-0.0288905436743763));
#4047=CARTESIAN_POINT('',(-0.023,0.0208212057215891,-0.0288905436743763));
#4048=CARTESIAN_POINT('',(-0.023,0.0210398104371846,-0.0288341267994727));
#4049=CARTESIAN_POINT('',(-0.023,0.0215026930575249,-0.0288587705291349));
#4050=CARTESIAN_POINT('',(-0.023,0.0222573333108016,-0.0293973466276657));
#4051=CARTESIAN_POINT('',(-0.023,0.0225,-0.0300667826213653));
#4052=CARTESIAN_POINT('',(-0.023,0.0225,-0.0305168320862682));
#4053=CARTESIAN_POINT('',(-0.023,0.082502,-0.04375));
#4054=CARTESIAN_POINT('',(-0.095,0.082502,-0.034375));
#4055=CARTESIAN_POINT('',(-0.095,0.07742,-0.01992));
#4056=CARTESIAN_POINT('',(-0.095,0.082502,-0.04375));
#4057=CARTESIAN_POINT('',(-0.095,0.02758,-0.01992));
#4058=CARTESIAN_POINT('',(-0.059,0.082502,-0.04375));
#4059=CARTESIAN_POINT('',(-0.029,0.0555,-0.04375));
#4060=CARTESIAN_POINT('',(-0.029,0.0285,-0.04375));
#4061=CARTESIAN_POINT('',(-0.089,0.0555,-0.04375));
#4062=CARTESIAN_POINT('',(-0.089,0.0285,-0.04375));
#4063=CARTESIAN_POINT('',(-0.059,0.0285,-0.04375));
#4064=CARTESIAN_POINT('',(-0.095,0.082502,0.0342));
#4065=CARTESIAN_POINT('',(-0.095,0.07742,0.01992));
#4066=CARTESIAN_POINT('',(-0.095,0.02758,0.01992));
#4067=CARTESIAN_POINT('',(-0.027,0.082502,0.0342));
#4068=CARTESIAN_POINT('',(-0.027,0.07742,0.01992));
#4069=CARTESIAN_POINT('',(-0.027,0.02758,0.01992));
#4070=CARTESIAN_POINT('',(-0.061,0.0255,0.025));
#4071=CARTESIAN_POINT('',(-0.092,0.0255,0.025));
#4072=CARTESIAN_POINT('',(-0.092,0.0255,0.025));
#4073=CARTESIAN_POINT('',(-0.061,0.0255,0.025));
#4074=CARTESIAN_POINT('',(-0.084,0.0255,0.025));
#4075=CARTESIAN_POINT('',(-0.084,0.0205,0.025));
#4076=CARTESIAN_POINT('',(-0.038,0.0205,0.025));
#4077=CARTESIAN_POINT('',(-0.038,0.0255,0.025));
#4078=CARTESIAN_POINT('',(-0.061,0.0255,0.025));
#4079=CARTESIAN_POINT('',(-0.03,0.0255,0.025));
#4080=CARTESIAN_POINT('',(-0.03,0.0255,0.025));
#4081=CARTESIAN_POINT('',(-0.092,0.0255,0.0327));
#4082=CARTESIAN_POINT('',(-0.092,0.0255,0.0404));
#4083=CARTESIAN_POINT('',(-0.092,0.0255,0.0404));
#4084=CARTESIAN_POINT('',(-0.092,0.0255,0.0327));
#4085=CARTESIAN_POINT('',(-0.061,0.0255,0.0404));
#4086=CARTESIAN_POINT('',(-0.089,0.0255,0.0404));
#4087=CARTESIAN_POINT('',(-0.089,0.0285,0.0404));
#4088=CARTESIAN_POINT('',(-0.061,0.0285,0.0404));
#4089=CARTESIAN_POINT('',(-0.033,0.0285,0.0404));
#4090=CARTESIAN_POINT('',(-0.033,0.0255,0.0404));
#4091=CARTESIAN_POINT('',(-0.03,0.0255,0.0404));
#4092=CARTESIAN_POINT('',(-0.03,0.0255,0.0404));
#4093=CARTESIAN_POINT('',(-0.061,0.0255,0.0404));
#4094=CARTESIAN_POINT('',(-0.03,0.0255,0.0327));
#4095=CARTESIAN_POINT('',(-0.03,0.0255,0.0327));
#4096=CARTESIAN_POINT('',(0.,0.0255,-0.000175));
#4097=CARTESIAN_POINT('',(-0.084,0.0255,0.027));
#4098=CARTESIAN_POINT('',(-0.084,0.0255,0.029));
#4099=CARTESIAN_POINT('',(-0.038,0.0255,0.027));
#4100=CARTESIAN_POINT('',(-0.038,0.0255,0.029));
#4101=CARTESIAN_POINT('',(-0.061,0.0255,0.029));
#4102=CARTESIAN_POINT('',(-0.092,0.0255,-0.032875));
#4103=CARTESIAN_POINT('',(-0.092,0.0255,-0.025));
#4104=CARTESIAN_POINT('',(-0.092,0.0255,-0.04075));
#4105=CARTESIAN_POINT('',(-0.059,0.0255,-0.025));
#4106=CARTESIAN_POINT('',(-0.026,0.0255,-0.025));
#4107=CARTESIAN_POINT('',(-0.034,0.0205,-0.025));
#4108=CARTESIAN_POINT('',(-0.084,0.0205,-0.025));
#4109=CARTESIAN_POINT('',(-0.026,0.0255,-0.032875));
#4110=CARTESIAN_POINT('',(-0.026,0.0255,-0.04075));
#4111=CARTESIAN_POINT('',(-0.059,0.0255,-0.04075));
#4112=CARTESIAN_POINT('',(-0.029,0.0255,-0.04075));
#4113=CARTESIAN_POINT('',(-0.029,0.0285,-0.04075));
#4114=CARTESIAN_POINT('',(-0.059,0.0285,-0.04075));
#4115=CARTESIAN_POINT('',(-0.089,0.0285,-0.04075));
#4116=CARTESIAN_POINT('',(-0.089,0.0255,-0.04075));
#4117=CARTESIAN_POINT('',(1.38777878078145E-17,0.07742,-0.01992));
#4118=CARTESIAN_POINT('',(-0.00541068041452263,0.0798228437724218,-0.0243957951031447));
#4119=CARTESIAN_POINT('',(-0.00566457933205506,0.0790798772839641,-0.0247946588488632));
#4120=CARTESIAN_POINT('',(-0.00590893649225117,0.078253322669714,-0.025));
#4121=CARTESIAN_POINT('',(-0.00619371343318001,0.07742,-0.025));
#4122=CARTESIAN_POINT('',(1.38777878078145E-17,0.07742,-0.01992));
#4123=CARTESIAN_POINT('',(0.,0.07742,0.01992));
#4124=CARTESIAN_POINT('',(-0.00737323776111691,0.07742,0.025));
#4125=CARTESIAN_POINT('',(-0.00708460842633178,0.0780824279670971,0.025));
#4126=CARTESIAN_POINT('',(-0.00662683294508164,0.0794412434121847,0.0247356716511159));
#4127=CARTESIAN_POINT('',(-0.00631659243821036,0.0806137202005568,0.023930674891937));
#4128=CARTESIAN_POINT('',(-0.00610821602852627,0.0810919611304359,0.0234304275318782));
#4129=CARTESIAN_POINT('',(-0.00610821602852627,0.0810919611304359,0.0234304275318782));
#4130=CARTESIAN_POINT('',(-0.0077081419843685,0.07742,0.01992));
#4131=CARTESIAN_POINT('',(0.,0.07742,0.01992));
#4132=CARTESIAN_POINT('',(-0.0625,0.02758,0.01992));
#4133=CARTESIAN_POINT('',(-0.0625,0.02758,0.01992));
#4134=CARTESIAN_POINT('',(-0.0247402992167685,0.02758,0.01992));
#4135=CARTESIAN_POINT('',(-0.0263402251726108,0.0239080388695641,0.0234304275318782));
#4136=CARTESIAN_POINT('',(-0.0263402251726108,0.0239080388695641,0.0234304275318782));
#4137=CARTESIAN_POINT('',(-0.0261195273970699,0.0244145583434189,0.02396025468339));
#4138=CARTESIAN_POINT('',(-0.025421268746227,0.0255582862032946,0.0247186722098751));
#4139=CARTESIAN_POINT('',(-0.0247104961197751,0.0268797679221461,0.025));
#4140=CARTESIAN_POINT('',(-0.024405394993517,0.02758,0.025));
#4141=CARTESIAN_POINT('',(1.00502939304192E-17,0.02758,-0.01992));
#4142=CARTESIAN_POINT('',(-0.109,0.02758,-0.01992));
#4143=CARTESIAN_POINT('',(-0.109,0.02758,-0.01992));
#4144=CARTESIAN_POINT('',(-0.109,0.03058,-0.01992));
#4145=CARTESIAN_POINT('',(-0.109,0.0525,0.));
#4146=CARTESIAN_POINT('',(-0.109,0.07742,0.01992));
#4147=CARTESIAN_POINT('',(-0.109,0.07742,0.01992));
#4148=CARTESIAN_POINT('',(-0.109,0.08042,0.01992));
#4149=CARTESIAN_POINT('',(-0.109,0.0525,0.));
#4150=CARTESIAN_POINT('',(-0.109,0.07742,-0.01992));
#4151=CARTESIAN_POINT('',(-0.109,0.07742,-0.01992));
#4152=CARTESIAN_POINT('',(-0.109,0.08042,-0.01992));
#4153=CARTESIAN_POINT('',(-0.109,0.0525,0.));
#4154=CARTESIAN_POINT('',(-0.109,0.02758,0.01992));
#4155=CARTESIAN_POINT('',(-0.109,0.02758,0.01992));
#4156=CARTESIAN_POINT('',(-0.109,0.03058,0.01992));
#4157=CARTESIAN_POINT('',(-0.109,0.0525,0.));
#4158=CARTESIAN_POINT('',(1.11634149321579E-17,0.02758,-0.02492));
#4159=CARTESIAN_POINT('',(0.0823739494685794,0.02758,0.02492));
#4160=CARTESIAN_POINT('',(0.,0.07742,0.02492));
#4161=CARTESIAN_POINT('',(-0.000309408656381902,0.07742,0.02492));
#4162=CARTESIAN_POINT('',(1.38777878078145E-17,0.07742,-0.02492));
#4163=CARTESIAN_POINT('',(-0.000309408656381903,0.07742,-0.02492));
#4164=CARTESIAN_POINT('',(-0.0381341214763846,-0.0316427472535738,0.0243957951031447));
#4165=CARTESIAN_POINT('',(-0.00478627579803975,0.0816499949465729,0.0243957951031447));
#4166=CARTESIAN_POINT('',(-0.00500887554951108,0.0809986169994373,0.0249301883110519));
#4167=CARTESIAN_POINT('',(-0.00536171702334032,0.0794785575119088,0.0257207063664023));
#4168=CARTESIAN_POINT('',(-0.00583480119774669,0.0778131364216012,0.0259653675712665));
#4169=CARTESIAN_POINT('',(-0.00611597811876649,0.0769903482361464,0.0259653675712665));
#4170=CARTESIAN_POINT('',(-0.0061159781187665,0.0769903482361464,0.0259653675712665));
#4171=CARTESIAN_POINT('',(-0.0427059747212953,-0.0300803772031971,0.0259653675712665));
#4172=CARTESIAN_POINT('',(-0.0231481353511666,0.0271503482361464,0.0259653675712665));
#4173=CARTESIAN_POINT('',(-0.0231481353511666,0.0271503482361464,0.0259653675712665));
#4174=CARTESIAN_POINT('',(-0.0234403581643367,0.0262952372358384,0.0259653675712665));
#4175=CARTESIAN_POINT('',(-0.0241047485419779,0.0246354001586972,0.025705597815767));
#4176=CARTESIAN_POINT('',(-0.0247867443630056,0.0231240349242188,0.0249516524750335));
#4177=CARTESIAN_POINT('',(-0.0250182849421243,0.0224464940639615,0.0243957951031447));
#4178=CARTESIAN_POINT('',(-0.000863377908560095,0.07742,0.0243957951031447));
#4179=CARTESIAN_POINT('',(-0.0239676291622126,0.00819061854692335,0.02492));
#4180=CARTESIAN_POINT('',(-0.000309408656381905,0.07742,0.02492));
#4181=CARTESIAN_POINT('',(-0.0113055051112939,0.07742,0.0145147156177105));
#4182=CARTESIAN_POINT('',(-0.000309408656381904,0.07742,0.02492));
#4183=CARTESIAN_POINT('',(-0.00540054767635939,0.0825,0.0201024040876822));
#4184=CARTESIAN_POINT('',(-0.00507430731057032,0.0825,0.0207449082383071));
#4185=CARTESIAN_POINT('',(-0.0046214583257541,0.0824728530858278,0.0221031970341179));
#4186=CARTESIAN_POINT('',(-0.00461533384620257,0.0821502103193712,0.023535828695983));
#4187=CARTESIAN_POINT('',(-0.00471983452071639,0.0818444173686192,0.0241831522617319));
#4188=CARTESIAN_POINT('',(-0.000309408656381902,0.07742,0.02492));
#4189=CARTESIAN_POINT('',(-0.0239676291622126,0.00819061854692336,-0.02492));
#4190=CARTESIAN_POINT('',(-0.0195549945082493,0.021103,-0.02492));
#4191=CARTESIAN_POINT('',(-0.000309408656381908,0.07742,-0.02492));
#4192=CARTESIAN_POINT('',(-0.0381341214763846,-0.0316427472535738,-0.0243957951031447));
#4193=CARTESIAN_POINT('',(-0.000863377908560097,0.07742,-0.0243957951031447));
#4194=CARTESIAN_POINT('',(-0.000309408656381903,0.07742,-0.02492));
#4195=CARTESIAN_POINT('',(-0.000309408656381903,0.07742,-0.02492));
#4196=CARTESIAN_POINT('',(-0.0220125033813219,0.07742,-0.00438299639015171));
#4197=CARTESIAN_POINT('',(-0.0381341214763846,-0.0316427472535738,-0.0243957951031447));
#4198=CARTESIAN_POINT('',(-0.0201089637604276,0.021103,-0.0243957951031447));
#4199=CARTESIAN_POINT('',(0.0492,0.057,0.0315));
#4200=CARTESIAN_POINT('',(0.0746,0.057,0.0315));
#4201=CARTESIAN_POINT('',(0.0746,0.0575,0.033));
#4202=CARTESIAN_POINT('',(0.0492,0.057,0.0315));
#4203=CARTESIAN_POINT('',(0.0492,0.0575,0.033));
#4204=CARTESIAN_POINT('',(0.0492,0.0575,0.033));
#4205=CARTESIAN_POINT('',(0.0492,0.0525,0.033));
#4206=CARTESIAN_POINT('',(0.0746,0.0525,0.033));
#4207=CARTESIAN_POINT('',(0.0746,0.0475,0.033));
#4208=CARTESIAN_POINT('',(0.0492,0.0525,0.033));
#4209=CARTESIAN_POINT('',(0.0492,0.0475,0.033));
#4210=CARTESIAN_POINT('',(0.0492,0.0475,0.033));
#4211=CARTESIAN_POINT('',(0.0492,0.048,0.0315));
#4212=CARTESIAN_POINT('',(0.0746,0.048,0.0315));
#4213=CARTESIAN_POINT('',(0.0492,0.048,0.0315));
#4214=CARTESIAN_POINT('',(0.0492,0.054,0.));
#4215=CARTESIAN_POINT('',(0.0746,0.054,0.));
#4216=CARTESIAN_POINT('',(0.0492,0.048,-0.0315));
#4217=CARTESIAN_POINT('',(0.0746,0.048,-0.0315));
#4218=CARTESIAN_POINT('',(0.0746,0.0475,-0.033));
#4219=CARTESIAN_POINT('',(0.0492,0.048,-0.0315));
#4220=CARTESIAN_POINT('',(0.0492,0.0475,-0.033));
#4221=CARTESIAN_POINT('',(0.0492,0.0475,-0.033));
#4222=CARTESIAN_POINT('',(0.0492,0.0525,-0.033));
#4223=CARTESIAN_POINT('',(0.0746,0.0525,-0.033));
#4224=CARTESIAN_POINT('',(0.0746,0.0575,-0.033));
#4225=CARTESIAN_POINT('',(0.0492,0.0525,-0.033));
#4226=CARTESIAN_POINT('',(0.0492,0.0575,-0.033));
#4227=CARTESIAN_POINT('',(0.0492,0.0575,-0.033));
#4228=CARTESIAN_POINT('',(0.0492,0.057,-0.0315));
#4229=CARTESIAN_POINT('',(0.0746,0.057,-0.0315));
#4230=CARTESIAN_POINT('',(0.0492,0.057,-0.0315));
#4231=CARTESIAN_POINT('',(0.0492,0.054,0.));
#4232=CARTESIAN_POINT('',(0.0746,0.054,0.));
#4233=CARTESIAN_POINT('',(0.0492,0.084,-0.0045));
#4234=CARTESIAN_POINT('',(0.0746,0.084,-0.0045));
#4235=CARTESIAN_POINT('',(0.0746,0.0855,-0.005));
#4236=CARTESIAN_POINT('',(0.0492,0.084,-0.0045));
#4237=CARTESIAN_POINT('',(0.0492,0.0855,-0.005));
#4238=CARTESIAN_POINT('',(0.0492,0.0855,-0.005));
#4239=CARTESIAN_POINT('',(0.0492,0.0855,0.));
#4240=CARTESIAN_POINT('',(0.0746,0.0855,0.));
#4241=CARTESIAN_POINT('',(0.0746,0.0855,0.005));
#4242=CARTESIAN_POINT('',(0.0492,0.0855,0.));
#4243=CARTESIAN_POINT('',(0.0492,0.0855,0.005));
#4244=CARTESIAN_POINT('',(0.0492,0.0855,0.005));
#4245=CARTESIAN_POINT('',(0.0492,0.084,0.0045));
#4246=CARTESIAN_POINT('',(0.0746,0.084,0.0045));
#4247=CARTESIAN_POINT('',(0.0492,0.084,0.0045));
#4248=CARTESIAN_POINT('',(0.0492,0.054,0.));
#4249=CARTESIAN_POINT('',(0.0746,0.054,0.));
#4250=CARTESIAN_POINT('',(0.09,0.0479,-1.7347234759768E-18));
#4251=CARTESIAN_POINT('',(0.016562,0.00950843084687703,0.));
#4252=CARTESIAN_POINT('',(-0.012,0.0100217241419805,-0.005));
#4253=CARTESIAN_POINT('',(-0.002,0.0100217241419805,-0.005));
#4254=CARTESIAN_POINT('',(-0.022,0.0100217241419805,-0.005));
#4255=CARTESIAN_POINT('',(-0.022,0.0100217241419805,-5.74355378072748E-18));
#4256=CARTESIAN_POINT('',(-0.022,0.0100217241419805,0.005));
#4257=CARTESIAN_POINT('',(-0.012,0.0100217241419805,0.005));
#4258=CARTESIAN_POINT('',(-0.002,0.0100217241419805,0.005));
#4259=CARTESIAN_POINT('',(-0.002,0.0100217241419805,-5.74355378072748E-18));
#4260=CARTESIAN_POINT('',(-0.096,0.0479,-0.008));
#4261=CARTESIAN_POINT('',(-0.092,0.0479,-0.008));
#4262=CARTESIAN_POINT('',(-0.092,0.0479,0.));
#4263=CARTESIAN_POINT('',(-0.092,0.0479,0.008));
#4264=CARTESIAN_POINT('',(-0.096,0.0479,0.008));
#4265=CARTESIAN_POINT('',(-0.089,0.0555,0.0384));
#4266=CARTESIAN_POINT('',(-0.089,0.0285,0.0384));
#4267=CARTESIAN_POINT('',(-0.061,0.0285,0.0384));
#4268=CARTESIAN_POINT('',(-0.033,0.0285,0.0384));
#4269=CARTESIAN_POINT('',(-0.033,0.0555,0.0384));
#4270=CARTESIAN_POINT('',(-0.029,0.0555,-0.03875));
#4271=CARTESIAN_POINT('',(-0.029,0.0285,-0.03875));
#4272=CARTESIAN_POINT('',(-0.059,0.0285,-0.03875));
#4273=CARTESIAN_POINT('',(-0.089,0.0285,-0.03875));
#4274=CARTESIAN_POINT('',(-0.089,0.0555,-0.03875));
#4275=CARTESIAN_POINT('',(-0.084,0.0205,-0.027));
#4276=CARTESIAN_POINT('',(-0.084,0.0205,-0.029));
#4277=CARTESIAN_POINT('',(-0.034,0.0205,-0.027));
#4278=CARTESIAN_POINT('',(-0.034,0.0205,-0.029));
#4279=CARTESIAN_POINT('',(-0.059,0.0205,-0.029));
#4280=CARTESIAN_POINT('',(-0.084,0.0205,0.027));
#4281=CARTESIAN_POINT('',(-0.084,0.0205,0.029));
#4282=CARTESIAN_POINT('',(-0.061,0.0205,0.029));
#4283=CARTESIAN_POINT('',(-0.038,0.0205,0.029));
#4284=CARTESIAN_POINT('',(-0.038,0.0205,0.027));
#4285=CARTESIAN_POINT('',(-0.0234602207005753,0.0207835606262362,-0.0285121024484276));
#4286=CARTESIAN_POINT('',(-0.0231831162164793,0.0225,-0.0282192639710484));
#4287=CARTESIAN_POINT('',(-0.0243949736018756,0.0225,-0.0294999306217452));
#4288=CARTESIAN_POINT('',(-0.0231223841410095,0.0208111949535997,-0.0288228510383986));
#4289=CARTESIAN_POINT('',(-0.0229039102049919,0.0224999999999932,-0.0285334932354616));
#4290=CARTESIAN_POINT('',(-0.0239762726598957,0.0225,-0.0298961350739581));
#4291=CARTESIAN_POINT('',(-0.0227404898766175,0.0208424331095113,-0.0290930276466485));
#4292=CARTESIAN_POINT('',(-0.0225752964108063,0.0224999999999995,-0.0288253187924298));
#4293=CARTESIAN_POINT('',(-0.0235029683838825,0.0225,-0.0302406102494775));
#4294=CARTESIAN_POINT('',(-0.0223272703144285,0.0208762336095751,-0.0293136245481314));
#4295=CARTESIAN_POINT('',(-0.0221986844634584,0.0225,-0.029079492019237));
#4296=CARTESIAN_POINT('',(-0.0229908408031554,0.0225,-0.0305218712988675));
#4297=CARTESIAN_POINT('',(-0.0243949736018756,0.021103,-0.0294999306217453));
#4298=CARTESIAN_POINT('',(-0.0742032775847683,0.021103,0.0176322102854044));
#4299=CARTESIAN_POINT('',(-0.0249489428540537,0.021103,-0.02897572572489));
#4300=CARTESIAN_POINT('',(-0.0256317876057494,0.0206512445052672,-0.0243957951031447));
#4301=CARTESIAN_POINT('',(-0.025,0.0225,-0.0243957951031447));
#4302=CARTESIAN_POINT('',(-0.026953727836236,0.0225,-0.0243957951031447));
#4303=CARTESIAN_POINT('',(-0.0256317876057498,0.0206512445052663,-0.0257257360037333));
#4304=CARTESIAN_POINT('',(-0.0250000000000071,0.0224999999999917,-0.0255509428774681));
#4305=CARTESIAN_POINT('',(-0.0269537278362389,0.0225,-0.0260914697513966));
#4306=CARTESIAN_POINT('',(-0.0250365757868054,0.020699931593116,-0.0270474873225949));
#4307=CARTESIAN_POINT('',(-0.0246274231272542,0.0225000000000156,-0.0266930385730709));
#4308=CARTESIAN_POINT('',(-0.0262160464272343,0.0225,-0.0277767026829425));
#4309=CARTESIAN_POINT('',(-0.0240141899527534,0.0207835606262362,-0.0279878975515724));
#4310=CARTESIAN_POINT('',(-0.0237370854686575,0.0225,-0.0276950590741931));
#4311=CARTESIAN_POINT('',(-0.0249489428540538,0.0225,-0.02897572572489));
#4312=CARTESIAN_POINT('',(-0.0269537278362359,0.021103,-0.0243957951031447));
#4313=CARTESIAN_POINT('',(-0.0269537278362359,0.021103,0.03));
#4314=CARTESIAN_POINT('',(-0.0269537278362359,0.021103,0.01992));
#4315=CARTESIAN_POINT('',(-0.0250182849421243,0.0224464940639615,0.0243957951031447));
#4316=CARTESIAN_POINT('',(-0.0246150300773505,0.0236265103229762,0.0231359443469124));
#4317=CARTESIAN_POINT('',(-0.0263402251726108,0.0239080388695642,0.0234304275318782));
#4318=CARTESIAN_POINT('',(-0.0254072538221012,0.0213082818743059,0.0232052076659596));
#4319=CARTESIAN_POINT('',(-0.0248861064564228,0.0228332786407097,0.0221505101754845));
#4320=CARTESIAN_POINT('',(-0.0267291940525796,0.0230153234266952,0.0224966334634956));
#4321=CARTESIAN_POINT('',(-0.0256317876057491,0.0206512445052681,0.0215671264179016));
#4322=CARTESIAN_POINT('',(-0.0249999999999823,0.02249999999999,0.0210420751679182));
#4323=CARTESIAN_POINT('',(-0.0269537278362331,0.0225,0.0212118638571767));
#4324=CARTESIAN_POINT('',(-0.0256317876057494,0.0206512445052672,0.01992));
#4325=CARTESIAN_POINT('',(-0.025,0.0225,0.01992));
#4326=CARTESIAN_POINT('',(-0.0269537278362359,0.0225,0.01992));
#4327=CARTESIAN_POINT('',(-0.0263402251726108,0.0228982495586943,0.0243957951031447));
#4328=CARTESIAN_POINT('',(-0.0231481353511666,0.0271503482361464,0.0259653675712665));
#4329=CARTESIAN_POINT('',(-0.0234449003130305,0.027251763715511,0.025));
#4330=CARTESIAN_POINT('',(-0.024405394993517,0.02758,0.025));
#4331=CARTESIAN_POINT('',(-0.0234518347411228,0.0262616541430853,0.0259653675671231));
#4332=CARTESIAN_POINT('',(-0.0237221034876767,0.0264865890207445,0.0249542256189867));
#4333=CARTESIAN_POINT('',(-0.0247090943837851,0.0268829850251417,0.025));
#4334=CARTESIAN_POINT('',(-0.0241432472409464,0.0245521250199533,0.0256841337858984));
#4335=CARTESIAN_POINT('',(-0.0243437635313633,0.0249594894512758,0.0244869194904852));
#4336=CARTESIAN_POINT('',(-0.0254269050168172,0.0255492533307729,0.0247187662111769));
#4337=CARTESIAN_POINT('',(-0.0248021174088626,0.0230790498647775,0.0249147465337952));
#4338=CARTESIAN_POINT('',(-0.024628036427025,0.0239615673782991,0.0235645330411553));
#4339=CARTESIAN_POINT('',(-0.0261240576270485,0.0244041610600948,0.0239493789652954));
#4340=CARTESIAN_POINT('',(-0.0250182849421243,0.0224464940639615,0.0243957951031447));
#4341=CARTESIAN_POINT('',(-0.0246150300773505,0.0236265103229762,0.0231359443469124));
#4342=CARTESIAN_POINT('',(-0.0263402251726108,0.0239080388695642,0.0234304275318782));
#4343=CARTESIAN_POINT('',(-0.024405394993517,0.02758,0.026397));
#4344=CARTESIAN_POINT('',(-0.0439632343636457,-0.0296507254393434,0.026397));
#4345=CARTESIAN_POINT('',(-0.00737323776111692,0.07742,0.026397));
#4346=CARTESIAN_POINT('',(-0.00478627579803976,0.0816499949465729,0.0243957951031447));
#4347=CARTESIAN_POINT('',(-0.00503672980865476,0.0809171090461712,0.023613325498341));
#4348=CARTESIAN_POINT('',(-0.00610821602852627,0.0810919611304358,0.0234304275318782));
#4349=CARTESIAN_POINT('',(-0.00499442535591529,0.0810409015814188,0.0248954978626925));
#4350=CARTESIAN_POINT('',(-0.0052738927419356,0.0804575639894379,0.0240449338005515));
#4351=CARTESIAN_POINT('',(-0.00631636557592662,0.0806142408424217,0.0239301302925474));
#4352=CARTESIAN_POINT('',(-0.005340347158072,0.079573409797073,0.0256941900343376));
#4353=CARTESIAN_POINT('',(-0.00567379595659511,0.0793063659793889,0.0248039081771662));
#4354=CARTESIAN_POINT('',(-0.00662397841806223,0.0794529989880898,0.02472882246284));
#4355=CARTESIAN_POINT('',(-0.00582314697525239,0.0778472393499566,0.0259653675719259));
#4356=CARTESIAN_POINT('',(-0.00615379294386041,0.0778065538418585,0.0250427602649002));
#4357=CARTESIAN_POINT('',(-0.00708040661751924,0.0780920714617823,0.025));
#4358=CARTESIAN_POINT('',(-0.0061159781187665,0.0769903482361464,0.0259653675712665));
#4359=CARTESIAN_POINT('',(-0.00641274308063047,0.077091763715511,0.025));
#4360=CARTESIAN_POINT('',(-0.00737323776111692,0.07742,0.025));
#4361=CARTESIAN_POINT('',(-0.00610821602852627,0.0821017504413057,0.0243957951031447));
#4362=CARTESIAN_POINT('',(-0.00417277313441458,0.0834452445052672,0.01992));
#4363=CARTESIAN_POINT('',(-0.00449579787431775,0.0825,0.01992));
#4364=CARTESIAN_POINT('',(-0.0054947133649011,0.0825,0.01992));
#4365=CARTESIAN_POINT('',(-0.00417277313441823,0.0834452445052565,0.0215671264179024));
#4366=CARTESIAN_POINT('',(-0.00449579787432409,0.0824999999999716,0.0212986745926381));
#4367=CARTESIAN_POINT('',(-0.00549471336490039,0.0825,0.0212118638571773));
#4368=CARTESIAN_POINT('',(-0.00439730691806851,0.082788207136212,0.0232052076659575));
#4369=CARTESIAN_POINT('',(-0.00470475979754959,0.0818885294673868,0.0226882260522957));
#4370=CARTESIAN_POINT('',(-0.00571924714855188,0.0819846765732877,0.0224966334635136));
#4371=CARTESIAN_POINT('',(-0.00478627579803976,0.0816499949465729,0.0243957951031447));
#4372=CARTESIAN_POINT('',(-0.00503672980865476,0.0809171090461711,0.023613325498341));
#4373=CARTESIAN_POINT('',(-0.00610821602852627,0.0810919611304358,0.0234304275318782));
#4374=MECHANICAL_DESIGN_GEOMETRIC_PRESENTATION_REPRESENTATION('',(#2577),
#4375);
#4375=(
GEOMETRIC_REPRESENTATION_CONTEXT(3)
GLOBAL_UNCERTAINTY_ASSIGNED_CONTEXT((#4376))
GLOBAL_UNIT_ASSIGNED_CONTEXT((#4379,#4378,#4377))
REPRESENTATION_CONTEXT('Part 1','TOP_LEVEL_ASSEMBLY_PART')
);
#4376=UNCERTAINTY_MEASURE_WITH_UNIT(LENGTH_MEASURE(2.E-5),#4379,
'DISTANCE_ACCURACY_VALUE','Maximum Tolerance applied to model');
#4377=(
NAMED_UNIT(*)
SI_UNIT($,.STERADIAN.)
SOLID_ANGLE_UNIT()
);
#4378=(
NAMED_UNIT(*)
PLANE_ANGLE_UNIT()
SI_UNIT($,.RADIAN.)
);
#4379=(
LENGTH_UNIT()
NAMED_UNIT(*)
SI_UNIT($,.METRE.)
);
#4380=PRODUCT_DEFINITION_SHAPE('','',#4381);
#4381=PRODUCT_DEFINITION('','',#4383,#4382);
#4382=PRODUCT_DEFINITION_CONTEXT('',#4389,'design');
#4383=PRODUCT_DEFINITION_FORMATION_WITH_SPECIFIED_SOURCE('','',#4385,
 .NOT_KNOWN.);
#4384=PRODUCT_RELATED_PRODUCT_CATEGORY('','',(#4385));
#4385=PRODUCT('Part 1','Part 1','Part 1',(#4387));
#4386=PRODUCT_CATEGORY('','');
#4387=PRODUCT_CONTEXT('',#4389,'mechanical');
#4388=APPLICATION_PROTOCOL_DEFINITION('international standard',
'ap242_managed_model_based_3d_engineering',2020,#4389);
#4389=APPLICATION_CONTEXT('managed model based 3d engineering');
ENDSEC;
END-ISO-10303-21;
